{"type": "FeatureCollection", "metadata": {"generator": "uz-geo-boundaries v4", "generated_at": "2026-04-17T12:19:24.687606+00:00", "source": "OpenStreetMap", "license": "ODbL 1.0 — https://www.openstreetmap.org/copyright", "attribution": "© OpenStreetMap contributors", "count": 212}, "features": [{"type": "Feature", "properties": {"name_uz": "Toshkent", "name_en": "Tashkent", "name_ru": "Ташкент", "osm_name": "Toshkent shahri", "osm_id": 2216724, "osm_type": "relation", "place": "city", "admin_level": "4", "source": "overpass", "bbox": [69.121797, 41.157733, 69.525908, 41.422495]}, "geometry": {"type": "MultiPolygon", "coordinates": [[[[69.121797, 41.2662613], [69.1223189, 41.2660728], [69.1225818, 41.2660718], [69.1226142, 41.2664615], [69.1228633, 41.2668624], [69.1231496, 41.2671396], [69.1236176, 41.2672685], [69.124105, 41.2672593], [69.1251785, 41.2668491], [69.1259541, 41.2672118], [69.1263201, 41.2674066], [69.1283839, 41.2681343], [69.1302185, 41.2686322], [69.1314924, 41.2689961], [69.1318693, 41.2692975], [69.1326669, 41.2701119], [69.1336582, 41.271026], [69.1347283, 41.2718686], [69.1352583, 41.2723168], [69.1361042, 41.2726155], [69.1371224, 41.2730757], [69.1374291, 41.2734198], [69.1388914, 41.2745603], [69.1398828, 41.2752466], [69.1404072, 41.275868], [69.1407632, 41.2764746], [69.1409328, 41.2769648], [69.1408786, 41.27732], [69.14087, 41.2776361], [69.141016, 41.2778554], [69.141385, 41.2778232], [69.1418828, 41.2779586], [69.1431617, 41.2786488], [69.1435995, 41.279081], [69.1442518, 41.2797969], [69.1448183, 41.2804807], [69.1452903, 41.2805774], [69.1455715, 41.2807164], [69.1457624, 41.2809193], [69.1465349, 41.281216], [69.146952, 41.2812192], [69.1475493, 41.2809564], [69.1474933, 41.2806375], [69.1470007, 41.2791644], [69.1466975, 41.2782225], [69.1465678, 41.2777283], [69.1465522, 41.2776362], [69.1465116, 41.2773296], [69.1464565, 41.276576], [69.1464603, 41.2761385], [69.146517, 41.2751069], [69.1466095, 41.2734291], [69.1466183, 41.2732187], [69.1466383, 41.2728467], [69.1466446, 41.2727395], [69.1466634, 41.2724202], [69.1466708, 41.2722927], [69.1466834, 41.2720761], [69.1467942, 41.2698553], [69.1467975, 41.2697813], [69.1468988, 41.2680697], [69.1469272, 41.2675486], [69.1469964, 41.2662736], [69.1470669, 41.2651336], [69.1470969, 41.2648501], [69.1471462, 41.2645665], [69.147224, 41.2641899], [69.1472851, 41.2639589], [69.1473605, 41.2637319], [69.1474353, 41.2635029], [69.1475167, 41.2632739], [69.1476985, 41.2628415], [69.1478847, 41.2624676], [69.1481161, 41.2620576], [69.1483773, 41.2616569], [69.1485725, 41.2613908], [69.1487656, 41.2611378], [69.1488305, 41.2610574], [69.1488948, 41.2609777], [69.148975, 41.2608889], [69.1489924, 41.2608702], [69.1492539, 41.2605891], [69.1493449, 41.2604912], [69.1495893, 41.2602284], [69.1498178, 41.2600223], [69.1500094, 41.2598495], [69.1504709, 41.2594744], [69.1515789, 41.2586486], [69.1522313, 41.2581636], [69.1529, 41.2576665], [69.1537815, 41.2570376], [69.1538524, 41.2569832], [69.1552559, 41.2560388], [69.1565467, 41.2552543], [69.1565848, 41.2552333], [69.1567054, 41.2551666], [69.1569143, 41.2550513], [69.1570457, 41.2549787], [69.1573312, 41.254821], [69.1574207, 41.2547715], [69.1575552, 41.2546972], [69.1580462, 41.2544132], [69.1598463, 41.253344], [69.1606435, 41.2528402], [69.1608812, 41.2526842], [69.1614037, 41.2523111], [69.1620063, 41.2517988], [69.1625513, 41.2512663], [69.1630817, 41.2507081], [69.1633383, 41.2504095], [69.1634863, 41.2502056], [69.1637086, 41.2498379], [69.1639074, 41.249484], [69.1641952, 41.2489415], [69.1642559, 41.2488015], [69.1644157, 41.2483523], [69.1652939, 41.2457157], [69.1667878, 41.2411587], [69.1670716, 41.2403082], [69.1667892, 41.2398413], [69.1667891, 41.2398411], [69.1666992, 41.2396329], [69.1666802, 41.2395997], [69.1666602, 41.239568], [69.1666359, 41.2395342], [69.1666105, 41.2395015], [69.1665727, 41.2394537], [69.1665351, 41.23941], [69.1664854, 41.2393576], [69.1664403, 41.2393127], [69.1660415, 41.2389373], [69.1659766, 41.2388691], [69.1659168, 41.2387998], [69.1658591, 41.2387241], [69.1658058, 41.2386495], [69.165764, 41.2385695], [69.1657268, 41.2384899], [69.1656971, 41.2383977], [69.1656759, 41.2383084], [69.1656618, 41.2382307], [69.1656503, 41.2381533], [69.1656397, 41.2380115], [69.165633, 41.2379208], [69.1655945, 41.237369], [69.1655609, 41.2369817], [69.1655354, 41.2368843], [69.1655023, 41.2367904], [69.1654627, 41.2366995], [69.1654154, 41.2366133], [69.1664526, 41.2355044], [69.16675, 41.2354203], [69.1669293, 41.2353778], [69.167467, 41.2352878], [69.1679155, 41.2352103], [69.1681328, 41.235174], [69.1683474, 41.2351094], [69.1684813, 41.2350569], [69.1685353, 41.2350293], [69.1685804, 41.2350062], [69.1688436, 41.2348614], [69.1691615, 41.2346307], [69.1693537, 41.2345298], [69.1699795, 41.2337639], [69.1706121, 41.2329954], [69.1707133, 41.2328716], [69.1707936, 41.2327733], [69.1713918, 41.2320424], [69.1720487, 41.2312397], [69.1723715, 41.2308401], [69.1725314, 41.2306434], [69.1726674, 41.230476], [69.1735919, 41.2291886], [69.1741075, 41.2283225], [69.173831, 41.2271001], [69.1728948, 41.2267414], [69.1722106, 41.2263642], [69.1722811, 41.2262485], [69.1719435, 41.2260365], [69.1725447, 41.2254618], [69.171904, 41.2251036], [69.1722687, 41.2249673], [69.1731253, 41.2239901], [69.1742926, 41.2227378], [69.174465, 41.2225657], [69.1740434, 41.2217616], [69.1739458, 41.2216698], [69.1754992, 41.2213263], [69.1745567, 41.2188075], [69.1746634, 41.2187404], [69.1747524, 41.2186843], [69.1763915, 41.2176526], [69.1777939, 41.2190605], [69.1797026, 41.218065], [69.1806015, 41.2190671], [69.1837288, 41.2169454], [69.1838208, 41.2168158], [69.1837934, 41.2166391], [69.1815358, 41.2145475], [69.1848919, 41.2122173], [69.1851327, 41.2119688], [69.1853031, 41.2117335], [69.1853346, 41.2115351], [69.1852372, 41.2103696], [69.1832578, 41.2083074], [69.1832256, 41.2073074], [69.1830915, 41.207024], [69.1823834, 41.2067011], [69.1828662, 41.2059464], [69.1855645, 41.2049929], [69.1858545, 41.2048552], [69.1854465, 41.2038759], [69.1850871, 41.2027136], [69.1849529, 41.2018377], [69.1849798, 41.2006793], [69.1852594, 41.198596], [69.1863911, 41.1962029], [69.1876572, 41.1946882], [69.1896737, 41.1924685], [69.1930164, 41.1887653], [69.1989976, 41.1820525], [69.2000336, 41.1808868], [69.2010123, 41.1798114], [69.2018811, 41.1788654], [69.2029596, 41.1778384], [69.2040681, 41.1769605], [69.204902, 41.1763778], [69.2054891, 41.1760031], [69.2061792, 41.1755999], [69.2070777, 41.1751293], [69.2076291, 41.1748738], [69.2079764, 41.1747184], [69.2089219, 41.1743813], [69.2097968, 41.1740816], [69.2116621, 41.173478], [69.2221675, 41.1701743], [69.2285517, 41.168134], [69.2309414, 41.1672882], [69.2309561, 41.1672681], [69.2309725, 41.1672485], [69.2309921, 41.1672292], [69.2310131, 41.1672113], [69.2310406, 41.1671967], [69.231069, 41.1671837], [69.2310994, 41.1671713], [69.2311305, 41.1671602], [69.2314547, 41.1670957], [69.2345926, 41.1663725], [69.2382863, 41.1656768], [69.2467953, 41.1659344], [69.256678, 41.1647801], [69.2570335, 41.1647287], [69.2571445, 41.1647288], [69.2572313, 41.1647561], [69.2572868, 41.1648039], [69.2573796, 41.1649256], [69.2577224, 41.1648868], [69.2587612, 41.1647742], [69.2587838, 41.1646904], [69.258833, 41.1646163], [69.2589098, 41.1645547], [69.2590339, 41.1645051], [69.2591951, 41.1644723], [69.2616325, 41.1643164], [69.2629624, 41.1641949], [69.2633509, 41.1642865], [69.2689179, 41.1636784], [69.2690216, 41.1636117], [69.2702581, 41.1635784], [69.2714508, 41.1635518], [69.2729443, 41.1635843], [69.2744245, 41.1636972], [69.2748735, 41.1637495], [69.2755624, 41.1638532], [69.2768271, 41.1640787], [69.2776895, 41.1642643], [69.2786573, 41.1645398], [69.2795394, 41.1648495], [69.281119, 41.1654519], [69.2824696, 41.1661203], [69.2867827, 41.1688275], [69.2873847, 41.1684026], [69.2884904, 41.1690759], [69.2886364, 41.1692598], [69.2913824, 41.1691128], [69.2977318, 41.1688271], [69.3003544, 41.1687009], [69.3081236, 41.168315], [69.3105096, 41.1683076], [69.3223457, 41.1677472], [69.3278359, 41.1654986], [69.3322112, 41.1638719], [69.3354727, 41.1626584], [69.3611114, 41.1618049], [69.3653525, 41.1616727], [69.3781083, 41.161276], [69.3815103, 41.1611732], [69.3886722, 41.160935], [69.4007955, 41.1604181], [69.4032549, 41.1602758], [69.4103874, 41.1600981], [69.4127992, 41.1600432], [69.4210338, 41.1597541], [69.4214298, 41.1598498], [69.4255906, 41.1597038], [69.4258335, 41.1596647], [69.4292425, 41.1577334], [69.4306107, 41.1583651], [69.4349784, 41.1602209], [69.4394349, 41.1618242], [69.443743, 41.1628593], [69.4448148, 41.1627689], [69.4473984, 41.1627164], [69.4523845, 41.1627405], [69.4525261, 41.1629828], [69.4527836, 41.1632445], [69.4536805, 41.1631605], [69.4541869, 41.1633059], [69.4543908, 41.1636896], [69.4541676, 41.1648591], [69.4544251, 41.1658025], [69.455086, 41.1664551], [69.4564421, 41.1670237], [69.4601071, 41.167644], [69.4606907, 41.1679477], [69.4607852, 41.1690331], [69.4613345, 41.1695112], [69.4619267, 41.1697697], [69.4627764, 41.169718], [69.4645771, 41.1688677], [69.4660154, 41.1691064], [69.466627, 41.1696009], [69.4688095, 41.1687721], [69.4705611, 41.1702648], [69.4744407, 41.1730688], [69.4774276, 41.1756401], [69.4795562, 41.1788315], [69.4811355, 41.1807824], [69.4827671, 41.1858015], [69.4830445, 41.1863129], [69.4840582, 41.1875616], [69.4855076, 41.1893534], [69.4871048, 41.1910524], [69.494694, 41.1987712], [69.5049593, 41.2105433], [69.505234, 41.2110405], [69.5052855, 41.2116733], [69.5052769, 41.2139073], [69.5053885, 41.2144239], [69.5076146, 41.2213871], [69.5088208, 41.22528], [69.5082262, 41.2298668], [69.5080903, 41.2312935], [69.5081561, 41.2325429], [69.508405, 41.2349505], [69.5086453, 41.23892], [69.5089368, 41.2427674], [69.5089883, 41.2432449], [69.5093917, 41.244426], [69.5121685, 41.2520603], [69.5136704, 41.2560262], [69.5138721, 41.2564306], [69.514044, 41.2568013], [69.5162602, 41.2607432], [69.5201008, 41.2674887], [69.5205118, 41.2685951], [69.5216424, 41.2721427], [69.523228, 41.2787094], [69.5242869, 41.2830882], [69.5246267, 41.284769], [69.5248702, 41.287203], [69.5249778, 41.2891815], [69.5246606, 41.2905814], [69.5245272, 41.2912697], [69.524486, 41.2925322], [69.5243555, 41.2934238], [69.523915, 41.2950054], [69.5238284, 41.2957812], [69.523921, 41.2965412], [69.5240877, 41.2970398], [69.5258587, 41.3007986], [69.525908, 41.3012282], [69.5256893, 41.3028042], [69.5241418, 41.3027737], [69.5204067, 41.3029575], [69.5187806, 41.3053849], [69.5113244, 41.3063938], [69.5058388, 41.3074531], [69.4996378, 41.3081876], [69.4916456, 41.3128716], [69.4822323, 41.3151091], [69.4726307, 41.3160066], [69.4717868, 41.3160998], [69.4692838, 41.3164485], [69.4598866, 41.3178042], [69.4594562, 41.3178691], [69.4555801, 41.318792], [69.4530064, 41.3195447], [69.4496262, 41.3208243], [69.4521081, 41.3222183], [69.4542681, 41.3240516], [69.4563916, 41.3261823], [69.4578175, 41.3282794], [69.4637852, 41.3313573], [69.4682245, 41.3349578], [69.4715807, 41.3380837], [69.4740156, 41.3449011], [69.4771427, 41.3470392], [69.4742424, 41.3491247], [69.4699157, 41.3473807], [69.4614677, 41.3456256], [69.4573023, 41.345197], [69.4404484, 41.3448051], [69.4078855, 41.3422233], [69.4097079, 41.3441863], [69.4106397, 41.3462745], [69.4111508, 41.3477653], [69.4116074, 41.3502271], [69.4112456, 41.3526193], [69.4108014, 41.3556639], [69.4095181, 41.357726], [69.4088012, 41.358053], [69.4071198, 41.3610488], [69.4066697, 41.3618446], [69.4061888, 41.3618932], [69.4059884, 41.361897], [69.4054305, 41.362356], [69.4047372, 41.3636332], [69.4046008, 41.3637666], [69.4043959, 41.3638331], [69.4015956, 41.3630185], [69.4010391, 41.3648116], [69.4010103, 41.3649045], [69.4006026, 41.3647636], [69.4004524, 41.3650575], [69.3997711, 41.3647958], [69.3988645, 41.3659916], [69.3958926, 41.3643208], [69.3954307, 41.3648603], [69.3948215, 41.3652411], [69.3944059, 41.3654315], [69.393722, 41.3656059], [69.3928386, 41.3659118], [69.3921318, 41.3661273], [69.391537, 41.3662479], [69.3909943, 41.3662209], [69.3892534, 41.3657977], [69.3860263, 41.3646835], [69.3836886, 41.3637695], [69.3797973, 41.3624884], [69.3773995, 41.3616332], [69.3754199, 41.3613372], [69.3742075, 41.3613848], [69.3730136, 41.3615158], [69.3698536, 41.3619466], [69.3647927, 41.3625606], [69.3642518, 41.3625566], [69.3637518, 41.3625033], [69.3632466, 41.3623802], [69.3627333, 41.3622018], [69.3621621, 41.3618519], [69.3619134, 41.3616585], [69.3616647, 41.3614343], [69.3590731, 41.3582304], [69.3576715, 41.3566467], [69.3567595, 41.3557938], [69.3564674, 41.3556245], [69.3561288, 41.3554613], [69.3558619, 41.3553306], [69.3555148, 41.3551959], [69.355198, 41.3550886], [69.3548217, 41.3549704], [69.3543659, 41.3548568], [69.3539587, 41.3547614], [69.3536007, 41.3547175], [69.3532294, 41.3546715], [69.3529052, 41.354649], [69.3524579, 41.3546303], [69.3519624, 41.3546253], [69.3513328, 41.354664], [69.3507771, 41.3547431], [69.3503803, 41.3548136], [69.3498973, 41.3549216], [69.3492763, 41.3550833], [69.3475842, 41.355616], [69.3471548, 41.3557307], [69.346766, 41.3558229], [69.3463433, 41.3559048], [69.34596, 41.3559601], [69.3455161, 41.3560098], [69.3450815, 41.3560354], [69.3446319, 41.3560333], [69.3442564, 41.3560195], [69.3440566, 41.3560122], [69.3382848, 41.3595535], [69.3358251, 41.3614324], [69.3356287, 41.3615509], [69.3349268, 41.3620876], [69.3309359, 41.3651396], [69.3264664, 41.3685574], [69.3250626, 41.3696722], [69.3245942, 41.3701411], [69.3241473, 41.3707698], [69.3229116, 41.3734177], [69.3194419, 41.3814303], [69.3189642, 41.3827204], [69.3183583, 41.3835131], [69.3179288, 41.3838734], [69.3177023, 41.3840612], [69.3173012, 41.38429], [69.3166793, 41.3845694], [69.315796, 41.3848955], [69.314979, 41.3849996], [69.3117103, 41.3851373], [69.308025, 41.3847826], [69.3050595, 41.3845133], [69.3028365, 41.3841505], [69.3018346, 41.3840226], [69.3005906, 41.3839478], [69.2974286, 41.3838657], [69.2910825, 41.3837852], [69.2906137, 41.3837792], [69.2905662, 41.3837805], [69.2901715, 41.3837912], [69.2898977, 41.3836712], [69.2881864, 41.3836405], [69.2865978, 41.3836768], [69.2850918, 41.3838007], [69.2835382, 41.384199], [69.2823391, 41.3845866], [69.2809854, 41.38521], [69.2795378, 41.3861266], [69.2780614, 41.387115], [69.2773943, 41.3875598], [69.2650622, 41.3954538], [69.2639741, 41.3960844], [69.2617782, 41.397128], [69.2591671, 41.3976725], [69.2577317, 41.3978629], [69.2562682, 41.3979357], [69.2389592, 41.3986376], [69.2358792, 41.3984767], [69.2341585, 41.3981019], [69.2324639, 41.3976874], [69.2293563, 41.3959701], [69.2279847, 41.3950889], [69.2224993, 41.3916919], [69.2157384, 41.387375], [69.2137076, 41.3869809], [69.2117204, 41.3869713], [69.2112725, 41.3866881], [69.2113284, 41.3860028], [69.2104639, 41.3839993], [69.185009, 41.3681195], [69.1827403, 41.3667035], [69.1743614, 41.3615725], [69.1688848, 41.356836], [69.1667014, 41.3537556], [69.1657014, 41.3510905], [69.1650537, 41.3484487], [69.1650419, 41.3483689], [69.1645668, 41.3462456], [69.1645713, 41.3451852], [69.1643679, 41.3423686], [69.1641707, 41.3385855], [69.1639942, 41.3369223], [69.1635796, 41.3354281], [69.1627123, 41.333327], [69.1615144, 41.3314945], [69.1608304, 41.330294], [69.1599328, 41.328373], [69.1598578, 41.3282047], [69.1593707, 41.3285256], [69.1592361, 41.3284549], [69.1588373, 41.328472], [69.1586063, 41.3283416], [69.1584127, 41.3282537], [69.1581313, 41.3282387], [69.1579756, 41.3282406], [69.1578389, 41.3282362], [69.1577169, 41.3281832], [69.1576615, 41.3281151], [69.1574786, 41.3279186], [69.1573583, 41.3278094], [69.1572472, 41.327701], [69.1570452, 41.3274393], [69.1568224, 41.3273128], [69.1566401, 41.3272424], [69.1563915, 41.3272462], [69.1561668, 41.3272641], [69.1559379, 41.327261], [69.1556479, 41.3273605], [69.1554463, 41.3274018], [69.1552186, 41.3274737], [69.1550523, 41.3274123], [69.154995, 41.3273593], [69.1548638, 41.3272316], [69.1547981, 41.3270679], [69.1547374, 41.3269469], [69.1546507, 41.3268406], [69.1545852, 41.326706], [69.1544949, 41.3266039], [69.1544782, 41.3265199], [69.1544928, 41.3264384], [69.1545132, 41.3263078], [69.1546177, 41.3262105], [69.1547427, 41.3259965], [69.1546581, 41.3259128], [69.1544621, 41.3258403], [69.1543756, 41.3257636], [69.1541801, 41.3256244], [69.1540862, 41.3255295], [69.1540421, 41.3254441], [69.1538624, 41.3253855], [69.1536245, 41.3253118], [69.153562, 41.3252824], [69.1535448, 41.3251857], [69.1537422, 41.324915], [69.153968, 41.324659], [69.1540142, 41.3245485], [69.154016, 41.3244566], [69.1539226, 41.3242301], [69.1539156, 41.3241225], [69.1538986, 41.3240425], [69.1536478, 41.323716], [69.1536049, 41.3233809], [69.1538109, 41.3231617], [69.1543516, 41.3228265], [69.1545124, 41.3226387], [69.1546126, 41.322423], [69.1546, 41.3223512], [69.1545559, 41.3223134], [69.1544546, 41.3222142], [69.1543238, 41.3219324], [69.1542882, 41.3215902], [69.1540143, 41.3214467], [69.1537396, 41.321322], [69.1536453, 41.3212735], [69.1534794, 41.3211666], [69.153424, 41.3209933], [69.1527404, 41.3204544], [69.1525679, 41.3203594], [69.1522831, 41.3199774], [69.15209, 41.31975], [69.151914, 41.3194552], [69.1518984, 41.3192616], [69.1518029, 41.3189541], [69.1515403, 41.318677], [69.1511428, 41.3181181], [69.1506461, 41.3173782], [69.1503517, 41.3169261], [69.1501102, 41.3164267], [69.149827, 41.3161361], [69.1497683, 41.3158646], [69.1497374, 41.3156604], [69.1495433, 41.315465], [69.1492705, 41.3153553], [69.1490534, 41.3152429], [69.1488475, 41.3150691], [69.1485096, 41.314776], [69.1483298, 41.3145468], [69.1483379, 41.3141522], [69.1483362, 41.3139252], [69.1482901, 41.313824], [69.1482574, 41.3137654], [69.1481651, 41.3136994], [69.148089, 41.313688], [69.1479189, 41.3134375], [69.1478495, 41.3133648], [69.1477769, 41.3132969], [69.1476707, 41.3132261], [69.1476407, 41.3131811], [69.1475397, 41.3131207], [69.1474742, 41.3131382], [69.1474673, 41.3131896], [69.147412, 41.3132261], [69.147277, 41.3132391], [69.1471191, 41.3135978], [69.1469846, 41.3137265], [69.1467353, 41.3137398], [69.14663, 41.3136644], [69.146587, 41.3135462], [69.1466385, 41.3133979], [69.1469046, 41.3131852], [69.147059, 41.3129918], [69.1474024, 41.3124115], [69.1475054, 41.3120634], [69.1475052, 41.3118906], [69.1476191, 41.3117864], [69.1477199, 41.3117346], [69.1479289, 41.3117765], [69.1480514, 41.311766], [69.1480976, 41.3117024], [69.1481491, 41.311625], [69.1480804, 41.3113542], [69.1479431, 41.3112769], [69.1476255, 41.3111608], [69.1474024, 41.3108191], [69.1472908, 41.3103485], [69.1473251, 41.3100777], [69.1475776, 41.3099485], [69.1477149, 41.3099509], [69.1478844, 41.3099672], [69.1480511, 41.3099608], [69.1482841, 41.3099692], [69.1483937, 41.3099368], [69.1484689, 41.3098321], [69.1484562, 41.309631], [69.148501, 41.309375], [69.1486641, 41.3091493], [69.1487327, 41.3088785], [69.1489731, 41.3084917], [69.1490932, 41.3081564], [69.1488904, 41.3075834], [69.1489091, 41.3073814], [69.1489323, 41.3071512], [69.1488836, 41.3070859], [69.148792, 41.3070287], [69.148729, 41.306931], [69.1486928, 41.3068333], [69.1486752, 41.3067053], [69.1486951, 41.3065732], [69.1487817, 41.3062328], [69.1487502, 41.3059225], [69.1487131, 41.3056926], [69.148683, 41.3055774], [69.1485044, 41.3051132], [69.1479259, 41.3043008], [69.1475826, 41.3040558], [69.1472393, 41.3038752], [69.1468016, 41.3038881], [69.1465011, 41.3037979], [69.1460892, 41.303166], [69.1459776, 41.3030241], [69.1458059, 41.3029081], [69.1455055, 41.3028371], [69.1453253, 41.3027662], [69.1449516, 41.302164], [69.1448532, 41.3020054], [69.1446815, 41.3017346], [69.1447245, 41.3014444], [69.1449562, 41.3011542], [69.1449819, 41.3009737], [69.1449047, 41.3006384], [69.1443468, 41.3002837], [69.1439744, 41.3001826], [69.1437493, 41.300185], [69.1433769, 41.300155], [69.1431932, 41.3000933], [69.1430389, 41.2999676], [69.1429039, 41.2998409], [69.1428699, 41.2996666], [69.142922, 41.29951], [69.1430508, 41.2992585], [69.1430006, 41.2990206], [69.1428912, 41.2988008], [69.1427074, 41.2986957], [69.1424987, 41.2986265], [69.142233, 41.2984434], [69.141995, 41.298287], [69.1418466, 41.2980552], [69.1417491, 41.297782], [69.1415677, 41.2974911], [69.1415315, 41.2973369], [69.1414098, 41.2971313], [69.1412975, 41.2970364], [69.1412484, 41.2969626], [69.1412102, 41.2968507], [69.1411256, 41.2967596], [69.1410128, 41.2967126], [69.1409326, 41.2966674], [69.1408541, 41.2966514], [69.14039, 41.2966533], [69.1402012, 41.2965437], [69.140081, 41.296389], [69.1401583, 41.2961762], [69.1402012, 41.2960149], [69.1401888, 41.2959484], [69.1401411, 41.295886], [69.1399608, 41.2958086], [69.139874, 41.2957632], [69.1398056, 41.2956746], [69.1397116, 41.295452], [69.1395793, 41.2953401], [69.1394354, 41.2952329], [69.1392933, 41.2951635], [69.1391512, 41.2951252], [69.1386214, 41.2950145], [69.1384523, 41.2949271], [69.1383864, 41.2947101], [69.1383865, 41.2944788], [69.1385004, 41.2943015], [69.1386886, 41.2941065], [69.1387688, 41.2939285], [69.1387247, 41.2937518], [69.1386003, 41.2934994], [69.1385064, 41.2931337], [69.1384277, 41.2926807], [69.1382603, 41.2924097], [69.1374566, 41.2919678], [69.1369211, 41.2916913], [69.1367528, 41.2915402], [69.1366834, 41.2914181], [69.1364957, 41.2911806], [69.136204, 41.2909202], [69.1360493, 41.2908367], [69.135801, 41.2908468], [69.1355304, 41.2908516], [69.1352126, 41.2907733], [69.1350673, 41.2906724], [69.1350041, 41.2904773], [69.1348885, 41.2901764], [69.1345587, 41.2899634], [69.1342041, 41.2898639], [69.1339817, 41.2898442], [69.1337656, 41.2897714], [69.1337212, 41.2896652], [69.1337561, 41.2895318], [69.1338805, 41.2893679], [69.1340701, 41.2891611], [69.1341103, 41.289077], [69.1341156, 41.2889834], [69.1340645, 41.2888337], [69.1339858, 41.2887487], [69.1338804, 41.2886978], [69.1337191, 41.2886683], [69.1335357, 41.2886804], [69.133377, 41.2886802], [69.1332051, 41.2886341], [69.1328664, 41.2884609], [69.1324053, 41.2881882], [69.1321243, 41.2880034], [69.131998, 41.2877667], [69.1319242, 41.2876164], [69.1319463, 41.2874319], [69.1324192, 41.2868964], [69.1327441, 41.2864805], [69.1331122, 41.2860264], [69.1335051, 41.2855496], [69.1339812, 41.2849682], [69.1344094, 41.2844903], [69.1347114, 41.2843512], [69.1349348, 41.284118], [69.134962, 41.2838311], [69.1348991, 41.2835393], [69.1345484, 41.2832319], [69.1343782, 41.2828992], [69.1342655, 41.2826614], [69.1342406, 41.2824438], [69.1344069, 41.2820872], [69.1343031, 41.2816911], [69.1342382, 41.2813824], [69.134056, 41.2811137], [69.133752, 41.2808959], [69.1333897, 41.2807634], [69.1330793, 41.2805131], [69.132917, 41.2802664], [69.1329524, 41.2800651], [69.1333229, 41.2793473], [69.1334568, 41.2791321], [69.1334867, 41.279003], [69.1334581, 41.2789222], [69.1333568, 41.2788698], [69.1332393, 41.2788421], [69.1330392, 41.2788063], [69.1326102, 41.2789618], [69.1321662, 41.2790744], [69.1318412, 41.279028], [69.1315482, 41.2789489], [69.1313308, 41.2787274], [69.1312237, 41.2785626], [69.1310817, 41.2784269], [69.1310184, 41.2783135], [69.1308673, 41.2781141], [69.1306933, 41.2777996], [69.1306788, 41.2775883], [69.1305994, 41.2773814], [69.1303955, 41.2771863], [69.1300115, 41.2768834], [69.1295944, 41.2765544], [69.1289864, 41.2762432], [69.1287892, 41.2760922], [69.1285427, 41.2757332], [69.1284286, 41.2755467], [69.1283289, 41.2753353], [69.1283795, 41.2750959], [69.1283452, 41.2745259], [69.128278, 41.2743274], [69.1281093, 41.2740453], [69.1276843, 41.273781], [69.1274486, 41.2736262], [69.1272325, 41.2734332], [69.1268361, 41.2729217], [69.1263953, 41.2726509], [69.125688, 41.2721582], [69.1255778, 41.2718574], [69.1255818, 41.2716783], [69.1256386, 41.2715491], [69.1256794, 41.2711551], [69.1257279, 41.2708349], [69.1256208, 41.2705919], [69.1255022, 41.2703035], [69.1253002, 41.270089], [69.1250581, 41.270007], [69.1247418, 41.2700191], [69.1241749, 41.270063], [69.1236067, 41.270063], [69.1230945, 41.2699931], [69.1228997, 41.269938], [69.1227895, 41.2698231], [69.1227831, 41.2695856], [69.1228704, 41.2691749], [69.1229086, 41.2685559], [69.1228064, 41.2679282], [69.1224828, 41.267441], [69.1221752, 41.2671694], [69.1219658, 41.2667758], [69.1219099, 41.2665242], [69.121797, 41.2662613]]], [[[69.4638453, 41.4048039], [69.4657463, 41.4050871], [69.4692927, 41.4064543], [69.4695438, 41.4066163], [69.4694533, 41.4067455], [69.4691184, 41.4066802], [69.4688222, 41.4067579], [69.4686275, 41.4070462], [69.4678302, 41.4070544], [69.4669461, 41.4078416], [69.4664111, 41.4076005], [69.4643882, 41.4093537], [69.469945, 41.4126077], [69.4693213, 41.4134331], [69.4683779, 41.4142874], [69.4645266, 41.4119044], [69.4648191, 41.4140643], [69.4644558, 41.4157466], [69.4637012, 41.4170233], [69.4629481, 41.4181642], [69.4619921, 41.4189827], [69.4619787, 41.4190888], [69.4610042, 41.419894], [69.4598808, 41.4206389], [69.4582193, 41.4215018], [69.4578329, 41.4216214], [69.4576142, 41.421692], [69.4554114, 41.4222325], [69.4536131, 41.4224765], [69.4524065, 41.4224955], [69.4510085, 41.4223912], [69.4502688, 41.4224857], [69.4498878, 41.4223989], [69.4490309, 41.4219843], [69.4483649, 41.4218603], [69.4471002, 41.4214102], [69.4466794, 41.4212186], [69.4458947, 41.4208615], [69.4448262, 41.4201838], [69.4436165, 41.4192829], [69.4422893, 41.4178632], [69.4419035, 41.4172985], [69.4418629, 41.4171102], [69.4413988, 41.4162117], [69.4410976, 41.4154033], [69.4409301, 41.4146229], [69.440839, 41.4130322], [69.4408853, 41.4127154], [69.4410154, 41.4118253], [69.4414176, 41.4106071], [69.4420279, 41.4094518], [69.4427382, 41.4085318], [69.4436254, 41.4076781], [69.4441809, 41.4071741], [69.4435506, 41.4068328], [69.4442424, 41.4060577], [69.4447361, 41.4055047], [69.4449734, 41.4054074], [69.4459222, 41.4039442], [69.4460065, 41.4038517], [69.4484685, 41.4020812], [69.4489547, 41.4010863], [69.4500902, 41.4013576], [69.4501533, 41.40026], [69.4508624, 41.4004685], [69.4512363, 41.4004745], [69.4522332, 41.4003029], [69.4530661, 41.4006174], [69.4560443, 41.4016049], [69.457213, 41.401129], [69.4580329, 41.4013798], [69.4596507, 41.4023803], [69.4616337, 41.4032557], [69.4633754, 41.4045912], [69.4638453, 41.4048039]]]]}}, {"type": "Feature", "properties": {"name_uz": "Andijon", "name_en": "Andijan", "name_ru": "Андижан", "osm_name": "Andijon", "osm_id": 331189322, "osm_type": "way", "place": "city", "admin_level": null, "source": "overpass", "bbox": [72.280162, 40.716865, 72.398962, 40.829618]}, "geometry": {"type": "Polygon", "coordinates": [[[72.3595246, 40.8296183], [72.3471116, 40.8271389], [72.3307406, 40.8259957], [72.322859, 40.8252833], [72.3194871, 40.8236765], [72.3175791, 40.8216677], [72.2998022, 40.7988169], [72.2978202, 40.7979897], [72.2852427, 40.7955028], [72.2828198, 40.79461], [72.2810507, 40.793193], [72.2801756, 40.7899312], [72.2801623, 40.7756918], [72.2918642, 40.7773448], [72.2930156, 40.7738875], [72.2924304, 40.7716717], [72.2923266, 40.7712789], [72.280506, 40.7708395], [72.2802302, 40.7665747], [72.2801984, 40.7617415], [72.2825842, 40.7577298], [72.2854264, 40.7562239], [72.2880602, 40.7548572], [72.2919009, 40.7527928], [72.3053045, 40.7457976], [72.3176491, 40.7372981], [72.3472974, 40.7170098], [72.3660786, 40.7170027], [72.3765576, 40.7168653], [72.3815066, 40.7260167], [72.3874975, 40.7270105], [72.3878172, 40.7310061], [72.3885843, 40.7339267], [72.3908405, 40.7519604], [72.3897637, 40.7611069], [72.3898688, 40.7659002], [72.390005, 40.7680942], [72.3878745, 40.7698272], [72.3951627, 40.7762802], [72.3917472, 40.7826152], [72.3945967, 40.7902274], [72.3966819, 40.791563], [72.3979913, 40.7897372], [72.3989618, 40.7902711], [72.3971976, 40.7922423], [72.3960108, 40.7947844], [72.3955523, 40.799984], [72.3919615, 40.8003161], [72.3855423, 40.7999289], [72.3861064, 40.8008605], [72.3927214, 40.8012487], [72.389556, 40.8090727], [72.3775055, 40.8096161], [72.382235, 40.8179309], [72.3828147, 40.8189499], [72.3768318, 40.8229012], [72.3717582, 40.8224228], [72.3658979, 40.8241689], [72.3604227, 40.8237299], [72.3595246, 40.8296183]]]}}, {"type": "Feature", "properties": {"name_uz": "Asaka", "name_en": "Asaka", "name_ru": "Асака", "osm_name": "Asaka", "osm_id": 27637021, "osm_type": "way", "place": "town", "admin_level": null, "source": "overpass", "bbox": [72.188152, 40.613687, 72.278974, 40.685515]}, "geometry": {"type": "Polygon", "coordinates": [[[72.2645408, 40.6641057], [72.2676661, 40.6699244], [72.2683173, 40.6711368], [72.2702056, 40.6742615], [72.2726089, 40.6737407], [72.2779759, 40.6726044], [72.2789741, 40.6720289], [72.2774811, 40.6704428], [72.2789056, 40.669526], [72.2760176, 40.6664352], [72.2741672, 40.6633332], [72.2736202, 40.6620555], [72.2730579, 40.6574515], [72.2724962, 40.6561203], [72.2636825, 40.6536879], [72.2655708, 40.6458735], [72.2722655, 40.6428777], [72.2758704, 40.6396213], [72.2703773, 40.6387094], [72.2724372, 40.637016], [72.2756988, 40.6353225], [72.2769004, 40.6314144], [72.2716823, 40.6281059], [72.268489, 40.6320657], [72.2641975, 40.6337593], [72.2590476, 40.6374068], [72.256363, 40.6424432], [72.2551957, 40.6428352], [72.2529663, 40.6427823], [72.2514945, 40.6427474], [72.2540694, 40.6398818], [72.2566444, 40.6329777], [72.2514945, 40.6311538], [72.245143, 40.6250305], [72.2450115, 40.6249109], [72.244465, 40.6244138], [72.2439167, 40.623915], [72.2426586, 40.6227707], [72.2423681, 40.6225065], [72.2326726, 40.6136867], [72.2167295, 40.6205057], [72.2196677, 40.6239661], [72.2250558, 40.6273624], [72.2239665, 40.6307933], [72.2228271, 40.633629], [72.223423, 40.6357939], [72.2215708, 40.6360157], [72.2205623, 40.6434036], [72.2159606, 40.6439197], [72.2156195, 40.6440948], [72.2101241, 40.6469154], [72.2090942, 40.6508227], [72.204631, 40.6519948], [72.1993095, 40.6530367], [72.1998244, 40.6562925], [72.1957046, 40.6573343], [72.1895248, 40.6575948], [72.1881515, 40.6590272], [72.1908981, 40.6637151], [72.1975928, 40.6622827], [72.2003394, 40.6611108], [72.2050213, 40.6648124], [72.2072059, 40.6628036], [72.213214, 40.6622827], [72.2178482, 40.6624758], [72.226432, 40.6689234], [72.2322231, 40.6730888], [72.2387215, 40.67761], [72.2413662, 40.6791926], [72.2451655, 40.6785146], [72.242393, 40.6748811], [72.2434264, 40.6702254], [72.2484046, 40.6700952], [72.2480613, 40.6771257], [72.2442092, 40.68208], [72.2489121, 40.6855151], [72.2513689, 40.6837526], [72.2533229, 40.6814472], [72.253217, 40.6797475], [72.2522343, 40.6795935], [72.2515534, 40.6767263], [72.2538698, 40.6775371], [72.2536614, 40.6743035], [72.2567969, 40.6760769], [72.2585022, 40.6772648], [72.2588344, 40.6746352], [72.2587042, 40.6740977], [72.2614459, 40.6699685], [72.258361, 40.6656682], [72.2626525, 40.6639755], [72.2645408, 40.6641057]]]}}, {"type": "Feature", "properties": {"name_uz": "Xonobod", "name_en": "Khonobod", "name_ru": "Хонабад", "osm_name": "Xonobod", "osm_id": 15352033, "osm_type": "relation", "place": "town", "admin_level": null, "source": "overpass", "bbox": [72.95725, 40.785834, 73.024626, 40.828379]}, "geometry": {"type": "MultiPolygon", "coordinates": [[[[72.9572498, 40.8077588], [72.9612222, 40.8054597], [72.9630656, 40.8044626], [72.9629445, 40.8041786], [72.9642249, 40.8030695], [72.9650586, 40.8030051], [72.96456, 40.803873], [72.9643839, 40.8043656], [72.9633805, 40.8048045], [72.9632353, 40.8051142], [72.9641199, 40.8054121], [72.9653511, 40.8053543], [72.9660582, 40.8048958], [72.9665427, 40.8051362], [72.9667785, 40.8047503], [72.9692543, 40.8053175], [72.9702295, 40.8034735], [72.970775, 40.802238], [72.9699751, 40.8008984], [72.9690837, 40.8004859], [72.9699769, 40.7964935], [72.9756462, 40.7957344], [72.977642, 40.7954672], [72.9823356, 40.7932732], [72.9866658, 40.7918213], [72.9887721, 40.79087], [72.9890233, 40.7890273], [72.9917987, 40.7885862], [73.0021245, 40.786666], [73.0038999, 40.7890046], [73.00926, 40.7867838], [73.0112097, 40.7861873], [73.0119119, 40.7858337], [73.0125182, 40.7866599], [73.0107581, 40.7872051], [73.0111216, 40.7882592], [73.0089554, 40.7889449], [73.0096577, 40.7916233], [73.0137763, 40.7897095], [73.0156391, 40.7888498], [73.0165824, 40.7882384], [73.0190799, 40.7880144], [73.0210719, 40.7875666], [73.0226839, 40.7870143], [73.0233872, 40.785974], [73.0246264, 40.7872325], [73.0232171, 40.788604], [73.0220153, 40.790902], [73.0199744, 40.7928131], [73.0191081, 40.793381], [73.0179417, 40.793886], [73.0167753, 40.7933019], [73.015348, 40.7938501], [73.0142083, 40.7948884], [73.012744, 40.7951863], [73.0107505, 40.7935132], [73.0075181, 40.7950969], [73.0095106, 40.7973077], [72.9978724, 40.8024091], [72.9957835, 40.802597], [72.990493, 40.8044574], [72.9864929, 40.8045109], [72.9836515, 40.8045716], [72.9777281, 40.8032191], [72.9767269, 40.8020033], [72.9751991, 40.8041637], [72.975016, 40.8056246], [72.9753181, 40.8075271], [72.9774257, 40.8115066], [72.9982459, 40.8148331], [72.998687, 40.8170332], [72.9985903, 40.8179405], [72.999334, 40.8181003], [73.0030787, 40.8189052], [73.0008569, 40.8218162], [73.0004295, 40.8230782], [73.0002986, 40.8234156], [72.9953685, 40.8212678], [72.9941746, 40.8228495], [72.9946849, 40.8231616], [72.9944675, 40.8236413], [72.9950136, 40.8253427], [72.9980546, 40.8270672], [72.9979247, 40.8273199], [72.9965086, 40.8270681], [72.9925106, 40.8283791], [72.9909868, 40.8261886], [72.9882161, 40.8240162], [72.9873211, 40.8229659], [72.9864465, 40.822333], [72.9854398, 40.8225193], [72.9852082, 40.8232082], [72.9787961, 40.8223423], [72.9786868, 40.8213258], [72.9773085, 40.821253], [72.9771341, 40.8211494], [72.9766163, 40.8193727], [72.9733809, 40.8195336], [72.9730209, 40.8201789], [72.970096, 40.819785], [72.9689443, 40.8197385], [72.9685641, 40.820892], [72.9655882, 40.8204669], [72.9637787, 40.8189176], [72.9619621, 40.816463], [72.965496, 40.8112372], [72.9600707, 40.8103927], [72.9594842, 40.8121385], [72.9582626, 40.812115], [72.9581553, 40.8089529], [72.9572498, 40.8077588]]]]}}, {"type": "Feature", "properties": {"name_uz": "Marhamat", "name_en": "Marhamat", "name_ru": "Мархамат", "osm_name": "Marhamat", "osm_id": 131891864, "osm_type": "way", "place": "town", "admin_level": null, "source": "overpass", "bbox": [72.302468, 40.469493, 72.352083, 40.509484]}, "geometry": {"type": "Polygon", "coordinates": [[[72.340241, 40.5072645], [72.3220705, 40.5094841], [72.3201275, 40.5013823], [72.317882, 40.5015438], [72.3169813, 40.4974434], [72.3211225, 40.496905], [72.3204633, 40.4930696], [72.3162152, 40.4917387], [72.3127182, 40.4911249], [72.3126488, 40.4896752], [72.3041716, 40.4888567], [72.3024679, 40.4701884], [72.3142439, 40.4694934], [72.3301076, 40.4771588], [72.3393012, 40.4806109], [72.3409541, 40.490591], [72.3482669, 40.491676], [72.3486752, 40.4988677], [72.3520826, 40.4986924], [72.351467, 40.5036055], [72.3477176, 40.5036401], [72.3443967, 40.5029994], [72.3444456, 40.5048229], [72.3454664, 40.5051507], [72.3455656, 40.5065852], [72.340241, 40.5072645]]]}}, {"type": "Feature", "properties": {"name_uz": "Buloqboshi", "name_en": "Buloqboshi", "name_ru": "Булокбоши", "osm_name": "Buloqboshi", "osm_id": 27142890, "osm_type": "way", "place": "town", "admin_level": null, "source": "overpass", "bbox": [72.47631, 40.610183, 72.535098, 40.647947]}, "geometry": {"type": "Polygon", "coordinates": [[[72.5096676, 40.6408868], [72.5196978, 40.6389429], [72.520127, 40.6398914], [72.5225759, 40.6394233], [72.522726, 40.6398385], [72.5255585, 40.6392849], [72.5257194, 40.6396756], [72.5275138, 40.639352], [72.5293203, 40.6404104], [72.5302697, 40.6395067], [72.5313896, 40.6401967], [72.5302764, 40.6412266], [72.5313198, 40.6419369], [72.5306627, 40.642639], [72.5307029, 40.6426879], [72.5350977, 40.6419155], [72.5272774, 40.6371701], [72.5265321, 40.636762], [72.5253922, 40.6361127], [72.5234073, 40.634978], [72.5228119, 40.6353525], [72.5225672, 40.635176], [72.5179812, 40.6351123], [72.5176164, 40.6341821], [72.5175641, 40.6333659], [72.5177005, 40.6324951], [72.5162056, 40.6323675], [72.5160447, 40.6317497], [72.5157577, 40.6311084], [72.5157376, 40.6308703], [72.5157691, 40.6304143], [72.5152541, 40.6303828], [72.5148082, 40.630339], [72.5145353, 40.6303105], [72.5142664, 40.6302657], [72.5141551, 40.6300942], [72.5143522, 40.6296123], [72.5144166, 40.6290525], [72.5146821, 40.6285354], [72.5149289, 40.6283522], [72.5150335, 40.628053], [72.5160527, 40.6276601], [72.5166116, 40.6275669], [72.5179423, 40.627881], [72.5186813, 40.6276418], [72.5193156, 40.6274901], [72.5195678, 40.6272845], [72.5198588, 40.6271522], [72.5202933, 40.6270026], [72.520304, 40.6264081], [72.5202557, 40.6251989], [72.5202423, 40.624462], [72.5202182, 40.6233871], [72.520194, 40.6225829], [72.5200224, 40.6220862], [72.5197998, 40.6214856], [72.5201029, 40.6214449], [72.5201726, 40.6205002], [72.5193505, 40.6205318], [72.5191275, 40.6198004], [72.5186276, 40.6180734], [72.5185621, 40.6170795], [72.5174609, 40.6167072], [72.5163178, 40.6163616], [72.5152623, 40.6162712], [72.5150935, 40.6145189], [72.5126397, 40.6124577], [72.509301, 40.6121167], [72.5079873, 40.6115447], [72.5052381, 40.6123235], [72.5045165, 40.6101835], [72.503956, 40.6104218], [72.5035858, 40.6105439], [72.5033873, 40.6104218], [72.5031534, 40.6103549], [72.5028187, 40.6103871], [72.5025049, 40.6104849], [72.5021696, 40.6105663], [72.5020328, 40.6107414], [72.5016171, 40.6108168], [72.5011826, 40.6109776], [72.50085, 40.6110693], [72.5005522, 40.6112118], [72.5002813, 40.6112138], [72.4997663, 40.6114887], [72.4990261, 40.6115498], [72.4980551, 40.6116801], [72.4974436, 40.6119204], [72.4969876, 40.6120833], [72.4967623, 40.611953], [72.496537, 40.6118878], [72.496283, 40.6118466], [72.4958503, 40.6122747], [72.4953246, 40.6126127], [72.4951905, 40.6127063], [72.4949866, 40.6126901], [72.4947989, 40.6126168], [72.4944502, 40.6126615], [72.4938762, 40.6128326], [72.4935061, 40.613024], [72.4932003, 40.6132887], [72.4928007, 40.6133986], [72.4925002, 40.6135635], [72.492224, 40.6139504], [72.4910287, 40.615091], [72.4906737, 40.6154143], [72.4904725, 40.6160129], [72.4900698, 40.6164145], [72.489531, 40.6167032], [72.4892199, 40.6169068], [72.4883562, 40.6170004], [72.4883589, 40.6174952], [72.4883214, 40.6187249], [72.4882874, 40.6206529], [72.4881819, 40.6208891], [72.488206, 40.6210642], [72.4883187, 40.6219131], [72.4875998, 40.6219213], [72.4877822, 40.6232527], [72.4872753, 40.6233443], [72.487396, 40.6239897], [72.4871479, 40.6240675], [72.4866101, 40.624236], [72.4859378, 40.6245479], [72.4800155, 40.6254558], [72.4791844, 40.6273621], [72.4781112, 40.6307363], [72.4815591, 40.6300048], [72.4822364, 40.6298611], [72.4823652, 40.63186], [72.4805671, 40.6335816], [72.4771285, 40.6334432], [72.4770383, 40.6335169], [72.4822032, 40.6359102], [72.4800092, 40.6372332], [72.4794674, 40.6367366], [72.4787003, 40.6371477], [72.4776542, 40.6362196], [72.4766028, 40.6370826], [72.4771714, 40.6375263], [72.4766189, 40.6375589], [72.4771446, 40.6379537], [72.4768764, 40.6382346], [72.4770775, 40.638369], [72.4766833, 40.6386946], [72.4763104, 40.6389837], [72.4764214, 40.6392161], [72.4766521, 40.6396028], [72.4812269, 40.6396756], [72.4812886, 40.6418178], [72.4853253, 40.6419959], [72.4853682, 40.6396146], [72.4907917, 40.6395413], [72.4900245, 40.6422116], [72.4910491, 40.6421139], [72.4920094, 40.6401845], [72.4957605, 40.6401802], [72.4957752, 40.641196], [72.4981204, 40.6411924], [72.4979934, 40.6420997], [72.4960313, 40.6420753], [72.4960337, 40.6443124], [72.4917036, 40.6443445], [72.4884581, 40.6479467], [72.4909794, 40.6479344], [72.4935168, 40.6478408], [72.4956626, 40.6477024], [72.4977708, 40.6475193], [72.498322, 40.6476221], [72.4984829, 40.6476241], [72.4986425, 40.6475925], [72.4993265, 40.647037], [72.5000399, 40.6464315], [72.500575, 40.6462911], [72.5011061, 40.6461039], [72.5012281, 40.6451301], [72.5017995, 40.6450995], [72.5018102, 40.6449835], [72.5024378, 40.6449571], [72.5026202, 40.6448329], [72.5025005, 40.6445037], [72.5022823, 40.6438052], [72.5021884, 40.643276], [72.5094813, 40.6431112], [72.5094706, 40.6431966], [72.5098675, 40.6432211], [72.5099105, 40.6438113], [72.5091594, 40.6439008], [72.5093579, 40.6456388], [72.5101089, 40.6458546], [72.5110164, 40.6454845], [72.5106642, 40.6428486], [72.5100124, 40.6429158], [72.5096676, 40.6408868]]]}}, {"type": "Feature", "properties": {"name_uz": "Izboskan", "name_en": "Izboskan", "name_ru": "Избоскан", "osm_name": "Izboskan", "osm_id": 27637557, "osm_type": "way", "place": "town", "admin_level": null, "source": "overpass", "bbox": [72.325863, 41.003966, 72.3663, 41.059237]}, "geometry": {"type": "Polygon", "coordinates": [[[72.359592, 41.0461105], [72.3601491, 41.0449082], [72.3602628, 41.0440852], [72.3618348, 41.0430994], [72.3641666, 41.0423803], [72.3662996, 41.041556], [72.3659133, 41.0363445], [72.3647117, 41.0361503], [72.3658853, 41.0339192], [72.3624372, 41.0323951], [72.3624587, 41.0319905], [72.3608708, 41.0313754], [72.36027, 41.0307117], [72.3590469, 41.033075], [72.3570728, 41.0321362], [72.3578024, 41.0311326], [72.356987, 41.0308089], [72.3583108, 41.0278978], [72.3534465, 41.028656], [72.3530388, 41.0283646], [72.3505926, 41.0283161], [72.3496914, 41.0266811], [72.3498201, 41.0258555], [72.3492193, 41.0257908], [72.3490691, 41.0269563], [72.3484254, 41.0274419], [72.3476422, 41.0273853], [72.3457003, 41.0274015], [72.3456895, 41.0293277], [72.3456895, 41.0320067], [72.3455715, 41.0338357], [72.3457861, 41.0387561], [72.3451423, 41.0388208], [72.3450358, 41.0354748], [72.3441037, 41.0355095], [72.3440364, 41.0346125], [72.3445565, 41.0345716], [72.3445255, 41.0343467], [72.3444903, 41.0331785], [72.3431855, 41.033214], [72.3431768, 41.0320196], [72.3428893, 41.0303718], [72.3428207, 41.0290772], [72.3431053, 41.0291088], [72.3433489, 41.0280736], [72.3444726, 41.0280502], [72.3444395, 41.0276357], [72.343382, 41.0277173], [72.3434623, 41.0274251], [72.3435069, 41.0271275], [72.3434193, 41.0267905], [72.3439384, 41.0266986], [72.3434253, 41.0244743], [72.3434995, 41.0224135], [72.3435572, 41.0217488], [72.343812, 41.0216141], [72.3437468, 41.0198404], [72.3439622, 41.0194124], [72.343812, 41.0182468], [72.3434901, 41.0153811], [72.3443484, 41.0155268], [72.3444986, 41.0162878], [72.3449707, 41.016223], [72.3449492, 41.0155592], [72.3452282, 41.0155592], [72.3453569, 41.0153163], [72.3455071, 41.0149439], [72.3449063, 41.0142154], [72.3449707, 41.0132925], [72.3444557, 41.0130982], [72.3443484, 41.0126448], [72.3420095, 41.0128553], [72.3420095, 41.014442], [72.3414945, 41.014523], [72.341001, 41.0122401], [72.3406148, 41.0122239], [72.3401856, 41.0090665], [72.3408294, 41.0085078], [72.3407006, 41.0075282], [72.3388767, 41.0075525], [72.3382759, 41.0039658], [72.3378896, 41.0040468], [72.3339629, 41.0066538], [72.3346281, 41.009957], [72.3353362, 41.0108314], [72.3358941, 41.0147658], [72.3348641, 41.015203], [72.3353791, 41.0163039], [72.3334479, 41.0169192], [72.3329544, 41.0171458], [72.3338341, 41.0193153], [72.3330188, 41.0195581], [72.3347661, 41.0243498], [72.3334978, 41.0244369], [72.3299932, 41.023314], [72.3277498, 41.0217023], [72.3266173, 41.0285225], [72.3269242, 41.0287321], [72.326877, 41.0287773], [72.3262731, 41.0293557], [72.3262597, 41.0293716], [72.3260954, 41.029567], [72.3267047, 41.0298446], [72.3292688, 41.0317469], [72.3282027, 41.0325747], [72.3260671, 41.0344497], [72.3262811, 41.0345908], [72.3258633, 41.0349198], [72.3264516, 41.0353707], [72.3273087, 41.0356007], [72.3281402, 41.0357717], [72.328946, 41.0360958], [72.331634, 41.0340572], [72.3318849, 41.0344582], [72.3319788, 41.0345994], [72.3328672, 41.035935], [72.3330684, 41.036156], [72.3325714, 41.0362878], [72.3305311, 41.0367036], [72.3307037, 41.0373042], [72.330483, 41.0375329], [72.3300543, 41.0378869], [72.3299734, 41.0379685], [72.329944, 41.0380631], [72.330017, 41.0390407], [72.3303618, 41.0392956], [72.3312544, 41.0399556], [72.3317309, 41.040308], [72.3322496, 41.0406574], [72.3322904, 41.0406849], [72.3329686, 41.0411419], [72.3333002, 41.0414729], [72.3343844, 41.0415709], [72.3343926, 41.0418225], [72.3344491, 41.0419699], [72.3349837, 41.0422334], [72.3363255, 41.0428522], [72.3367814, 41.042833], [72.3372576, 41.0427634], [72.3374816, 41.0427087], [72.3380898, 41.0430658], [72.3388299, 41.0435501], [72.3391119, 41.0439184], [72.3395759, 41.0437747], [72.3397211, 41.0442153], [72.3403294, 41.044389], [72.3405783, 41.0450523], [72.341558, 41.0471709], [72.3426471, 41.0469611], [72.3431975, 41.0468163], [72.3432303, 41.0468976], [72.3436257, 41.0477437], [72.342596, 41.0481853], [72.3426621, 41.0485178], [72.3426553, 41.0488374], [72.3432365, 41.0488265], [72.3433585, 41.0491178], [72.3437644, 41.0502603], [72.3441796, 41.0514713], [72.3447689, 41.0531239], [72.3450362, 41.0539417], [72.3455276, 41.0552413], [72.3458021, 41.0557023], [72.3460489, 41.0561554], [72.346267, 41.0568803], [72.346605, 41.0578522], [72.3469242, 41.0585764], [72.347247, 41.0592371], [72.3476157, 41.0591605], [72.3476968, 41.0585125], [72.3476679, 41.0583354], [72.3475989, 41.0579122], [72.3475963, 41.0578961], [72.3475394, 41.0576437], [72.3482066, 41.057543], [72.3482875, 41.0567669], [72.3478595, 41.0553144], [72.3472742, 41.0542262], [72.3460937, 41.0505703], [72.3456612, 41.0492212], [72.3456844, 41.0487725], [72.3463235, 41.0488715], [72.3463273, 41.0494419], [72.346813, 41.0502174], [72.3487329, 41.0515051], [72.3489828, 41.0518242], [72.3491882, 41.0524924], [72.3492566, 41.0531063], [72.3492241, 41.0534894], [72.3497995, 41.0534353], [72.3499296, 41.0540554], [72.3508142, 41.0539901], [72.3512059, 41.0543529], [72.351689, 41.0526428], [72.3530879, 41.0509622], [72.3538248, 41.0511145], [72.3542878, 41.0502704], [72.3543709, 41.0501189], [72.3584729, 41.0469037], [72.359592, 41.0461105]]]}}, {"type": "Feature", "properties": {"name_uz": "Oltinko'l", "name_en": "Oltinkul", "name_ru": "Олтинкул", "osm_name": "Oltinko'l", "osm_id": 182194871, "osm_type": "way", "place": "town", "admin_level": null, "source": "overpass", "bbox": [72.136396, 40.779774, 72.189139, 40.816307]}, "geometry": {"type": "Polygon", "coordinates": [[[72.1363957, 40.8141193], [72.1403863, 40.8093115], [72.1385946, 40.8075855], [72.1404677, 40.8048115], [72.1404538, 40.8028787], [72.1421814, 40.7995221], [72.137488, 40.7981925], [72.1442632, 40.7806857], [72.1481724, 40.7817957], [72.1475208, 40.7854647], [72.1506563, 40.7860197], [72.1477652, 40.7901818], [72.1549726, 40.7918774], [72.15652, 40.7876846], [72.1594926, 40.7888561], [72.159289, 40.7905209], [72.1631167, 40.7908909], [72.1630352, 40.7924632], [72.1669851, 40.7939737], [72.1700391, 40.7893494], [72.1737112, 40.779774], [72.1776281, 40.7807019], [72.1784632, 40.7798952], [72.1810258, 40.781792], [72.1838763, 40.7842339], [72.1796733, 40.7869363], [72.1769995, 40.7912238], [72.1756698, 40.793356], [72.1804496, 40.7922224], [72.1864386, 40.7924622], [72.1860242, 40.7956405], [72.1891393, 40.7965653], [72.1879535, 40.800275], [72.1825988, 40.7990882], [72.1833536, 40.8039027], [72.1794953, 40.8022027], [72.1778416, 40.8049766], [72.1771086, 40.8049458], [72.1727754, 40.8113055], [72.1683777, 40.8102577], [72.1680112, 40.8076071], [72.1659522, 40.805591], [72.1605568, 40.8050235], [72.1596621, 40.8050161], [72.1602812, 40.8089781], [72.156493, 40.8093046], [72.1536713, 40.8126825], [72.1472622, 40.8114621], [72.1433754, 40.8159703], [72.141091, 40.8163065], [72.1363957, 40.8141193]]]}}, {"type": "Feature", "properties": {"name_uz": "Shahrixon", "name_en": "Shahrikhan", "name_ru": "Шахрихан", "osm_name": "Shahrixon", "osm_id": 27142752, "osm_type": "way", "place": "town", "admin_level": null, "source": "overpass", "bbox": [72.011971, 40.686936, 72.085087, 40.732121]}, "geometry": {"type": "Polygon", "coordinates": [[[72.063705, 40.686936], [72.0593508, 40.6896481], [72.0583427, 40.690333], [72.0574276, 40.689245], [72.0546957, 40.6889567], [72.0544014, 40.691416], [72.0395475, 40.6919653], [72.0358086, 40.6953437], [72.0239166, 40.7050997], [72.0210684, 40.7017967], [72.0184097, 40.7002624], [72.0119711, 40.7046463], [72.0166732, 40.7080468], [72.0227677, 40.7120798], [72.0410076, 40.725755], [72.0466189, 40.7286252], [72.0490781, 40.7297344], [72.0525411, 40.7312999], [72.054129, 40.7318691], [72.0563714, 40.7321211], [72.0582489, 40.7318528], [72.0623728, 40.7311389], [72.0630618, 40.7310196], [72.0723492, 40.7288268], [72.0742349, 40.7283243], [72.0776681, 40.7277064], [72.0815316, 40.7269817], [72.0846202, 40.7264468], [72.0844595, 40.7250802], [72.084982, 40.7220501], [72.0850871, 40.7209455], [72.0820025, 40.7123704], [72.0799641, 40.7061733], [72.0792318, 40.7048796], [72.0763806, 40.7025459], [72.0735268, 40.7000407], [72.0706299, 40.6976492], [72.064932, 40.688904], [72.063705, 40.686936]]]}}, {"type": "Feature", "properties": {"name_uz": "Xo'jaobod", "name_en": "Khojaobod", "name_ru": "Хожаобод", "osm_name": "Xoʻjaobod", "osm_id": 27142877, "osm_type": "way", "place": "town", "admin_level": null, "source": "overpass", "bbox": [72.542102, 40.650527, 72.591498, 40.682867]}, "geometry": {"type": "Polygon", "coordinates": [[[72.5568155, 40.682088], [72.5564253, 40.6806055], [72.556715, 40.6800766], [72.5575948, 40.6798081], [72.5579595, 40.679385], [72.5592899, 40.6788887], [72.5593007, 40.6796129], [72.5580668, 40.6804346], [72.5581849, 40.6809391], [72.5600731, 40.6802556], [72.5598478, 40.678848], [72.5622789, 40.6778965], [72.5631157, 40.6769445], [72.5637273, 40.6757647], [72.5667679, 40.6760409], [72.5669074, 40.6757073], [72.5682056, 40.6757724], [72.5683343, 40.6750807], [72.5686777, 40.6750482], [72.5691283, 40.6727128], [72.5699222, 40.6732092], [72.5701153, 40.6737869], [72.5709629, 40.6738114], [72.5708341, 40.6732255], [72.5700724, 40.6730139], [72.5689093, 40.6722739], [72.5686133, 40.6718015], [72.5689137, 40.6718503], [72.5691497, 40.671362], [72.5695789, 40.6713214], [72.5697033, 40.6709475], [72.5711775, 40.6709715], [72.5727761, 40.67124], [72.5729648, 40.6706057], [72.5779796, 40.6706866], [72.5781083, 40.6710203], [72.5784731, 40.6714678], [72.5790159, 40.6707278], [72.5789773, 40.670296], [72.5800888, 40.6695478], [72.5811338, 40.668758], [72.5831465, 40.6682946], [72.5851249, 40.6672281], [72.5859575, 40.6673669], [72.5879574, 40.6668212], [72.5869918, 40.6686604], [72.5894165, 40.669344], [72.5914979, 40.667749], [72.5901031, 40.6662027], [72.5879574, 40.6663004], [72.5862579, 40.6643233], [72.5850177, 40.6629963], [72.5842623, 40.6626794], [72.585597, 40.660864], [72.5888971, 40.6598959], [72.5873736, 40.6569334], [72.5818376, 40.6584146], [72.5811982, 40.6565178], [72.5836444, 40.6553539], [72.5848309, 40.6543206], [72.5757637, 40.654995], [72.5744347, 40.6550939], [72.573512, 40.6541985], [72.5728683, 40.652945], [72.5712204, 40.6508852], [72.570465, 40.6524892], [72.5687235, 40.6550584], [72.5669932, 40.6546132], [72.5667357, 40.6549551], [72.5655126, 40.6545644], [72.5681734, 40.6524155], [72.5699329, 40.6505271], [72.5652551, 40.6522527], [72.5639391, 40.6540906], [72.5624871, 40.6551504], [72.5598693, 40.6565992], [72.5598264, 40.6572666], [72.5605666, 40.6580642], [72.5592041, 40.6600338], [72.559998, 40.6602373], [72.55885, 40.6623534], [72.5577557, 40.6622394], [72.5566828, 40.6606768], [72.5557762, 40.6616697], [72.5568115, 40.6621906], [72.5549635, 40.6644221], [72.5542366, 40.6655029], [72.5533891, 40.6653889], [72.5541723, 40.6642333], [72.5523591, 40.6636148], [72.5491404, 40.666691], [72.5482821, 40.6670165], [72.5472907, 40.6675297], [72.5433576, 40.6679361], [72.5421452, 40.6678385], [72.5421023, 40.6686604], [72.5422633, 40.669287], [72.5446772, 40.6695881], [72.5445914, 40.6701252], [72.5451064, 40.6704181], [72.5482178, 40.6702554], [72.5483465, 40.6700601], [72.5506871, 40.6698392], [72.5422534, 40.6804548], [72.5433039, 40.6809472], [72.542789, 40.6818097], [72.5466513, 40.6828673], [72.5483358, 40.6813459], [72.5491015, 40.6816164], [72.5491042, 40.6818564], [72.5519126, 40.6824854], [72.5523231, 40.6816202], [72.5550949, 40.6821432], [72.5554705, 40.6826558], [72.5560928, 40.6823931], [72.5568155, 40.682088]]]}}, {"type": "Feature", "properties": {"name_uz": "Paxtaobod", "name_en": "Pakhtaobod", "name_ru": "Пахтаобод", "osm_name": "Paxtaobod", "osm_id": 27637584, "osm_type": "way", "place": "town", "admin_level": null, "source": "overpass", "bbox": [72.45045, 40.900152, 72.568512, 40.943475]}, "geometry": {"type": "Polygon", "coordinates": [[[72.4803449, 40.9267862], [72.4830657, 40.9356943], [72.4899322, 40.9375098], [72.4957687, 40.9390659], [72.5016051, 40.9434747], [72.5050384, 40.9416594], [72.5095016, 40.935435], [72.5146514, 40.9305069], [72.5222045, 40.9294694], [72.5273544, 40.9310256], [72.5407439, 40.9349162], [72.556696, 40.9346177], [72.5685122, 40.9312328], [72.550267, 40.927293], [72.5467247, 40.9209556], [72.5462371, 40.9164988], [72.548297, 40.913126], [72.5520736, 40.9066394], [72.5500137, 40.9001522], [72.5414306, 40.9079368], [72.5242644, 40.9050826], [72.5256377, 40.9113098], [72.5345157, 40.9131832], [72.5346665, 40.9159729], [72.5348366, 40.9201597], [72.5256377, 40.924022], [72.5201446, 40.9237626], [72.5235778, 40.9157205], [72.5153381, 40.9123477], [72.5091582, 40.9188337], [72.5033218, 40.9180554], [72.5009185, 40.9167582], [72.4926667, 40.916481], [72.4923703, 40.916471], [72.489093, 40.916361], [72.4889024, 40.9163546], [72.4878337, 40.9168447], [72.4861636, 40.9176106], [72.4853377, 40.9189988], [72.4820327, 40.921915], [72.4803023, 40.9219804], [72.4778122, 40.9215917], [72.4769796, 40.9211951], [72.4815925, 40.919202], [72.4775588, 40.9190069], [72.4768509, 40.9188286], [72.4759591, 40.9201531], [72.4759587, 40.9201393], [72.4731958, 40.9200785], [72.4728702, 40.9200697], [72.4703183, 40.9190913], [72.4689975, 40.9200813], [72.4656618, 40.918937], [72.4562865, 40.9157205], [72.4504501, 40.9209091], [72.4600631, 40.9250596], [72.464183, 40.9248002], [72.4700471, 40.9266417], [72.4765426, 40.9258378], [72.4803449, 40.9267862]]]}}, {"type": "Feature", "properties": {"name_uz": "Jalolquduq", "name_en": "Jalalkuduk", "name_ru": "Джалалкудук", "osm_name": "Jalaquduq", "osm_id": 27142870, "osm_type": "way", "place": "town", "admin_level": null, "source": "overpass", "bbox": [72.61989, 40.701248, 72.670222, 40.731396]}, "geometry": {"type": "Polygon", "coordinates": [[[72.6299482, 40.7012477], [72.6206484, 40.7052604], [72.6315328, 40.7111442], [72.626601, 40.7154382], [72.6281424, 40.7164784], [72.6265459, 40.7174748], [72.6247315, 40.7195429], [72.6198899, 40.7222403], [72.6220202, 40.7229931], [72.6248935, 40.7240651], [72.6294686, 40.725901], [72.6382088, 40.7289503], [72.6414005, 40.7300157], [72.6438943, 40.7306083], [72.649071, 40.730973], [72.6518539, 40.7312949], [72.6546005, 40.7313956], [72.6702217, 40.7285194], [72.6580338, 40.7248769], [72.6588921, 40.7230556], [72.6522698, 40.7218728], [72.6528695, 40.7206537], [72.6555654, 40.7204979], [72.6565069, 40.7192781], [72.6594913, 40.7209482], [72.6615661, 40.721342], [72.6643902, 40.7177365], [72.6662295, 40.7132292], [72.6655155, 40.7072114], [72.6595787, 40.7049696], [72.6558022, 40.7041888], [72.6539913, 40.7062937], [72.6506523, 40.7101747], [72.6468758, 40.7088735], [72.6455025, 40.7058805], [72.6369194, 40.7045792], [72.6328476, 40.7035458], [72.6299482, 40.7012477]]]}}, {"type": "Feature", "properties": {"name_uz": "Bandixon", "name_en": "Bandikhan", "name_ru": "Бандиксон", "osm_name": "Bandixon", "osm_id": 247164722, "osm_type": "node", "place": "town", "admin_level": null, "source": "overpass-node", "bbox": [67.354113, 37.833801, 67.422579, 37.887855]}, "geometry": {"type": "Point", "coordinates": [67.3883458, 37.8608279]}}, {"type": "Feature", "properties": {"name_uz": "Bo'z", "name_en": "Boz", "name_ru": "Боз", "osm_name": "Boz", "osm_id": 27637335, "osm_type": "way", "place": "village", "admin_level": null, "source": "overpass", "bbox": [71.902179, 40.67444, 71.95864, 40.705638]}, "geometry": {"type": "Polygon", "coordinates": [[[71.9099641, 40.7021227], [71.9133442, 40.702115], [71.9128454, 40.7031328], [71.9132962, 40.703244], [71.9116357, 40.7055762], [71.9121501, 40.7056382], [71.914739, 40.7023642], [71.9154891, 40.7021101], [71.9198792, 40.7021], [71.9246861, 40.6961765], [71.9288287, 40.6970715], [71.9305425, 40.6942376], [71.9338392, 40.6954576], [71.9336601, 40.6967111], [71.9409703, 40.695781], [71.9466239, 40.7000347], [71.9498855, 40.6991237], [71.9586402, 40.6932669], [71.953662, 40.6923558], [71.9569236, 40.6901431], [71.9507438, 40.6848063], [71.9500571, 40.6898828], [71.9423002, 40.6891506], [71.9402724, 40.6855873], [71.9391881, 40.6814092], [71.9344182, 40.6787617], [71.9295758, 40.6777947], [71.9302802, 40.6753976], [71.9259455, 40.6744404], [71.9223935, 40.6750624], [71.9145068, 40.6757735], [71.9123416, 40.680479], [71.9063205, 40.6816236], [71.9042316, 40.6863638], [71.9021791, 40.6907067], [71.9040944, 40.6911708], [71.9033851, 40.6942877], [71.9061935, 40.6947607], [71.9059173, 40.6955717], [71.9109146, 40.6940327], [71.9130042, 40.6947236], [71.9099641, 40.7021227]]]}}, {"type": "Feature", "properties": {"name_uz": "Boyovut", "name_en": "Boyovut", "name_ru": "Бойовут", "osm_name": "Boyovut", "osm_id": 170084310, "osm_type": "way", "place": "town", "admin_level": null, "source": "overpass", "bbox": [68.991594, 40.256987, 69.046623, 40.296495]}, "geometry": {"type": "Polygon", "coordinates": [[[69.0148011, 40.2949279], [69.0226869, 40.2964951], [69.0230014, 40.2949953], [69.02354, 40.2950712], [69.023698, 40.2948278], [69.0257612, 40.2958536], [69.027388, 40.2942644], [69.0277533, 40.2925249], [69.0297053, 40.2925071], [69.0303981, 40.2923285], [69.029671, 40.2907938], [69.0336112, 40.2906192], [69.0369982, 40.2902413], [69.0370344, 40.28717], [69.0368007, 40.287123], [69.0374539, 40.2837345], [69.0401939, 40.2832432], [69.0452568, 40.2825789], [69.0466226, 40.282424], [69.0458691, 40.2757444], [69.0450559, 40.2751574], [69.0410606, 40.2770341], [69.0307021, 40.2785983], [69.0265452, 40.2692864], [69.0337704, 40.2667419], [69.0324736, 40.2569871], [69.0197831, 40.260663], [69.018301, 40.2581889], [69.0110758, 40.259744], [69.0102421, 40.2621474], [69.0092231, 40.2634905], [68.9994968, 40.265505], [69.001807, 40.2815093], [69.0200307, 40.2789625], [69.0206536, 40.2795616], [68.9922676, 40.2838611], [68.9926991, 40.2846588], [68.991594, 40.2848009], [68.9944744, 40.2902776], [68.9993745, 40.2887605], [69.0048891, 40.2847616], [69.0169975, 40.2830395], [69.0176445, 40.2885948], [69.0166972, 40.2892342], [69.0191123, 40.2908874], [69.0148011, 40.2949279]]]}}, {"type": "Feature", "properties": {"name_uz": "Buxoro", "name_en": "Bukhara", "name_ru": "Бухара", "osm_name": "Buxoro shahri", "osm_id": 13070474, "osm_type": "relation", "place": "city", "admin_level": "6", "source": "overpass", "bbox": [64.372425, 39.713788, 64.524805, 39.847084]}, "geometry": {"type": "MultiPolygon", "coordinates": [[[[64.3793628, 39.758973], [64.3768513, 39.7447246], [64.377677, 39.7437031], [64.377768, 39.7435993], [64.3761099, 39.7417637], [64.3724249, 39.7375221], [64.375002, 39.7364966], [64.3777028, 39.7357397], [64.3777028, 39.7351941], [64.3793508, 39.7347717], [64.378481, 39.7333459], [64.3781835, 39.7333987], [64.3770391, 39.7301248], [64.3742238, 39.7232947], [64.3738576, 39.7224673], [64.3812963, 39.7236996], [64.3886434, 39.7246854], [64.3899709, 39.7248086], [64.3923971, 39.7248438], [64.3943197, 39.724703], [64.4017126, 39.7232243], [64.4093572, 39.7216046], [64.4134313, 39.7208652], [64.4155141, 39.7202315], [64.4181234, 39.7192808], [64.4236623, 39.7168336], [64.4269811, 39.7153195], [64.4295217, 39.7144744], [64.4323141, 39.7137877], [64.4324285, 39.7151787], [64.4342596, 39.7221152], [64.4360219, 39.723101], [64.4373495, 39.724034], [64.4381048, 39.7254952], [64.438677, 39.7267626], [64.4423246, 39.725805], [64.4453145, 39.7253191], [64.4457936, 39.7266841], [64.4465276, 39.7260233], [64.4477636, 39.7246326], [64.4490682, 39.7252135], [64.4506017, 39.7253895], [64.4519979, 39.7252135], [64.4530736, 39.7252839], [64.4541952, 39.7252487], [64.4539663, 39.7245446], [64.4552327, 39.7243327], [64.4654453, 39.7241794], [64.4849074, 39.7226156], [64.4865193, 39.7222634], [64.4881419, 39.7242209], [64.4886573, 39.7248427], [64.49088, 39.7231685], [64.4937639, 39.7263548], [64.4960527, 39.7277454], [64.4972887, 39.7299282], [64.4983416, 39.731354], [64.4985018, 39.7320932], [64.498456, 39.7327269], [64.4979525, 39.7333078], [64.4969912, 39.733871], [64.4999666, 39.736652], [64.493146, 39.7399081], [64.4804273, 39.7460337], [64.480586, 39.7466501], [64.480887, 39.7476277], [64.481179, 39.7486156], [64.481206, 39.7487089], [64.4813587, 39.7492944], [64.4816081, 39.7500854], [64.4818844, 39.7510784], [64.4821292, 39.7518729], [64.4823246, 39.7526431], [64.4823786, 39.7527468], [64.4826252, 39.7535812], [64.4828593, 39.7543926], [64.4829896, 39.7547898], [64.4831311, 39.7552803], [64.4832951, 39.7558502], [64.4833355, 39.7559676], [64.4835849, 39.7568483], [64.4837062, 39.7572852], [64.4838499, 39.7577619], [64.4840206, 39.7583524], [64.484115, 39.758703], [64.4843127, 39.7593627], [64.4845126, 39.7600033], [64.4848136, 39.7610774], [64.4849776, 39.7615575], [64.4851483, 39.7621895], [64.4854336, 39.763153], [64.4855774, 39.7636831], [64.4856268, 39.7641821], [64.4857077, 39.7650894], [64.4857548, 39.7658778], [64.4858424, 39.766786], [64.485966, 39.7681846], [64.4860199, 39.76906], [64.4861142, 39.7699267], [64.4861682, 39.770771], [64.4862445, 39.7715238], [64.4863366, 39.772482], [64.4863838, 39.773297], [64.4864804, 39.774269], [64.4865703, 39.7752772], [64.4866601, 39.7760697], [64.4867881, 39.7766584], [64.4869858, 39.7774491], [64.4871925, 39.7783192], [64.4873677, 39.7790874], [64.4875542, 39.7798867], [64.487717, 39.7807067], [64.4877929, 39.7811405], [64.487901, 39.7818485], [64.4880916, 39.7831058], [64.4882441, 39.7841702], [64.4883965, 39.7851931], [64.4885173, 39.7861134], [64.4886825, 39.7871045], [64.4887396, 39.7875561], [64.4888127, 39.7887254], [64.4889334, 39.7901193], [64.4889874, 39.7910786], [64.4890637, 39.7921282], [64.4891431, 39.7931437], [64.4892606, 39.7948621], [64.4893401, 39.7959556], [64.4893718, 39.7964364], [64.4894227, 39.79701], [64.4894862, 39.7978911], [64.4895656, 39.7989358], [64.4896525, 39.7998852], [64.4896749, 39.8004702], [64.4896885, 39.8006795], [64.4905802, 39.800589], [64.4909464, 39.8007296], [64.4911066, 39.801011], [64.4915186, 39.8015209], [64.4925028, 39.8024001], [64.4932581, 39.8032442], [64.4935099, 39.8044047], [64.4935218, 39.8058235], [64.4943505, 39.8080251], [64.496369, 39.8104796], [64.498758, 39.8107086], [64.5017334, 39.8108668], [64.5049149, 39.8111833], [64.5049378, 39.8115877], [64.507753, 39.8118514], [64.5099961, 39.8120624], [64.5104996, 39.8156841], [64.5107056, 39.8175476], [64.5111634, 39.8180223], [64.5112092, 39.8192177], [64.5120789, 39.8200615], [64.5136124, 39.8210987], [64.5176407, 39.8222589], [64.5184189, 39.8223117], [64.5189454, 39.8226632], [64.51922, 39.8232433], [64.5191056, 39.8261965], [64.5192887, 39.8266008], [64.5202271, 39.8274094], [64.5224701, 39.8280949], [64.5229279, 39.82813], [64.5234314, 39.828464], [64.5235459, 39.8299053], [64.5236145, 39.8317685], [64.5240265, 39.8334909], [64.5248047, 39.8356176], [64.5225617, 39.8371115], [64.52128, 39.8373576], [64.520662, 39.8369533], [64.5202271, 39.83676], [64.5191136, 39.8366943], [64.5177682, 39.8368215], [64.5164087, 39.8374678], [64.5142562, 39.8382258], [64.513803, 39.8371198], [64.5105176, 39.8331429], [64.5103396, 39.8327825], [64.5105985, 39.8323972], [64.5094171, 39.8308188], [64.508883, 39.8302346], [64.5083489, 39.8300606], [64.5076206, 39.8296256], [64.5069894, 39.8291284], [64.5065686, 39.8285319], [64.5035907, 39.8290787], [64.5026358, 39.8295013], [64.5015838, 39.8296132], [64.5014505, 39.8295849], [64.4995446, 39.8291533], [64.4993504, 39.8293149], [64.496065, 39.8293024], [64.4960002, 39.8290663], [64.495191, 39.8291657], [64.4917114, 39.8300979], [64.4905299, 39.8298617], [64.4892999, 39.8300357], [64.4883126, 39.8277861], [64.4884583, 39.827724], [64.4876491, 39.8257725], [64.4863058, 39.8257104], [64.4856584, 39.8236471], [64.4847683, 39.8218447], [64.4831498, 39.8182647], [64.4816932, 39.8190603], [64.4803014, 39.819744], [64.4781338, 39.8207672], [64.4773736, 39.8209742], [64.4727544, 39.8167094], [64.4695735, 39.8185356], [64.4696382, 39.8188837], [64.4696058, 39.8193063], [64.4672267, 39.8199527], [64.4628569, 39.821059], [64.4609796, 39.8214817], [64.4579369, 39.8217924], [64.458034, 39.8221902], [64.4534376, 39.8214195], [64.4522723, 39.8217178], [64.4522562, 39.8222275], [64.4481453, 39.8222399], [64.4446333, 39.8219913], [64.4442934, 39.8210963], [64.4390659, 39.8214071], [64.437318, 39.8219043], [64.4369709, 39.8214991], [64.4353187, 39.8215733], [64.4341493, 39.8217875], [64.4336879, 39.8204856], [64.4304603, 39.8208569], [64.4304795, 39.8222465], [64.4282758, 39.8221504], [64.4282548, 39.8229246], [64.4281935, 39.8251851], [64.427667, 39.8252202], [64.423982, 39.8255191], [64.4257673, 39.8289467], [64.4268888, 39.8327608], [64.4269346, 39.8347118], [64.429727, 39.8344481], [64.4308485, 39.8403534], [64.4308485, 39.8410388], [64.4303907, 39.8416187], [64.4279188, 39.8415484], [64.4280561, 39.8427961], [64.4275984, 39.8434991], [64.4264768, 39.8436397], [64.4242109, 39.8439033], [64.422563, 39.8448171], [64.4226316, 39.847084], [64.415811, 39.8445183], [64.4142317, 39.8436573], [64.4111418, 39.8415133], [64.4073423, 39.8385783], [64.401071, 39.8339736], [64.3999266, 39.8348524], [64.3962873, 39.8326554], [64.3893522, 39.8303001], [64.3873838, 39.8273647], [64.3948683, 39.8228647], [64.4009963, 39.8191956], [64.40235, 39.818385], [64.4025259, 39.8182797], [64.4073652, 39.8153758], [64.4187908, 39.8083654], [64.4146177, 39.8039764], [64.4112252, 39.8001683], [64.4089032, 39.797612], [64.4049683, 39.7947981], [64.4006751, 39.7917039], [64.3950081, 39.7874917], [64.3941347, 39.7868461], [64.3921474, 39.7853888], [64.3909306, 39.7840653], [64.390621, 39.783547], [64.3903464, 39.7828784], [64.389525, 39.7810259], [64.3889224, 39.7795659], [64.3883461, 39.7781726], [64.3881325, 39.7778485], [64.3875469, 39.7773093], [64.3865622, 39.7764571], [64.3852879, 39.7752903], [64.3839568, 39.7740647], [64.3824299, 39.7726939], [64.3803871, 39.7724057], [64.3806642, 39.7716975], [64.3817831, 39.7715618], [64.3817676, 39.7709513], [64.3793628, 39.758973]]]]}}, {"type": "Feature", "properties": {"name_uz": "Kogon", "name_en": "Kogon", "name_ru": "Коган", "osm_name": "Kogon", "osm_id": 45589941, "osm_type": "way", "place": "town", "admin_level": null, "source": "overpass", "bbox": [64.515482, 39.706072, 64.586292, 39.742571]}, "geometry": {"type": "Polygon", "coordinates": [[[64.5479746, 39.7415873], [64.5415049, 39.7424266], [64.540537, 39.7424654], [64.5397975, 39.742495], [64.5378916, 39.7425713], [64.5341859, 39.7396814], [64.5290219, 39.7367597], [64.5295068, 39.734106], [64.5273346, 39.7323926], [64.5249206, 39.7321584], [64.5227288, 39.7326716], [64.5222626, 39.7313053], [64.5158196, 39.7328029], [64.5154819, 39.7318408], [64.5189339, 39.7311683], [64.5191508, 39.7307198], [64.517892, 39.7299325], [64.5175487, 39.72914], [64.5192281, 39.7286938], [64.5210622, 39.727648], [64.522119, 39.7267644], [64.5249406, 39.7237301], [64.5246111, 39.723463], [64.5247273, 39.7233059], [64.5272136, 39.7207325], [64.5310756, 39.7168485], [64.5320772, 39.716247], [64.531899, 39.7134254], [64.5330698, 39.7133997], [64.5330216, 39.7126158], [64.5328693, 39.7121037], [64.5328599, 39.7113935], [64.5331404, 39.7101653], [64.5345556, 39.7110852], [64.5370105, 39.7120659], [64.538978, 39.7123637], [64.5404667, 39.7121822], [64.5401287, 39.7111133], [64.5391811, 39.7108394], [64.540616, 39.7080557], [64.5443337, 39.7095684], [64.5455178, 39.7100403], [64.546666, 39.7102652], [64.5502574, 39.7100016], [64.5532483, 39.7093875], [64.5680881, 39.7060724], [64.5745186, 39.7062324], [64.5785015, 39.708716], [64.5850286, 39.7136633], [64.5852955, 39.7163051], [64.586292, 39.7240705], [64.5858631, 39.7251856], [64.5847743, 39.7274896], [64.5841194, 39.7296952], [64.5835054, 39.731288], [64.5827833, 39.7323811], [64.5815319, 39.7334281], [64.5794596, 39.7343241], [64.5774798, 39.7351686], [64.5759147, 39.7358053], [64.5743206, 39.7364732], [64.5705615, 39.7372193], [64.5696223, 39.7375378], [64.5674014, 39.738862], [64.5660041, 39.7397674], [64.5620778, 39.7401983], [64.5602598, 39.7405828], [64.5549663, 39.7418811], [64.5530766, 39.7418944], [64.5479746, 39.7415873]]]}}, {"type": "Feature", "properties": {"name_uz": "G'azli", "name_en": "Gazli", "name_ru": "Газли", "osm_name": "Gazli", "osm_id": 168092808, "osm_type": "way", "place": "town", "admin_level": null, "source": "overpass", "bbox": [63.441006, 40.119206, 63.47238, 40.141203]}, "geometry": {"type": "Polygon", "coordinates": [[[63.4572322, 40.1412031], [63.4410063, 40.1345918], [63.4472173, 40.1234165], [63.4549656, 40.1192064], [63.4723802, 40.1208426], [63.4715951, 40.1256545], [63.4709731, 40.1294671], [63.4702533, 40.133878], [63.465621, 40.1361579], [63.4652324, 40.1363491], [63.4621897, 40.1378467], [63.4572322, 40.1412031]]]}}, {"type": "Feature", "properties": {"name_uz": "Romitan", "name_en": "Romitan", "name_ru": "Ромитан", "osm_name": "Romitan", "osm_id": 45589949, "osm_type": "way", "place": "town", "admin_level": null, "source": "overpass", "bbox": [64.347505, 39.91741, 64.403436, 39.949194]}, "geometry": {"type": "Polygon", "coordinates": [[[64.3943392, 39.9473996], [64.3861699, 39.9491941], [64.3779255, 39.9487441], [64.3718961, 39.939776], [64.3674805, 39.9376802], [64.3582289, 39.9421942], [64.3609623, 39.934617], [64.3573878, 39.9333271], [64.353603, 39.9354231], [64.3475054, 39.9318761], [64.3597007, 39.923814], [64.3615931, 39.9175248], [64.3657616, 39.9174096], [64.3686063, 39.9184651], [64.371055, 39.9191375], [64.3755392, 39.9200846], [64.3837301, 39.9229929], [64.3943944, 39.9257489], [64.3976038, 39.9283246], [64.4034358, 39.9330047], [64.399074, 39.941725], [64.3984781, 39.9455202], [64.3978465, 39.9469078], [64.3968891, 39.9463532], [64.3943392, 39.9473996]]]}}, {"type": "Feature", "properties": {"name_uz": "Shofirkon", "name_en": "Shafirkan", "name_ru": "Шафиркан", "osm_name": "Shofirkon", "osm_id": 179354281, "osm_type": "way", "place": "town", "admin_level": null, "source": "overpass", "bbox": [64.488864, 40.104449, 64.52093, 40.131868]}, "geometry": {"type": "Polygon", "coordinates": [[[64.4926292, 40.1245231], [64.4901626, 40.1213466], [64.4888644, 40.1175246], [64.490617, 40.1150426], [64.4939923, 40.1104756], [64.4960729, 40.1044489], [64.5022923, 40.1044803], [64.5051169, 40.1058622], [64.504019, 40.1082562], [64.5077707, 40.1074118], [64.5115178, 40.106653], [64.5162562, 40.1091352], [64.5203455, 40.1194108], [64.5209297, 40.1239275], [64.519242, 40.1275507], [64.5133353, 40.1302307], [64.5044427, 40.1318684], [64.4984061, 40.1295359], [64.4926292, 40.1245231]]]}}, {"type": "Feature", "properties": {"name_uz": "Qorovulbozor", "name_en": "Karaulbazar", "name_ru": "Каравулбазар", "osm_name": "Qorovulbozor", "osm_id": 180376290, "osm_type": "way", "place": "town", "admin_level": null, "source": "overpass", "bbox": [64.740005, 39.486533, 64.817971, 39.514873]}, "geometry": {"type": "Polygon", "coordinates": [[[64.7520164, 39.5028567], [64.740005, 39.5003765], [64.7407381, 39.4927613], [64.7513961, 39.4915428], [64.7611086, 39.4865327], [64.7744236, 39.4865333], [64.7778353, 39.4904066], [64.8048233, 39.4904097], [64.8052557, 39.49318], [64.8082337, 39.4930225], [64.8111328, 39.4969109], [64.811992, 39.4967208], [64.812368, 39.4973068], [64.8067725, 39.4992889], [64.8073354, 39.5013851], [64.8158035, 39.5007649], [64.8179711, 39.5041363], [64.815759, 39.5048697], [64.8133863, 39.5052155], [64.8134727, 39.5092056], [64.8045943, 39.5099649], [64.8008771, 39.5087954], [64.7994404, 39.5106463], [64.7957232, 39.5128632], [64.7907483, 39.5127376], [64.7887291, 39.5120253], [64.7845062, 39.5143008], [64.7809709, 39.5148732], [64.7800598, 39.5147801], [64.7648902, 39.5040763], [64.7520164, 39.5028567]]]}}, {"type": "Feature", "properties": {"name_uz": "Olot", "name_en": "Olot", "name_ru": "Олот", "osm_name": "Olot shahri", "osm_id": 15352388, "osm_type": "relation", "place": "town", "admin_level": "8", "source": "overpass", "bbox": [63.784014, 39.391416, 63.819301, 39.433222]}, "geometry": {"type": "MultiPolygon", "coordinates": [[[[63.7972211, 39.3960762], [63.7988469, 39.3959348], [63.7992581, 39.3971128], [63.7990715, 39.3972543], [63.7996039, 39.399346], [63.798768, 39.3995763], [63.7992, 39.4008678], [63.7997522, 39.4020838], [63.8007662, 39.4019845], [63.800977, 39.4035307], [63.8014145, 39.4035938], [63.8015211, 39.4040296], [63.8017706, 39.4040382], [63.8017739, 39.4044682], [63.8029057, 39.4043802], [63.802758, 39.4039818], [63.80351, 39.4039067], [63.8007295, 39.3931908], [63.8031059, 39.3928426], [63.8030227, 39.3925234], [63.8041519, 39.3924197], [63.8044952, 39.3937919], [63.8062977, 39.3938313], [63.806641, 39.3949621], [63.8053535, 39.3959088], [63.8062225, 39.3972204], [63.8088619, 39.3965156], [63.8089638, 39.3984348], [63.8087144, 39.3992701], [63.8090618, 39.4005997], [63.8133768, 39.4004936], [63.8137006, 39.4032807], [63.8139581, 39.4043833], [63.8145777, 39.4062173], [63.8154481, 39.4076462], [63.81819, 39.4109386], [63.8191532, 39.412817], [63.8193011, 39.4144963], [63.8185015, 39.4160483], [63.8103746, 39.4287185], [63.8083566, 39.4296629], [63.8068321, 39.4303422], [63.8049418, 39.4315681], [63.8042726, 39.4325283], [63.8021832, 39.4332224], [63.7986369, 39.4274159], [63.7961889, 39.4284422], [63.7936023, 39.4254066], [63.7959809, 39.4240711], [63.7895834, 39.417393], [63.7862258, 39.4138014], [63.7842107, 39.4116007], [63.7870563, 39.4104904], [63.7860503, 39.4083718], [63.7877526, 39.40794], [63.7887738, 39.4076879], [63.7879305, 39.4057557], [63.7907109, 39.4051132], [63.7893531, 39.4026185], [63.7893263, 39.401457], [63.787005, 39.3981627], [63.7840139, 39.3929836], [63.7875946, 39.3914157], [63.7877615, 39.3929814], [63.7894403, 39.3925712], [63.7892875, 39.3919994], [63.7913186, 39.3918754], [63.7915824, 39.3927849], [63.7924039, 39.3926491], [63.7928707, 39.3945155], [63.7933283, 39.3955426], [63.7951308, 39.3953066], [63.7957575, 39.3964044], [63.7972211, 39.3960762]]]]}}, {"type": "Feature", "properties": {"name_uz": "Vobkent", "name_en": "Vabkent", "name_ru": "Вабкент", "osm_name": "Vobkent", "osm_id": 179561100, "osm_type": "way", "place": "town", "admin_level": null, "source": "overpass", "bbox": [64.50042, 40.014079, 64.543507, 40.040849]}, "geometry": {"type": "Polygon", "coordinates": [[[64.5030871, 40.0140791], [64.5082023, 40.0144396], [64.5109011, 40.0145598], [64.512941, 40.0151366], [64.5149494, 40.0155932], [64.5172744, 40.0147944], [64.5191592, 40.0146903], [64.5196798, 40.0146405], [64.5211037, 40.0143137], [64.5219541, 40.0141028], [64.522571, 40.0141357], [64.5231074, 40.014337], [64.5246792, 40.0153888], [64.5252317, 40.0156435], [64.5259291, 40.0158612], [64.5269966, 40.015775], [64.5283733, 40.0157506], [64.529019, 40.015853], [64.5293008, 40.0172074], [64.5299363, 40.01771], [64.5305148, 40.0181408], [64.534563, 40.0239567], [64.5390193, 40.0238125], [64.5411218, 40.0244133], [64.542283, 40.0254466], [64.5435069, 40.0271288], [64.5403687, 40.0284024], [64.5383916, 40.028114], [64.5372619, 40.0283063], [64.5391762, 40.0317424], [64.5362263, 40.0335446], [64.5334019, 40.0342174], [64.5327429, 40.0324152], [64.5266234, 40.0340732], [64.528067, 40.0384461], [64.5237049, 40.0408487], [64.5193428, 40.0403202], [64.5124388, 40.0397916], [64.5113091, 40.0363077], [64.512941, 40.0358512], [64.5132548, 40.0344096], [64.5145414, 40.0337128], [64.5147611, 40.0327757], [64.5119681, 40.0327997], [64.50974, 40.0321029], [64.5065704, 40.0325594], [64.5037147, 40.0324873], [64.5031498, 40.0300844], [64.5034636, 40.0291713], [64.5020201, 40.0289551], [64.5031812, 40.0277295], [64.502177, 40.0266482], [64.5005137, 40.026552], [64.5004196, 40.0259032], [64.5059114, 40.0238365], [64.5055348, 40.0219861], [64.5013924, 40.0225388], [64.5012355, 40.0198712], [64.5043423, 40.0188138], [64.5037461, 40.0175881], [64.5026477, 40.0156173], [64.5030871, 40.0140791]]]}}, {"type": "Feature", "properties": {"name_uz": "G'ijduvon", "name_en": "Ghijduvon", "name_ru": "Гиждуван", "osm_name": "Gʻijduvon", "osm_id": 176098986, "osm_type": "way", "place": "town", "admin_level": null, "source": "overpass", "bbox": [64.639505, 40.078515, 64.716905, 40.121126]}, "geometry": {"type": "Polygon", "coordinates": [[[64.6870094, 40.1185144], [64.6841827, 40.1211263], [64.6796678, 40.1193851], [64.6739359, 40.1165029], [64.6727581, 40.1132603], [64.6673402, 40.1142511], [64.6645528, 40.1114287], [64.6651417, 40.1096872], [64.668204, 40.1081859], [64.6682432, 40.1067746], [64.6639246, 40.1078856], [64.662472, 40.1057537], [64.6609409, 40.1039219], [64.6592527, 40.102991], [64.6568579, 40.1065344], [64.6516756, 40.1045525], [64.6481815, 40.1053933], [64.6470037, 40.1025106], [64.6486526, 40.1010691], [64.6460614, 40.1003784], [64.6471214, 40.0969248], [64.6539526, 40.098967], [64.6547177, 40.0963134], [64.6542275, 40.0947925], [64.6520289, 40.0948826], [64.6490059, 40.0922096], [64.645394, 40.0900772], [64.6450407, 40.0877344], [64.6409184, 40.0868634], [64.639505, 40.083349], [64.6463037, 40.0831459], [64.6524666, 40.0785154], [64.6606283, 40.0792376], [64.6617054, 40.0795487], [64.6690121, 40.081659], [64.6715661, 40.0797049], [64.6766741, 40.0805545], [64.6784023, 40.0858935], [64.6831789, 40.0851454], [64.6849045, 40.0850971], [64.6933358, 40.0861334], [64.7112698, 40.0884152], [64.7138182, 40.1000509], [64.7169055, 40.1063986], [64.7027138, 40.1076101], [64.6911451, 40.1102146], [64.6928634, 40.1117027], [64.6889401, 40.1133365], [64.6940229, 40.1160562], [64.6928865, 40.1183105], [64.6902769, 40.120306], [64.6870094, 40.1185144]]]}}, {"type": "Feature", "properties": {"name_uz": "Qorako'l", "name_en": "Karakul", "name_ru": "Каракуль", "osm_name": "Qorako'l", "osm_id": 271817756, "osm_type": "way", "place": "town", "admin_level": null, "source": "overpass", "bbox": [63.815965, 39.475663, 63.871335, 39.563471]}, "geometry": {"type": "Polygon", "coordinates": [[[63.8497839, 39.5253447], [63.8517408, 39.5222313], [63.8573263, 39.5192122], [63.8590579, 39.5180833], [63.863416, 39.5144515], [63.860914, 39.5116638], [63.8649094, 39.5090216], [63.866051, 39.5049324], [63.871335, 39.4994186], [63.8624425, 39.5008972], [63.8621163, 39.4879351], [63.8555116, 39.4813273], [63.8522501, 39.475663], [63.8445038, 39.4788728], [63.8370022, 39.4857955], [63.8273806, 39.4901376], [63.8319468, 39.519581], [63.8255868, 39.5234177], [63.8166175, 39.5314051], [63.8234667, 39.5425985], [63.8159651, 39.5503951], [63.829256, 39.5585051], [63.8347191, 39.5634712], [63.8607301, 39.5596366], [63.8569793, 39.54744], [63.8530655, 39.5410265], [63.8453192, 39.5328673], [63.8450463, 39.5302102], [63.8473906, 39.5282763], [63.8497839, 39.5253447]]]}}, {"type": "Feature", "properties": {"name_uz": "Beshkent", "name_en": "Beshkent", "name_ru": "Бешкент", "osm_name": "Beshkent", "osm_id": 1136508066, "osm_type": "way", "place": "town", "admin_level": null, "source": "overpass", "bbox": [65.629032, 38.804051, 65.670252, 38.837068]}, "geometry": {"type": "Polygon", "coordinates": [[[65.6443148, 38.8316713], [65.6426891, 38.8300322], [65.6424, 38.8299407], [65.6406834, 38.8295325], [65.6363198, 38.826851], [65.6357394, 38.8262105], [65.6355664, 38.8261124], [65.6352046, 38.8254323], [65.6367068, 38.8250463], [65.6372652, 38.8250218], [65.6369128, 38.8204654], [65.6381555, 38.8204408], [65.6380768, 38.8165803], [65.6308411, 38.816421], [65.6304322, 38.8156489], [65.6290322, 38.8128176], [65.6314278, 38.8125749], [65.6317599, 38.8122514], [65.636762, 38.8118633], [65.637862, 38.8115883], [65.6382771, 38.8107312], [65.6432146, 38.8091663], [65.6458855, 38.8083422], [65.6465551, 38.8081165], [65.6468114, 38.8080422], [65.6499345, 38.8138256], [65.6555167, 38.8119194], [65.6567744, 38.8118126], [65.6575373, 38.8118498], [65.6577161, 38.8107026], [65.6579009, 38.809221], [65.6580752, 38.8084518], [65.6582734, 38.8076838], [65.6584686, 38.806734], [65.6588678, 38.8040506], [65.6596415, 38.8042106], [65.6597031, 38.8046161], [65.6669196, 38.8078548], [65.6673261, 38.808021], [65.6672016, 38.8094281], [65.6671745, 38.8148091], [65.670235, 38.8149255], [65.6702523, 38.8171174], [65.6697161, 38.8171148], [65.6694169, 38.8171133], [65.6693909, 38.8178693], [65.669365, 38.8180634], [65.6692249, 38.8189649], [65.6691938, 38.8190701], [65.6689914, 38.8190741], [65.6689914, 38.8208893], [65.6690796, 38.8209014], [65.6690392, 38.8219234], [65.6690225, 38.8223447], [65.6677304, 38.8223274], [65.6671248, 38.8225909], [65.6662933, 38.8232886], [65.6657688, 38.826437], [65.666355, 38.8297622], [65.666396, 38.8299543], [65.6593439, 38.8306903], [65.6614751, 38.8337376], [65.6615685, 38.8341499], [65.6615062, 38.8359768], [65.6583929, 38.8370681], [65.6564937, 38.8370681], [65.654798, 38.8345041], [65.6545954, 38.8342998], [65.6541185, 38.8344856], [65.6537013, 38.833817], [65.6534152, 38.8341048], [65.6517582, 38.8317926], [65.6510204, 38.830693], [65.6505596, 38.8308549], [65.6504512, 38.8305733], [65.6501802, 38.8306578], [65.6499724, 38.8304396], [65.6480571, 38.8310238], [65.6443148, 38.8316713]]]}}, {"type": "Feature", "properties": {"name_uz": "Jizzax", "name_en": "Jizzakh", "name_ru": "Джизак", "osm_name": "Jizzax", "osm_id": 173931100, "osm_type": "way", "place": "city", "admin_level": null, "source": "overpass", "bbox": [67.759901, 40.088172, 67.914255, 40.183927]}, "geometry": {"type": "Polygon", "coordinates": [[[67.8536153, 40.1757796], [67.8492878, 40.1804557], [67.8462045, 40.1837225], [67.841963, 40.1839271], [67.840189, 40.1802027], [67.838157, 40.1803045], [67.837737, 40.1784885], [67.8373293, 40.1772507], [67.8360528, 40.1748645], [67.8347241, 40.1723901], [67.8335586, 40.1707236], [67.8331445, 40.1665043], [67.8330698, 40.1659027], [67.8330414, 40.1656744], [67.8323578, 40.1657369], [67.8314179, 40.1654021], [67.8289515, 40.1644006], [67.8278971, 40.1640405], [67.8284348, 40.1628487], [67.8263208, 40.1614315], [67.8249216, 40.1606688], [67.8277859, 40.1574999], [67.8237509, 40.155373], [67.8238372, 40.1551994], [67.8240309, 40.1550302], [67.8216721, 40.1535603], [67.819994, 40.1547654], [67.8187533, 40.1555578], [67.8184263, 40.1558027], [67.8178001, 40.1565147], [67.8146935, 40.1555971], [67.8121153, 40.1545797], [67.811491, 40.1538561], [67.8116415, 40.1526816], [67.8122711, 40.1508104], [67.8128763, 40.148875], [67.8142637, 40.1471672], [67.8151107, 40.1463829], [67.8129307, 40.1455703], [67.8098023, 40.1444174], [67.8114577, 40.1412555], [67.8126448, 40.1393792], [67.8155873, 40.1403654], [67.8159584, 40.1380955], [67.816382, 40.1373489], [67.8170088, 40.1367514], [67.8114412, 40.1353852], [67.8125288, 40.1335734], [67.8124618, 40.1333623], [67.8132106, 40.1331471], [67.8143944, 40.1324501], [67.8149903, 40.1315115], [67.8150902, 40.1307531], [67.8150707, 40.1306326], [67.8148315, 40.130551], [67.8145859, 40.1307096], [67.8135222, 40.1307027], [67.8098403, 40.1282876], [67.808421, 40.1273717], [67.8086409, 40.1269248], [67.8082103, 40.1259681], [67.8080187, 40.1246652], [67.8073121, 40.1255931], [67.8067268, 40.1261567], [67.8060199, 40.1270843], [67.8049962, 40.1281723], [67.8029692, 40.129129], [67.801533, 40.1297054], [67.8010302, 40.128838], [67.7997546, 40.1274174], [67.7983084, 40.1277997], [67.7963117, 40.1282082], [67.7952332, 40.1275577], [67.7925831, 40.1282002], [67.7923509, 40.1274466], [67.7929962, 40.1262971], [67.7932652, 40.1256], [67.7953289, 40.1040123], [67.7947972, 40.1034546], [67.7940568, 40.1038809], [67.7932379, 40.1041683], [67.7928015, 40.1042829], [67.7917117, 40.10433], [67.7899277, 40.1043279], [67.7890821, 40.1046234], [67.7874721, 40.1051198], [67.7850133, 40.105329], [67.7832137, 40.1053883], [67.7815736, 40.1044824], [67.7800623, 40.1063338], [67.7795488, 40.1069501], [67.7793672, 40.1079885], [67.7785414, 40.1082082], [67.7777586, 40.1079725], [67.7756947, 40.1080656], [67.7743356, 40.1081409], [67.7728567, 40.1084781], [67.771528, 40.1089301], [67.7694549, 40.1091365], [67.7685953, 40.1094326], [67.7670599, 40.1097656], [67.7661669, 40.1097845], [67.7657112, 40.1098641], [67.7647372, 40.1103962], [67.7638205, 40.110741], [67.7605181, 40.1073542], [67.765428, 40.102938], [67.7673371, 40.101694], [67.7708008, 40.0989268], [67.7733588, 40.0954905], [67.773664, 40.0946433], [67.7730939, 40.0942963], [67.7721105, 40.0940672], [67.7706057, 40.0949853], [67.7678993, 40.0939992], [67.7610704, 40.0933403], [67.7599007, 40.0897573], [67.7671317, 40.0881722], [67.7694241, 40.0892356], [67.7716921, 40.0897782], [67.7746259, 40.0892416], [67.777092, 40.0903746], [67.7811861, 40.0928291], [67.7838532, 40.0945703], [67.7856872, 40.0943003], [67.7953739, 40.0954754], [67.7978877, 40.0952662], [67.7990076, 40.0955377], [67.800361, 40.0956091], [67.8017879, 40.0961092], [67.8041903, 40.0947692], [67.8049432, 40.0936133], [67.8082337, 40.0924352], [67.8084406, 40.0909744], [67.8104399, 40.0906845], [67.8144283, 40.0891578], [67.8176933, 40.0892932], [67.8196023, 40.089423], [67.823923, 40.0889155], [67.8308691, 40.0909209], [67.8340332, 40.0922842], [67.8367351, 40.0937443], [67.8390617, 40.0943002], [67.8419976, 40.0943045], [67.8464946, 40.0942093], [67.8502238, 40.0932011], [67.8654176, 40.0931881], [67.8683709, 40.0938187], [67.8702228, 40.0938188], [67.8725677, 40.093811], [67.884514, 40.0936418], [67.8846098, 40.0942612], [67.8841971, 40.0943673], [67.8830307, 40.0948729], [67.8819293, 40.0956452], [67.8811572, 40.0963864], [67.8831921, 40.0963303], [67.8822713, 40.0976708], [67.8817193, 40.0984538], [67.8812365, 40.0991871], [67.8808401, 40.0999943], [67.8807103, 40.1006665], [67.8807774, 40.1011442], [67.8810529, 40.1016795], [67.881829, 40.103014], [67.8850819, 40.1081171], [67.8894344, 40.1145666], [67.8906954, 40.1166997], [67.8923844, 40.1192495], [67.8953819, 40.123866], [67.8984895, 40.1284781], [67.899814, 40.1304519], [67.9023189, 40.1342177], [67.9044697, 40.1374392], [67.9076144, 40.1420823], [67.9080524, 40.1427067], [67.9085142, 40.1435902], [67.9087919, 40.1442604], [67.9094291, 40.1461515], [67.9098719, 40.1474588], [67.9101691, 40.1483336], [67.9107231, 40.1497141], [67.9112353, 40.1509084], [67.9118491, 40.1519156], [67.912759, 40.1531988], [67.9129216, 40.1534399], [67.9130479, 40.1540166], [67.9133057, 40.1558383], [67.9137602, 40.157289], [67.9142551, 40.1587097], [67.9139527, 40.1587527], [67.9113578, 40.159122], [67.9079696, 40.1595088], [67.9067751, 40.1579282], [67.9032778, 40.1575372], [67.8973006, 40.1586251], [67.8941655, 40.1544334], [67.891998, 40.1506768], [67.8942642, 40.1497756], [67.8935159, 40.1485281], [67.8945303, 40.1481913], [67.8918207, 40.14397], [67.8905319, 40.1443676], [67.8892814, 40.142093], [67.8860308, 40.1391721], [67.8849757, 40.1400078], [67.8831837, 40.1378589], [67.8805047, 40.1358084], [67.8787767, 40.1342499], [67.8775418, 40.1328719], [67.87423, 40.1305814], [67.8727123, 40.129219], [67.8733412, 40.1277695], [67.8710632, 40.1267851], [67.8688172, 40.1264406], [67.8676126, 40.1260632], [67.8671642, 40.1255874], [67.8661763, 40.1254112], [67.8635122, 40.124342], [67.8622646, 40.1235108], [67.861745, 40.123168], [67.8578121, 40.1251963], [67.8541042, 40.1270942], [67.852168, 40.1256545], [67.8520709, 40.1255167], [67.8518602, 40.1256419], [67.8517993, 40.1256746], [67.8436325, 40.1310237], [67.8413566, 40.1362622], [67.842395, 40.1365792], [67.8429099, 40.1367363], [67.8406737, 40.1386928], [67.845169, 40.1399761], [67.8472663, 40.1403066], [67.8482353, 40.1406493], [67.8490873, 40.1403351], [67.8491358, 40.1407778], [67.8505299, 40.1405065], [67.8505808, 40.1411919], [67.8543638, 40.1409634], [67.8549018, 40.150418], [67.8518262, 40.150102], [67.8512607, 40.1521177], [67.8512581, 40.1544818], [67.8514809, 40.1569346], [67.861603, 40.1623369], [67.8528594, 40.1739131], [67.8523349, 40.1746976], [67.8536153, 40.1757796]]]}}, {"type": "Feature", "properties": {"name_uz": "Yangiyer", "name_en": "Yangiyer", "name_ru": "Янгиер", "osm_name": "Yangiyer shahri", "osm_id": 11086479, "osm_type": "relation", "place": "town", "admin_level": "6", "source": "overpass", "bbox": [68.778274, 40.247826, 68.851124, 40.309356]}, "geometry": {"type": "MultiPolygon", "coordinates": [[[[68.7882425, 40.2663198], [68.7921202, 40.2653614], [68.794458, 40.2655014], [68.8055051, 40.2684771], [68.8062377, 40.2686429], [68.8068055, 40.2687081], [68.8082027, 40.2686761], [68.807968, 40.2669862], [68.8081479, 40.2657352], [68.8083815, 40.2641106], [68.813219, 40.2478256], [68.8202079, 40.2491962], [68.8197165, 40.2507772], [68.8232045, 40.2515606], [68.8222092, 40.2547931], [68.8282031, 40.2550408], [68.8284292, 40.2536072], [68.8363979, 40.254861], [68.8360698, 40.2560139], [68.8355789, 40.2573665], [68.833799, 40.2570382], [68.8330636, 40.2596775], [68.8365569, 40.2603464], [68.833953, 40.2686401], [68.837693, 40.2691411], [68.8413902, 40.2709326], [68.8462225, 40.2733569], [68.8495554, 40.2750853], [68.8511239, 40.2758674], [68.8494245, 40.277414], [68.8453937, 40.2812495], [68.8306203, 40.2795361], [68.8278333, 40.2884601], [68.8214815, 40.3093558], [68.8087681, 40.3070443], [68.8071292, 40.3027248], [68.7992849, 40.2817615], [68.7979791, 40.2775921], [68.7825566, 40.2775369], [68.7793756, 40.2726004], [68.7783815, 40.2695158], [68.778274, 40.2689623], [68.7883501, 40.26655], [68.7882425, 40.2663198]]]]}}, {"type": "Feature", "properties": {"name_uz": "G'allaorol", "name_en": "Gallaorol", "name_ru": "Галляарал", "osm_name": "G'allaorol", "osm_id": 172654947, "osm_type": "way", "place": "town", "admin_level": null, "source": "overpass", "bbox": [67.564768, 40.009212, 67.618491, 40.050631]}, "geometry": {"type": "Polygon", "coordinates": [[[67.5847156, 40.0409005], [67.5725104, 40.0374424], [67.5710986, 40.035348], [67.5730141, 40.0295443], [67.5665628, 40.0279143], [67.5647685, 40.0226975], [67.5702284, 40.0204244], [67.5679513, 40.0192185], [67.5701606, 40.0169806], [67.5738942, 40.0123471], [67.5767043, 40.0122572], [67.5777534, 40.0107079], [67.5835115, 40.0137862], [67.5841409, 40.0131414], [67.5851073, 40.01264], [67.5861119, 40.011478], [67.5862803, 40.0111012], [67.5869615, 40.0106343], [67.5878006, 40.0098452], [67.5884616, 40.0093914], [67.589653, 40.0092119], [67.5905621, 40.0095266], [67.5957555, 40.0109198], [67.597737, 40.0151152], [67.6034025, 40.0184018], [67.6063666, 40.0204425], [67.6106629, 40.0227942], [67.6145562, 40.0259662], [67.6158408, 40.0251904], [67.6168111, 40.0266405], [67.618244, 40.0288079], [67.6184911, 40.0308903], [67.6181928, 40.0337046], [67.6127043, 40.0323957], [67.6114869, 40.0336617], [67.6118428, 40.0383369], [67.6070471, 40.042144], [67.6046736, 40.0411059], [67.6018752, 40.0482226], [67.6009523, 40.0497379], [67.5968637, 40.0506308], [67.5912792, 40.0492429], [67.5915886, 40.0453316], [67.5891328, 40.0435322], [67.5874271, 40.0428305], [67.584501, 40.0424743], [67.5847156, 40.0409005]]]}}, {"type": "Feature", "properties": {"name_uz": "Do'stlik", "name_en": "Dustlik", "name_ru": "Дустлик", "osm_name": "Do'stlik", "osm_id": 45580216, "osm_type": "way", "place": "town", "admin_level": null, "source": "overpass", "bbox": [69.422216, 41.246776, 69.449108, 41.265947]}, "geometry": {"type": "Polygon", "coordinates": [[[69.4406529, 41.2636304], [69.4376452, 41.2623752], [69.4368816, 41.261995], [69.4363511, 41.2616504], [69.4344869, 41.2601059], [69.4327864, 41.2587107], [69.4322384, 41.2581872], [69.4312724, 41.2561413], [69.4262323, 41.2573002], [69.423887, 41.2540101], [69.4223649, 41.2531764], [69.4222162, 41.2528915], [69.4227686, 41.252316], [69.4240773, 41.2509527], [69.4238301, 41.2507886], [69.4236604, 41.2503789], [69.4230041, 41.249094], [69.4263004, 41.2472833], [69.4291983, 41.250726], [69.4292728, 41.2507624], [69.4299309, 41.2497233], [69.4304318, 41.2492428], [69.4305698, 41.2491527], [69.4334507, 41.2467759], [69.435397, 41.2472507], [69.4393845, 41.2483199], [69.4394356, 41.2484014], [69.4396582, 41.2483177], [69.4429919, 41.2508845], [69.4452372, 41.2525226], [69.4491083, 41.2550716], [69.4490856, 41.2552662], [69.446435, 41.2553242], [69.4464122, 41.2570695], [69.4451505, 41.2573848], [69.4479136, 41.2622701], [69.4467712, 41.2625028], [69.4461771, 41.2627795], [69.4457121, 41.2628949], [69.4454391, 41.2659474], [69.4442643, 41.2645312], [69.4415949, 41.2657312], [69.4406529, 41.2636304]]]}}, {"type": "Feature", "properties": {"name_uz": "Zafarobod", "name_en": "Zafarabad", "name_ru": "Зафаробод", "osm_name": "Zafarobod", "osm_id": 174307263, "osm_type": "way", "place": "town", "admin_level": null, "source": "overpass", "bbox": [67.801588, 40.377612, 67.835128, 40.403407]}, "geometry": {"type": "Polygon", "coordinates": [[[67.8114013, 40.3922924], [67.8091192, 40.3917554], [67.8015876, 40.401544], [67.8055358, 40.4034068], [67.8138614, 40.3937492], [67.8274594, 40.3998645], [67.8351277, 40.3906045], [67.8314459, 40.3887809], [67.8339887, 40.3857695], [67.8245097, 40.3829542], [67.8271061, 40.3791457], [67.8234832, 40.3776118], [67.819018, 40.3829884], [67.8114013, 40.3922924]]]}}, {"type": "Feature", "properties": {"name_uz": "Zomin", "name_en": "Zomin", "name_ru": "Зомин", "osm_name": "Zomin", "osm_id": 1380186851, "osm_type": "way", "place": "city", "admin_level": null, "source": "overpass", "bbox": [68.378759, 39.938826, 68.440728, 39.996179]}, "geometry": {"type": "Polygon", "coordinates": [[[68.3820095, 39.9576694], [68.3799281, 39.9563947], [68.3796813, 39.9572335], [68.3787586, 39.9576201], [68.3793595, 39.9590756], [68.3793166, 39.9604408], [68.3792093, 39.9609835], [68.3804002, 39.9641084], [68.3812906, 39.9640179], [68.3815053, 39.9676277], [68.38187, 39.9711716], [68.3836724, 39.9713936], [68.3847882, 39.9713361], [68.387065, 39.9719527], [68.3937361, 39.9730216], [68.3962467, 39.9731449], [68.3996906, 39.9734327], [68.4005918, 39.9731532], [68.4025552, 39.976039], [68.4037997, 39.9779464], [68.4043576, 39.9805854], [68.4053018, 39.9805608], [68.4060314, 39.9815637], [68.4070935, 39.9814487], [68.4087028, 39.9853371], [68.4082952, 39.9854439], [68.4097221, 39.9874497], [68.4142711, 39.993105], [68.4172966, 39.9961791], [68.4406855, 39.9891924], [68.4371664, 39.9838985], [68.4407284, 39.9827969], [68.4304716, 39.9677018], [68.4323814, 39.9666493], [68.4332826, 39.9640015], [68.4325101, 39.9622582], [68.4332397, 39.9616661], [68.4364369, 39.9615509], [68.4356215, 39.957176], [68.4240129, 39.9554489], [68.420923, 39.9548239], [68.4147002, 39.9542646], [68.4145286, 39.9533435], [68.4131553, 39.9508762], [68.4115674, 39.9510406], [68.4089925, 39.9511393], [68.4073188, 39.9487377], [68.4043147, 39.9500866], [68.405173, 39.9518302], [68.4025981, 39.9514354], [68.4017184, 39.9491654], [68.4002163, 39.949297], [68.4000232, 39.9509748], [68.3992078, 39.9516657], [68.398092, 39.9517973], [68.3980062, 39.9522908], [68.3970406, 39.9521756], [68.3963325, 39.950284], [68.3958175, 39.9503004], [68.3956029, 39.9487048], [68.3948304, 39.9488693], [68.395045, 39.9514683], [68.3939721, 39.9514683], [68.3916333, 39.9456121], [68.3907535, 39.9388259], [68.3871057, 39.9411045], [68.390732, 39.9479481], [68.3908719, 39.9537754], [68.3919766, 39.9557532], [68.3820095, 39.9576694]]]}}, {"type": "Feature", "properties": {"name_uz": "Forish", "name_en": "Forish", "name_ru": "Фориш", "osm_name": "Forish QFY", "osm_id": 15640249, "osm_type": "relation", "place": null, "admin_level": "8", "source": "overpass", "bbox": [66.937285, 40.329988, 67.255709, 40.581316]}, "geometry": {"type": "MultiPolygon", "coordinates": [[[[66.9394421, 40.452602], [66.9372849, 40.4412342], [66.951258, 40.4317121], [66.9827993, 40.4099556], [66.9839418, 40.4091711], [66.9969632, 40.4139399], [67.0254981, 40.4032753], [67.0511613, 40.4073886], [67.058448, 40.402018], [67.0587191, 40.3984764], [67.0592981, 40.397886], [67.0596531, 40.3971747], [67.0597745, 40.3962713], [67.059625, 40.3952612], [67.0590273, 40.3945001], [67.0578224, 40.3937319], [67.0564681, 40.3926364], [67.0576917, 40.3919322], [67.059102, 40.3914484], [67.0610727, 40.3909149], [67.0615397, 40.391043], [67.0624737, 40.3913062], [67.0634918, 40.391107], [67.0661537, 40.3900684], [67.0679376, 40.3893001], [67.0690211, 40.3875714], [67.0694974, 40.3868315], [67.0700765, 40.3859351], [67.070805, 40.3851952], [67.0718418, 40.3840285], [67.0728318, 40.3837652], [67.0735977, 40.3841779], [67.074569, 40.3847399], [67.0757179, 40.384121], [67.0767359, 40.3839004], [67.0782677, 40.3838791], [67.0792204, 40.383687], [67.0776886, 40.382506], [67.0773524, 40.381517], [67.0779314, 40.3793114], [67.0786133, 40.3788916], [67.078688, 40.3780592], [67.0779128, 40.3780165], [67.077343, 40.3772054], [67.0774271, 40.3759815], [67.0786413, 40.374836], [67.0801263, 40.3739181], [67.0826762, 40.3730286], [67.0823493, 40.3713636], [67.0819196, 40.3699617], [67.0814713, 40.3671651], [67.0831058, 40.3657134], [67.0849831, 40.3655924], [67.0849738, 40.3640624], [67.0861039, 40.3631514], [67.0873462, 40.3625892], [67.089896, 40.3620982], [67.0916612, 40.3609524], [67.0938061, 40.3622694], [67.0949175, 40.36212], [67.0955059, 40.3614581], [67.0959543, 40.3605756], [67.0959449, 40.3598853], [67.0956647, 40.3591451], [67.096113, 40.3581701], [67.0970751, 40.3570455], [67.0971311, 40.356348], [67.097981, 40.35501], [67.0989711, 40.3548035], [67.1009231, 40.3536078], [67.101717, 40.3523266], [67.1027631, 40.3514369], [67.1039773, 40.3499634], [67.1047992, 40.3485327], [67.1060508, 40.346803], [67.1069007, 40.3454505], [67.1097868, 40.3433433], [67.1105433, 40.3425959], [67.1104966, 40.3416491], [67.1109274, 40.3412375], [67.1114493, 40.3407663], [67.1122992, 40.3398835], [67.1129401, 40.3388833], [67.1145709, 40.3373131], [67.115573, 40.3371163], [67.1160776, 40.3365955], [67.1164503, 40.3362641], [67.1168695, 40.3365127], [67.1169937, 40.3372228], [67.1174751, 40.3379744], [67.1179875, 40.3389331], [67.1190356, 40.3397083], [67.1195558, 40.3407498], [67.1204253, 40.3420872], [67.121225, 40.3427381], [67.1223585, 40.3432529], [67.1235464, 40.3437322], [67.1242373, 40.3448033], [67.1243926, 40.3452116], [67.1246721, 40.3455962], [67.1250836, 40.3460518], [67.1254562, 40.3463891], [67.1259143, 40.3464423], [67.126714, 40.3459985], [67.1271876, 40.3455074], [67.1275369, 40.3449867], [67.128026, 40.3444601], [67.1286006, 40.3441642], [67.129012, 40.3445074], [67.1296331, 40.3447678], [67.1307977, 40.344608], [67.1317061, 40.3444601], [67.1320321, 40.3439334], [67.1329094, 40.3431583], [67.1334296, 40.3430281], [67.1337635, 40.343679], [67.1342914, 40.3450873], [67.1350988, 40.3464068], [67.1371019, 40.3464837], [67.1374823, 40.3468684], [67.1376609, 40.3472234], [67.1385071, 40.3482766], [67.1393145, 40.3487499], [67.1398347, 40.3489866], [67.1401918, 40.348815], [67.1406499, 40.3484659], [67.1414108, 40.348247], [67.1422725, 40.3478269], [67.1437166, 40.3476494], [67.1442523, 40.347176], [67.1450209, 40.3457441], [67.1457585, 40.3455725], [67.1466824, 40.34575], [67.1474044, 40.3455429], [67.1482118, 40.345111], [67.1491046, 40.3442175], [67.1505487, 40.3434009], [67.1511465, 40.3434364], [67.1519695, 40.3436849], [67.153002, 40.3440754], [67.1549663, 40.342673], [67.1572721, 40.3412173], [67.1570547, 40.3385899], [67.1568917, 40.3376844], [67.1569383, 40.3370927], [67.1583125, 40.336418], [67.159477, 40.3359978], [67.1607736, 40.3357729], [67.1622099, 40.335335], [67.1632114, 40.3353705], [67.1637704, 40.3350154], [67.1649427, 40.3344414], [67.166216, 40.3343704], [67.1675125, 40.333891], [67.1690497, 40.3338851], [67.1706258, 40.3339324], [67.1710295, 40.33353], [67.1719456, 40.3320386], [67.1729704, 40.3315414], [67.174399, 40.3313402], [67.1754238, 40.3310088], [67.1767591, 40.3304643], [67.1786613, 40.3303459], [67.18061, 40.330121], [67.1812583, 40.3299878], [67.1907173, 40.3513876], [67.1900822, 40.3591371], [67.1803927, 40.365945], [67.1868205, 40.3753272], [67.2038073, 40.3955146], [67.2123004, 40.4018174], [67.2171906, 40.4130881], [67.2296042, 40.4501605], [67.2414992, 40.4932069], [67.251233, 40.5225363], [67.2557091, 40.5273973], [67.2556588, 40.5277764], [67.2547985, 40.5285937], [67.2541211, 40.5289207], [67.2535081, 40.5291904], [67.2529704, 40.530727], [67.2519918, 40.5308987], [67.2516692, 40.531103], [67.2510563, 40.5312011], [67.2504971, 40.5312011], [67.2486905, 40.5314626], [67.2482711, 40.5315117], [67.2471742, 40.5319857], [67.2464559, 40.5317696], [67.2452851, 40.5318594], [67.2445762, 40.5319573], [67.2438243, 40.5319818], [67.2430295, 40.5322594], [67.2419983, 40.5324145], [67.2413968, 40.5328145], [67.240849, 40.5335166], [67.2398286, 40.5338513], [67.2392593, 40.5342187], [67.2377448, 40.5347411], [67.2372829, 40.5350432], [67.2362517, 40.534986], [67.234748, 40.5347411], [67.2336201, 40.5351575], [67.2329112, 40.5356473], [67.231676, 40.535982], [67.2312141, 40.5361779], [67.2299144, 40.5365371], [67.2292377, 40.5365861], [67.228314, 40.536431], [67.2277232, 40.5370105], [67.2270787, 40.5375085], [67.2263376, 40.5379411], [67.2259402, 40.5388799], [67.224619, 40.538684], [67.2235019, 40.5386921], [67.2227178, 40.5389207], [67.2218692, 40.5391248], [67.2211603, 40.5388717], [67.2206877, 40.538937], [67.2198714, 40.5388554], [67.2186146, 40.5393452], [67.2175405, 40.5389207], [67.2169497, 40.5384472], [67.2159723, 40.5384717], [67.2146296, 40.5383411], [67.2137703, 40.5382513], [67.2129433, 40.5383656], [67.2123095, 40.5387493], [67.2116436, 40.5387656], [67.2112569, 40.539386], [67.2105372, 40.5401451], [67.2098498, 40.5407573], [67.2085823, 40.5414104], [67.2078304, 40.5417205], [67.2074223, 40.5420144], [67.2064663, 40.5420389], [67.2055211, 40.5421287], [67.2047262, 40.5424307], [67.2038562, 40.5423817], [67.2027928, 40.5426919], [67.202578, 40.5431163], [67.2018368, 40.5437285], [67.2000538, 40.5439571], [67.1992482, 40.5440224], [67.1989689, 40.5444141], [67.1983781, 40.544757], [67.1976048, 40.5451488], [67.1970247, 40.5451732], [67.1964232, 40.5456711], [67.1956284, 40.5457201], [67.194812, 40.5459078], [67.1935016, 40.5461282], [67.192116, 40.546773], [67.1916434, 40.5468954], [67.1908808, 40.5474913], [67.19029, 40.5478422], [67.1888721, 40.5480789], [67.1879806, 40.5486258], [67.1870354, 40.5490012], [67.1867669, 40.5492379], [67.185929, 40.5496786], [67.1855853, 40.5501275], [67.1849838, 40.5505111], [67.1841245, 40.551009], [67.1834263, 40.551262], [67.1827174, 40.5517925], [67.182277, 40.5519965], [67.181654, 40.5531636], [67.1807518, 40.5531227], [67.1800907, 40.5537163], [67.1799642, 40.5539928], [67.1796989, 40.554403], [67.1624657, 40.5223679], [67.0996076, 40.5511197], [67.1057333, 40.5813157], [67.0588063, 40.5690544], [67.0431598, 40.5780575], [67.0233354, 40.5418484], [67.0001152, 40.5101744], [66.9777132, 40.4909294], [66.9574124, 40.47143], [66.9394421, 40.452602]]]]}}, {"type": "Feature", "properties": {"name_uz": "Bag'dod", "name_en": "Bagdad", "name_ru": "Багдод", "osm_name": "Bagʻdod", "osm_id": 295885865, "osm_type": "node", "place": "town", "admin_level": null, "source": "overpass-node", "bbox": [71.176662, 40.434, 71.247706, 40.488054]}, "geometry": {"type": "Point", "coordinates": [71.2121841, 40.461027]}}, {"type": "Feature", "properties": {"name_uz": "Baliqchi", "name_en": "Balikchi", "name_ru": "Баликчи", "osm_name": "Baliqchi", "osm_id": 62209363, "osm_type": "way", "place": "town", "admin_level": null, "source": "overpass", "bbox": [71.792171, 40.884403, 71.884556, 40.919398]}, "geometry": {"type": "Polygon", "coordinates": [[[71.8240891, 40.8954338], [71.8129418, 40.8965651], [71.8124269, 40.8934509], [71.806762, 40.890596], [71.8009255, 40.8935806], [71.7974923, 40.8935806], [71.7944024, 40.8926723], [71.7921708, 40.8959163], [71.8017838, 40.8994197], [71.8021272, 40.905907], [71.8065904, 40.906426], [71.8091653, 40.9056475], [71.8076203, 40.9040906], [71.8096803, 40.901885], [71.8098519, 40.900328], [71.8122552, 40.9004577], [71.8124269, 40.9020147], [71.8148301, 40.9021445], [71.8172334, 40.9009767], [71.8215249, 40.9020147], [71.8249581, 40.9055178], [71.8239282, 40.9108369], [71.8258164, 40.9110964], [71.8273614, 40.9148584], [71.8294213, 40.9143395], [71.830108, 40.9118747], [71.8383477, 40.9108369], [71.8486474, 40.9112261], [71.8522523, 40.9112261], [71.8692468, 40.9193985], [71.873195, 40.9148584], [71.8759274, 40.9125721], [71.8792407, 40.9110518], [71.8800688, 40.9122518], [71.8818444, 40.9108816], [71.884556, 40.9084486], [71.880169, 40.9039083], [71.8767873, 40.9074053], [71.8715185, 40.9072078], [71.8724385, 40.9059169], [71.8673289, 40.9040534], [71.8675041, 40.8963158], [71.8616937, 40.892283], [71.8538035, 40.8919531], [71.8522523, 40.888909], [71.849849, 40.8859241], [71.8460725, 40.8860539], [71.8448322, 40.8892485], [71.8455101, 40.8935408], [71.8336192, 40.892427], [71.8337535, 40.8899305], [71.8294608, 40.8901094], [71.8293107, 40.8893835], [71.8301314, 40.8855673], [71.8299846, 40.885405], [71.8300992, 40.884452], [71.8286133, 40.8844033], [71.8286562, 40.885105], [71.8253785, 40.8851171], [71.8243359, 40.8851861], [71.8248743, 40.8859891], [71.8247509, 40.8866501], [71.8251103, 40.8869421], [71.8249547, 40.8874572], [71.8251532, 40.8887468], [71.8246275, 40.8888563], [71.8246458, 40.8894475], [71.8228841, 40.8894849], [71.8227768, 40.8907461], [71.8189966, 40.8912702], [71.8203038, 40.8918126], [71.8250459, 40.8939659], [71.8240891, 40.8954338]]]}}, {"type": "Feature", "properties": {"name_uz": "Qarshi", "name_en": "Karshi", "name_ru": "Карши", "osm_name": "Qarshi", "osm_id": 1135397662, "osm_type": "way", "place": "city", "admin_level": null, "source": "overpass", "bbox": [65.730225, 38.785257, 65.85985, 38.895933]}, "geometry": {"type": "Polygon", "coordinates": [[[65.7702594, 38.8679389], [65.772051, 38.8676836], [65.7725184, 38.8696209], [65.7714776, 38.8696848], [65.7713577, 38.8697057], [65.7720144, 38.8715825], [65.7731078, 38.8738003], [65.7734534, 38.8742741], [65.7742213, 38.8758362], [65.7757678, 38.878925], [65.7759439, 38.8791606], [65.7762827, 38.8791395], [65.7765538, 38.8803422], [65.7765538, 38.8804793], [65.7766938, 38.8814323], [65.7796358, 38.8826818], [65.7830491, 38.8880855], [65.7858597, 38.8887324], [65.7891892, 38.8884278], [65.7914419, 38.8884062], [65.7952889, 38.8867541], [65.7969935, 38.8860314], [65.7974484, 38.8859068], [65.7986428, 38.885026], [65.7992966, 38.8846544], [65.8009363, 38.8864041], [65.801974, 38.8882345], [65.8028374, 38.8897685], [65.804944, 38.8899664], [65.80434, 38.8917378], [65.8068664, 38.8921028], [65.8055091, 38.8951954], [65.8063436, 38.8952997], [65.8106272, 38.8957548], [65.8118044, 38.8959327], [65.8110978, 38.8929481], [65.8166482, 38.8901911], [65.8238943, 38.891315], [65.8248128, 38.891311], [65.824818, 38.8911494], [65.8245429, 38.8903376], [65.8255703, 38.8901114], [65.8250665, 38.8880597], [65.8261507, 38.8860305], [65.8260988, 38.8853019], [65.8252686, 38.8842921], [65.8245214, 38.8839609], [65.8244103, 38.8827587], [65.824917, 38.8823323], [65.8263822, 38.8825882], [65.8281229, 38.8830948], [65.8285951, 38.8832725], [65.8289375, 38.8827757], [65.8289168, 38.8824444], [65.8286106, 38.8811519], [65.8286521, 38.8805621], [65.8288649, 38.8798997], [65.8291191, 38.8793746], [65.8291606, 38.878805], [65.8290932, 38.878187], [65.8315671, 38.8780147], [65.8315357, 38.87728], [65.8315307, 38.8749521], [65.8314442, 38.8744133], [65.830815, 38.8718661], [65.8302723, 38.8693065], [65.8288542, 38.8623068], [65.8362213, 38.8616107], [65.8370975, 38.8616107], [65.8425259, 38.8621601], [65.8460129, 38.8624672], [65.8466459, 38.8624672], [65.8501847, 38.8620793], [65.8505168, 38.8622086], [65.8537443, 38.8619096], [65.855976, 38.8619082], [65.8567628, 38.8618989], [65.8590159, 38.8622052], [65.8598503, 38.8622656], [65.8584019, 38.8601028], [65.855433, 38.8557601], [65.8525314, 38.851636], [65.8509747, 38.8485285], [65.8492689, 38.8452966], [65.8474203, 38.8419156], [65.8470642, 38.841217], [65.8465096, 38.8409931], [65.8446268, 38.8401345], [65.8390603, 38.8381932], [65.8358492, 38.8370466], [65.8345004, 38.8365773], [65.8341464, 38.8362318], [65.8335644, 38.8354558], [65.8315412, 38.8334398], [65.8312057, 38.8330265], [65.8310174, 38.8324233], [65.8295149, 38.8309897], [65.8276824, 38.8293538], [65.8258971, 38.8273809], [65.824332, 38.8243725], [65.8241959, 38.8240157], [65.8237081, 38.8230232], [65.8230666, 38.8218055], [65.8227956, 38.8208272], [65.8229401, 38.8199825], [65.8230847, 38.8192927], [65.8237352, 38.8181594], [65.8264184, 38.8137951], [65.8287854, 38.8096558], [65.8284948, 38.8096124], [65.8269589, 38.8096326], [65.8232021, 38.809297], [65.8210851, 38.8091838], [65.8163582, 38.809039], [65.8156219, 38.8068953], [65.8169228, 38.8064623], [65.816259, 38.8051594], [65.8175524, 38.8046996], [65.816145, 38.8022862], [65.8171392, 38.8004686], [65.8173673, 38.7997576], [65.817383, 38.7994082], [65.8172336, 38.7989179], [65.8169347, 38.7984766], [65.8153617, 38.796938], [65.8134977, 38.7953259], [65.8128413, 38.7947985], [65.8123048, 38.7945104], [65.8121499, 38.7944268], [65.7999071, 38.8010139], [65.7973631, 38.8024631], [65.7968174, 38.8017987], [65.7949141, 38.8002358], [65.7936557, 38.7994022], [65.7924445, 38.798826], [65.7908503, 38.798142], [65.7879357, 38.7969481], [65.7873754, 38.7968506], [65.7864544, 38.7968768], [65.7848225, 38.7971219], [65.7840862, 38.7974141], [65.7835758, 38.7978401], [65.7826768, 38.7991919], [65.7825626, 38.7995505], [65.7818831, 38.7993229], [65.7808639, 38.7989374], [65.7802619, 38.7983985], [65.7797791, 38.7979108], [65.779465, 38.7969214], [65.7799943, 38.7941391], [65.7803471, 38.7917206], [65.7805132, 38.7901433], [65.7811566, 38.7885821], [65.7790291, 38.7858075], [65.7785103, 38.7854758], [65.7779109, 38.7854803], [65.7770407, 38.7854106], [65.7757532, 38.7852573], [65.7734479, 38.7897721], [65.7713204, 38.7937113], [65.7692241, 38.7950136], [65.7676882, 38.7956526], [65.7665229, 38.7960542], [65.7662353, 38.7968226], [65.7586908, 38.8160685], [65.7601182, 38.8166598], [65.7573356, 38.8243884], [65.758492, 38.8266125], [65.7571952, 38.8272648], [65.7522466, 38.8265978], [65.7492079, 38.8249913], [65.7469756, 38.8244394], [65.7455597, 38.8240894], [65.745843, 38.8235488], [65.7418881, 38.8225198], [65.7416652, 38.8245119], [65.7416117, 38.8246917], [65.7356856, 38.8240587], [65.7343069, 38.8238838], [65.734059, 38.8245384], [65.7339994, 38.8247799], [65.7338682, 38.8255971], [65.73391, 38.8263169], [65.7338742, 38.8269112], [65.733606, 38.8276774], [65.7329962, 38.8301108], [65.7302253, 38.8350421], [65.7311829, 38.835394], [65.7346611, 38.8356755], [65.734887, 38.8345988], [65.734887, 38.8344792], [65.7445538, 38.8354925], [65.7497937, 38.8360133], [65.7511037, 38.8362174], [65.7523685, 38.836717], [65.7533262, 38.8372941], [65.7539857, 38.8378148], [65.7542928, 38.8383919], [65.7557022, 38.8412699], [65.757576, 38.8453525], [65.7580073, 38.846307], [65.7582059, 38.8472189], [65.7580005, 38.8487546], [65.7575438, 38.8511501], [65.7563607, 38.8544798], [65.7535206, 38.8645216], [65.7541227, 38.864622], [65.7570006, 38.8651691], [65.7575479, 38.8652429], [65.7582141, 38.8653405], [65.7585635, 38.8653373], [65.7610186, 38.8654969], [65.7611339, 38.8651711], [65.7631189, 38.86549], [65.7648828, 38.8655369], [65.7666449, 38.8654856], [65.7702529, 38.8656552], [65.7702477, 38.8661792], [65.7702594, 38.8679389]]]}}, {"type": "Feature", "properties": {"name_uz": "Shahrisabz", "name_en": "Shakhrisabz", "name_ru": "Шахрисабз", "osm_name": "Shahrisabz", "osm_id": 5358612795, "osm_type": "node", "place": "city", "admin_level": null, "source": "overpass-node", "bbox": [66.769859, 39.007537, 66.88587, 39.097627]}, "geometry": {"type": "Point", "coordinates": [66.8278643, 39.0525821]}}, {"type": "Feature", "properties": {"name_uz": "Kitob", "name_en": "Kitab", "name_ru": "Китаб", "osm_name": "Kitob", "osm_id": 282196484, "osm_type": "way", "place": "town", "admin_level": null, "source": "overpass", "bbox": [66.84277, 39.112789, 66.906491, 39.13955]}, "geometry": {"type": "Polygon", "coordinates": [[[66.8811009, 39.1350049], [66.8780046, 39.1323257], [66.8493579, 39.1267451], [66.8427703, 39.1242128], [66.8437587, 39.122033], [66.8444392, 39.1212767], [66.8467138, 39.1166605], [66.8544367, 39.1154361], [66.8563309, 39.1148734], [66.859024, 39.1148259], [66.8624598, 39.1163247], [66.8656104, 39.1164058], [66.8702482, 39.114218], [66.8722039, 39.1128813], [66.876247, 39.1127888], [66.8780945, 39.1133844], [66.8939761, 39.1132515], [66.9018916, 39.1129969], [66.903029, 39.1137202], [66.9060827, 39.1139245], [66.9064911, 39.11455], [66.905589, 39.1151009], [66.9049438, 39.1161445], [66.9053106, 39.1191921], [66.9056729, 39.1215559], [66.9051563, 39.128032], [66.9044439, 39.1290698], [66.9032639, 39.1314389], [66.9023108, 39.1318871], [66.9008761, 39.132096], [66.8996954, 39.1322051], [66.8985849, 39.1321845], [66.899963, 39.1352435], [66.8975009, 39.13664], [66.8964107, 39.1391597], [66.8950433, 39.1395502], [66.8936901, 39.13898], [66.8928058, 39.1382335], [66.8906497, 39.1376024], [66.8896715, 39.1384965], [66.8856652, 39.1379709], [66.8844833, 39.1377743], [66.882639, 39.1378953], [66.8811009, 39.1350049]]]}}, {"type": "Feature", "properties": {"name_uz": "G'uzor", "name_en": "Guzar", "name_ru": "Гузар", "osm_name": "Gʻuzor", "osm_id": 13475649, "osm_type": "relation", "place": "town", "admin_level": null, "source": "overpass", "bbox": [66.204739, 38.604388, 66.283706, 38.6445]}, "geometry": {"type": "MultiPolygon", "coordinates": [[[[66.2418067, 38.6188692], [66.2418552, 38.6184859], [66.2422898, 38.6176518], [66.2430998, 38.6165746], [66.2432554, 38.6161555], [66.2437596, 38.6155603], [66.2443926, 38.6149735], [66.245122, 38.6147201], [66.2455669, 38.6143639], [66.2461856, 38.6138834], [66.2473359, 38.6131532], [66.2479387, 38.6127064], [66.2483564, 38.6123392], [66.2486402, 38.6113848], [66.2488797, 38.6109618], [66.2491079, 38.6108116], [66.2496387, 38.6107198], [66.2503495, 38.6107148], [66.2507639, 38.6107963], [66.2518294, 38.6110498], [66.2525257, 38.6110101], [66.2530498, 38.6109254], [66.2537666, 38.6108135], [66.2542792, 38.61048], [66.2544389, 38.6103301], [66.2545555, 38.610086], [66.2545262, 38.6098764], [66.2542399, 38.6097261], [66.2534844, 38.6096565], [66.2532466, 38.6095871], [66.2531384, 38.6095028], [66.2530088, 38.6093257], [66.2530005, 38.6087667], [66.2537954, 38.6081212], [66.25429, 38.6075205], [66.2547191, 38.6067702], [66.2549333, 38.6065553], [66.25524, 38.6065183], [66.255533, 38.6065718], [66.2558214, 38.6067625], [66.2561888, 38.607211], [66.2571063, 38.6079733], [66.2578055, 38.6083428], [66.2582369, 38.6084525], [66.2586653, 38.6084674], [66.2589922, 38.6083745], [66.259246, 38.6082054], [66.2592847, 38.6079063], [66.2592878, 38.6075428], [66.2590615, 38.6068832], [66.2590268, 38.6065358], [66.2588116, 38.6059464], [66.258771, 38.6055049], [66.2589131, 38.6052625], [66.2593244, 38.6049291], [66.2598583, 38.6046962], [66.2605883, 38.6045874], [66.2613, 38.6046366], [66.2615311, 38.6045748], [66.2618325, 38.6043877], [66.2625926, 38.6047624], [66.2636443, 38.6051083], [66.263852, 38.6050358], [66.2639082, 38.6050162], [66.2642656, 38.605048], [66.2644889, 38.6050099], [66.2648219, 38.6049559], [66.2656747, 38.6052225], [66.2658046, 38.6048385], [66.2658168, 38.6045085], [66.2668442, 38.6046862], [66.266763, 38.6050575], [66.2676929, 38.6051654], [66.2676766, 38.6052638], [66.2687731, 38.6053526], [66.268838, 38.6056763], [66.2695081, 38.6054669], [66.2695568, 38.6055621], [66.269374, 38.6064379], [66.2690086, 38.6078341], [66.2687771, 38.6078881], [66.2686147, 38.6089384], [66.2684929, 38.6090812], [66.2683792, 38.6103187], [66.2682736, 38.6106709], [66.2682776, 38.6111247], [66.2681802, 38.6111374], [66.2678594, 38.6112865], [66.2677863, 38.6113785], [66.2674655, 38.6114801], [66.2673599, 38.6115784], [66.2673315, 38.6118577], [66.2674817, 38.6132094], [66.2676157, 38.6132379], [66.267632, 38.6163411], [66.2688583, 38.6164426], [66.2688299, 38.616671], [66.2720988, 38.6183272], [66.2730125, 38.6186382], [66.2736054, 38.6187683], [66.2776905, 38.6195805], [66.2778854, 38.6195012], [66.2795382, 38.6190633], [66.2799199, 38.619076], [66.281, 38.6192283], [66.2818853, 38.6194123], [66.2827908, 38.6196154], [66.2830873, 38.6197359], [66.2837065, 38.620102], [66.2829548, 38.6214014], [66.2829594, 38.6218586], [66.2833731, 38.62497], [66.283085, 38.6250057], [66.2832511, 38.6263706], [66.2824367, 38.6259465], [66.2803454, 38.6274502], [66.2802467, 38.6276334], [66.2823812, 38.6294647], [66.2824676, 38.6296575], [66.2823627, 38.6299419], [66.281974, 38.6301587], [66.2811597, 38.6303949], [66.275484, 38.6324772], [66.2746714, 38.6332985], [66.2702055, 38.6376896], [66.2663888, 38.6410705], [66.2658083, 38.6422827], [66.2657047, 38.6427929], [66.2648462, 38.6442177], [66.2639794, 38.6445], [66.2647522, 38.6425315], [66.2644776, 38.6422206], [66.2634136, 38.6419914], [66.2628582, 38.6415035], [66.2570229, 38.64056], [66.2557821, 38.6405025], [66.2552879, 38.6424544], [66.254085, 38.6421749], [66.2537639, 38.6424027], [66.2528135, 38.6425393], [66.2526413, 38.641699], [66.2506643, 38.6414897], [66.2512445, 38.6408429], [66.2496814, 38.6401991], [66.2492224, 38.6403932], [66.2458875, 38.6390665], [66.2459194, 38.6387968], [66.2429681, 38.6376167], [66.2426029, 38.6375482], [66.2415289, 38.6369935], [66.2408034, 38.6371606], [66.2405541, 38.638146], [66.2399875, 38.6401001], [66.2391238, 38.6402544], [66.2375704, 38.6403977], [66.2375115, 38.6387866], [66.237015, 38.6350843], [66.2362083, 38.6351108], [66.2354719, 38.6343699], [66.2327106, 38.6346888], [66.2322089, 38.633908], [66.2321624, 38.6333687], [66.2291812, 38.6334969], [66.2276906, 38.6336865], [66.2259281, 38.6342017], [66.2183216, 38.6377321], [66.2177626, 38.635277], [66.2086353, 38.6384787], [66.208121, 38.637646], [66.2050775, 38.638622], [66.2047391, 38.6382615], [66.2069004, 38.6301985], [66.2123635, 38.6283954], [66.2132562, 38.6298367], [66.2182854, 38.6286362], [66.2190696, 38.6300023], [66.2224231, 38.6292036], [66.2221455, 38.6289674], [66.2262056, 38.6260209], [66.2272596, 38.6268995], [66.2280964, 38.6263927], [66.2288509, 38.6265292], [66.2318603, 38.6236875], [66.2321634, 38.6235852], [66.234406, 38.6202734], [66.2366965, 38.6178137], [66.2372711, 38.6171788], [66.2375148, 38.6172264], [66.2378384, 38.6176845], [66.2386989, 38.6195794], [66.2391291, 38.6194694], [66.2393613, 38.6196568], [66.2398601, 38.6194248], [66.240454, 38.6189994], [66.2410518, 38.6187465], [66.2416076, 38.6188477], [66.2418067, 38.6188692]]]]}}, {"type": "Feature", "properties": {"name_uz": "Koson", "name_en": "Koson", "name_ru": "Косон", "osm_name": "Koson", "osm_id": 172145574, "osm_type": "way", "place": "town", "admin_level": null, "source": "overpass", "bbox": [65.541315, 39.009653, 65.635965, 39.069919]}, "geometry": {"type": "Polygon", "coordinates": [[[65.6001075, 39.0542713], [65.5903938, 39.0599136], [65.5845659, 39.0633594], [65.5791626, 39.067501], [65.5721254, 39.0699193], [65.5638576, 39.0676503], [65.5527638, 39.0656811], [65.5413153, 39.0302495], [65.5577934, 39.028602], [65.555154, 39.0178245], [65.5711512, 39.0167489], [65.5878346, 39.0163291], [65.6027079, 39.0195353], [65.6151349, 39.0148419], [65.6230222, 39.0096535], [65.6348778, 39.0121467], [65.6359654, 39.018189], [65.6306903, 39.0170905], [65.6105095, 39.0313227], [65.6001075, 39.0542713]]]}}, {"type": "Feature", "properties": {"name_uz": "Muborak", "name_en": "Mubarek", "name_ru": "Мубарак", "osm_name": "Muborak", "osm_id": 172147495, "osm_type": "way", "place": "town", "admin_level": null, "source": "overpass", "bbox": [65.125882, 39.23428, 65.181783, 39.285974]}, "geometry": {"type": "Polygon", "coordinates": [[[65.1295749, 39.2573947], [65.1357966, 39.2536823], [65.1368605, 39.2517739], [65.1449279, 39.2476365], [65.144622, 39.2459679], [65.1497147, 39.2437778], [65.1706327, 39.2342802], [65.1797265, 39.2415196], [65.1814787, 39.2542626], [65.1817834, 39.2565042], [65.1760633, 39.2618109], [65.1738309, 39.2631503], [65.1549401, 39.2686852], [65.1509891, 39.2734958], [65.1543516, 39.2765062], [65.1508685, 39.2784545], [65.1480926, 39.2770667], [65.1459497, 39.279632], [65.1371713, 39.2859738], [65.1358762, 39.2707006], [65.1301847, 39.2649779], [65.1258818, 39.2604866], [65.1295749, 39.2573947]]]}}, {"type": "Feature", "properties": {"name_uz": "Yakkabog'", "name_en": "Yakkabog", "name_ru": "Яккабог", "osm_name": "Yakkabog'", "osm_id": 235445944, "osm_type": "way", "place": "town", "admin_level": null, "source": "overpass", "bbox": [66.652902, 38.959277, 66.72059, 38.994195]}, "geometry": {"type": "Polygon", "coordinates": [[[66.6899855, 38.9936483], [66.687288, 38.9941946], [66.6814948, 38.9872106], [66.6662307, 38.9891096], [66.6648069, 38.9923253], [66.6610725, 38.9937661], [66.6616367, 38.9910725], [66.6570013, 38.9893432], [66.6529022, 38.987814], [66.65465, 38.9778316], [66.6605482, 38.9752378], [66.6659213, 38.9706845], [66.6786989, 38.9693243], [66.6780007, 38.9672211], [66.6784659, 38.9664651], [66.6813582, 38.9656745], [66.6856646, 38.9625361], [66.6965721, 38.9601129], [66.6972262, 38.9600392], [66.703987, 38.9592773], [66.708393, 38.9616588], [66.7088663, 38.9667624], [66.7118387, 38.9675122], [66.7152929, 38.9683015], [66.72059, 38.9683014], [66.7145721, 38.9769485], [66.7059751, 38.9801648], [66.7084467, 38.9831792], [66.7069422, 38.984474], [66.7021064, 38.9844949], [66.7037479, 38.9862267], [66.6972556, 38.9886038], [66.6899855, 38.9936483]]]}}, {"type": "Feature", "properties": {"name_uz": "Chiroqchi", "name_en": "Chiroqchi", "name_ru": "Чирокчи", "osm_name": "Chiroqchi", "osm_id": 262042397, "osm_type": "way", "place": "town", "admin_level": null, "source": "overpass", "bbox": [66.550677, 39.00407, 66.602955, 39.042995]}, "geometry": {"type": "Polygon", "coordinates": [[[66.5858715, 39.0418755], [66.5862228, 39.0417128], [66.5864009, 39.0409967], [66.586721, 39.0384823], [66.5876635, 39.0388308], [66.5874256, 39.037637], [66.5871369, 39.0371057], [66.587352, 39.0362349], [66.5872059, 39.0359792], [66.5865581, 39.0359154], [66.5865853, 39.035717], [66.5869766, 39.0355565], [66.5870198, 39.0350829], [66.5873899, 39.0346917], [66.5874558, 39.0342023], [66.5870561, 39.0341457], [66.5870808, 39.0338325], [66.5871889, 39.0325842], [66.5873151, 39.0320859], [66.5889154, 39.0299332], [66.589244, 39.0297247], [66.5896014, 39.0297006], [66.5914178, 39.0300146], [66.5923622, 39.0300538], [66.595157, 39.0282239], [66.5965175, 39.02608], [66.5972555, 39.0259019], [66.5990034, 39.0238334], [66.5997657, 39.0231437], [66.6023061, 39.0207541], [66.6025304, 39.0203312], [66.6024787, 39.0197369], [66.6027493, 39.0190538], [66.6029548, 39.0187796], [66.6025531, 39.0182501], [66.6002312, 39.0186116], [66.5963964, 39.0195366], [66.5925593, 39.0201659], [66.5907993, 39.02063], [66.5900303, 39.0204698], [66.5896841, 39.0196737], [66.5893704, 39.020012], [66.5862232, 39.020572], [66.584482, 39.020782], [66.584091, 39.0178745], [66.5835784, 39.0172767], [66.5830906, 39.0170025], [66.5808623, 39.0157052], [66.5810241, 39.0146218], [66.5795484, 39.0147288], [66.5792958, 39.0143439], [66.5799524, 39.0137563], [66.5779488, 39.0129536], [66.5767026, 39.0124415], [66.5765016, 39.0124736], [66.5762043, 39.0130929], [66.5738083, 39.0141185], [66.573148, 39.0140636], [66.5717432, 39.0143878], [66.5711376, 39.0147748], [66.5704194, 39.0149136], [66.5680857, 39.0157031], [66.5679379, 39.0161679], [66.5677378, 39.0162085], [66.5672194, 39.0160376], [66.566923, 39.0157741], [66.5666332, 39.0149631], [66.5656981, 39.0124525], [66.5649862, 39.010536], [66.5629332, 39.005538], [66.5615288, 39.0042574], [66.5596769, 39.0041952], [66.5583181, 39.0041457], [66.5581678, 39.0040702], [66.5578276, 39.0041485], [66.5583443, 39.0056274], [66.5586574, 39.0071972], [66.5590911, 39.0091904], [66.5589536, 39.0105582], [66.5586922, 39.0133786], [66.5585361, 39.014605], [66.558303, 39.0162056], [66.5581348, 39.0180212], [66.5583141, 39.0188507], [66.5593863, 39.0230251], [66.5599765, 39.0253066], [66.5603017, 39.0266239], [66.5612197, 39.0293169], [66.5614675, 39.0300142], [66.5613617, 39.0300549], [66.5607516, 39.0295324], [66.5601322, 39.029111], [66.5586548, 39.0279382], [66.5567457, 39.0290609], [66.5561109, 39.0292122], [66.5548868, 39.029375], [66.5534574, 39.0293034], [66.5525082, 39.0292581], [66.5522759, 39.0293824], [66.5519277, 39.0298964], [66.5517953, 39.0299654], [66.5506893, 39.0299007], [66.5506773, 39.0302141], [66.5512886, 39.0302337], [66.5513146, 39.0305182], [66.5538737, 39.0307541], [66.5540944, 39.0313915], [66.5545176, 39.0314187], [66.5547439, 39.0321088], [66.5556748, 39.0318684], [66.5561383, 39.0323583], [66.5548952, 39.0332617], [66.5525974, 39.0341406], [66.5533415, 39.0356953], [66.5524947, 39.035855], [66.5522303, 39.0367213], [66.5541998, 39.0369921], [66.5541282, 39.0386505], [66.5537957, 39.0390739], [66.5535409, 39.0409578], [66.5549438, 39.0407204], [66.5552016, 39.0405793], [66.5555128, 39.0403673], [66.5557368, 39.0406004], [66.5563938, 39.0407613], [66.5574179, 39.0404366], [66.5594081, 39.0403369], [66.5610151, 39.0399935], [66.5624332, 39.0396448], [66.5635507, 39.0396914], [66.5643309, 39.0397926], [66.5661755, 39.040306], [66.5673867, 39.0404465], [66.5682157, 39.0407808], [66.5695959, 39.0417565], [66.5706967, 39.0414232], [66.5719916, 39.0420641], [66.5727786, 39.042343], [66.5745425, 39.0426964], [66.5752999, 39.0429952], [66.5766462, 39.0426922], [66.5786376, 39.041997], [66.579617, 39.0420288], [66.579812, 39.0419089], [66.5808902, 39.0421203], [66.5812095, 39.0420557], [66.5817266, 39.0416714], [66.5820845, 39.0415803], [66.5824775, 39.0416802], [66.5828741, 39.0417219], [66.5836173, 39.0418957], [66.584646, 39.0418952], [66.5854997, 39.0420411], [66.5858715, 39.0418755]]]}}, {"type": "Feature", "properties": {"name_uz": "Kamashi", "name_en": "Kamashi", "name_ru": "Камаши", "osm_name": "Qamashi", "osm_id": 247156704, "osm_type": "node", "place": "town", "admin_level": null, "source": "overpass-node", "bbox": [66.431877, 38.78862, 66.501251, 38.842674]}, "geometry": {"type": "Point", "coordinates": [66.4665639, 38.8156469]}}, {"type": "Feature", "properties": {"name_uz": "Dehqonobod", "name_en": "Dehkanabad", "name_ru": "Дехканабад", "osm_name": "Dehqonobod", "osm_id": 170074443, "osm_type": "way", "place": "town", "admin_level": null, "source": "overpass", "bbox": [69.010817, 40.512404, 69.047723, 40.552904]}, "geometry": {"type": "Polygon", "coordinates": [[[69.0208511, 40.5447366], [69.0245274, 40.5453731], [69.0232239, 40.5513135], [69.0221655, 40.5516818], [69.0201776, 40.5518944], [69.0197508, 40.5524657], [69.0205585, 40.5529041], [69.0213803, 40.5528267], [69.0216434, 40.5526008], [69.023545, 40.5519945], [69.0241917, 40.5523073], [69.024837, 40.5508167], [69.0269411, 40.5481246], [69.0298713, 40.5470196], [69.0293618, 40.5447273], [69.0274225, 40.5433908], [69.0274838, 40.5416182], [69.0339504, 40.545886], [69.0356375, 40.5449985], [69.0363712, 40.5442878], [69.0368894, 40.542536], [69.0381179, 40.5409748], [69.0414125, 40.5394314], [69.0431431, 40.540196], [69.0456924, 40.542091], [69.0474222, 40.5408976], [69.0477232, 40.5406881], [69.0473196, 40.5398386], [69.0433101, 40.5287174], [69.0417357, 40.524564], [69.0417357, 40.5216802], [69.0433365, 40.5183151], [69.0439993, 40.5158918], [69.0438049, 40.5145431], [69.0426117, 40.5124037], [69.0349039, 40.5172671], [69.0286831, 40.5232043], [69.0283106, 40.5228794], [69.02707, 40.5229994], [69.0261605, 40.5237801], [69.0256913, 40.5236948], [69.0247346, 40.5245902], [69.0236265, 40.5242512], [69.0228255, 40.525477], [69.0179565, 40.5311917], [69.0139699, 40.5356311], [69.0142971, 40.5358733], [69.0108168, 40.5386265], [69.0115771, 40.5394578], [69.0124672, 40.5399696], [69.01583, 40.5370815], [69.0168927, 40.5378731], [69.017768, 40.53819], [69.0183669, 40.5393849], [69.0188805, 40.5399987], [69.0197902, 40.5407502], [69.0212678, 40.5410483], [69.0219536, 40.5414262], [69.0223156, 40.5419792], [69.0226198, 40.543464], [69.0214677, 40.5441747], [69.0208511, 40.5447366]]]}}, {"type": "Feature", "properties": {"name_uz": "Paxtakor", "name_en": "Pakhtakor", "name_ru": "Пахтакор", "osm_name": "Paxtakor", "osm_id": 171898870, "osm_type": "way", "place": "town", "admin_level": null, "source": "overpass", "bbox": [67.941762, 40.295967, 67.99065, 40.337383]}, "geometry": {"type": "Polygon", "coordinates": [[[67.9417624, 40.3016439], [67.9418395, 40.2985112], [67.9585267, 40.2976727], [67.9637468, 40.2967568], [67.9680423, 40.2971781], [67.9760292, 40.2968169], [67.9803397, 40.2959673], [67.9844291, 40.3076559], [67.9835301, 40.3078233], [67.987682, 40.3196064], [67.9836186, 40.3205565], [67.9837631, 40.3209717], [67.9857507, 40.3268738], [67.9896427, 40.3261474], [67.9906496, 40.3289859], [67.9866829, 40.3298069], [67.9865905, 40.3296281], [67.9782088, 40.3316707], [67.978638, 40.3330783], [67.9796545, 40.3362823], [67.9789217, 40.3364945], [67.9791935, 40.3372674], [67.9786295, 40.3373829], [67.9781269, 40.3363215], [67.9760712, 40.3367739], [67.9696736, 40.3244483], [67.9462792, 40.327961], [67.9463064, 40.3268913], [67.9466535, 40.3118546], [67.9464483, 40.311047], [67.9458754, 40.3101773], [67.9457083, 40.308552], [67.9441978, 40.3084021], [67.9448398, 40.3068751], [67.943163, 40.3069066], [67.9430135, 40.3037533], [67.9418997, 40.3036909], [67.9418788, 40.3022514], [67.9417624, 40.3016439]]]}}, {"type": "Feature", "properties": {"name_uz": "Navoiy", "name_en": "Navoi", "name_ru": "Навои", "osm_name": "Navoiy shahri", "osm_id": 15613446, "osm_type": "relation", "place": "city", "admin_level": "6", "source": "overpass", "bbox": [65.257309, 40.068849, 65.434571, 40.130383]}, "geometry": {"type": "MultiPolygon", "coordinates": [[[[65.3339763, 40.1248972], [65.3335028, 40.125306], [65.3318319, 40.1257436], [65.3253775, 40.1256386], [65.3247137, 40.1239759], [65.3214636, 40.1233284], [65.3218298, 40.1213682], [65.3191303, 40.1210661], [65.3052829, 40.1194734], [65.305672, 40.1182132], [65.2902454, 40.1154826], [65.2774967, 40.1161653], [65.2573093, 40.1099863], [65.2582706, 40.1083758], [65.2789615, 40.0935995], [65.2813648, 40.0929867], [65.2965397, 40.0944049], [65.3000187, 40.0908855], [65.2999271, 40.0899925], [65.3029181, 40.088203], [65.3070682, 40.0857199], [65.3098377, 40.0843014], [65.3181768, 40.0830904], [65.3180862, 40.081936], [65.3269187, 40.0811272], [65.3294165, 40.0814498], [65.3295444, 40.0809041], [65.3313526, 40.0794856], [65.3400501, 40.0786975], [65.3406681, 40.0779444], [65.3436207, 40.0775766], [65.343552, 40.0763507], [65.3502353, 40.0757027], [65.3497547, 40.0741614], [65.3515857, 40.0738111], [65.3531192, 40.0729704], [65.3537242, 40.0743044], [65.3635932, 40.0716835], [65.3638221, 40.0709829], [65.3712607, 40.0703523], [65.3793586, 40.0697063], [65.3834173, 40.0702359], [65.3840161, 40.0702359], [65.3979994, 40.0690965], [65.3993589, 40.0688488], [65.4029033, 40.069307], [65.4045541, 40.0695795], [65.4057032, 40.0722795], [65.4058165, 40.0728739], [65.4140705, 40.0728987], [65.4335242, 40.0731588], [65.4345276, 40.0732083], [65.4345714, 40.0749811], [65.4341047, 40.0750368], [65.4336246, 40.0751209], [65.4321145, 40.0753303], [65.4304971, 40.0755047], [65.4299956, 40.0755786], [65.4291131, 40.0755663], [65.4269285, 40.0755509], [65.4266146, 40.0755427], [65.4261479, 40.0754565], [65.4219685, 40.0750096], [65.4212638, 40.0749204], [65.4192726, 40.0752707], [65.4140083, 40.0756385], [65.413047, 40.0759713], [65.4122459, 40.0766543], [65.4110786, 40.0769871], [65.4097053, 40.0771797], [65.4081489, 40.0773549], [65.4046699, 40.0840622], [65.402816, 40.0875469], [65.4030906, 40.0895607], [65.4016029, 40.0900334], [65.4017631, 40.0904012], [65.4008018, 40.0906288], [65.40055, 40.0903836], [65.3978034, 40.0915568], [65.3944847, 40.0929051], [65.3916465, 40.0937805], [65.3933993, 40.1021448], [65.3908129, 40.1029676], [65.3920047, 40.1077576], [65.3923251, 40.1077576], [65.3925769, 40.1093682], [65.3921649, 40.1094032], [65.3927142, 40.1115038], [65.3942706, 40.1112587], [65.3943649, 40.1117447], [65.3983246, 40.1113596], [65.3979355, 40.1104843], [65.4026505, 40.1089789], [65.3996292, 40.1001906], [65.4046875, 40.09865], [65.4045044, 40.0974244], [65.4056259, 40.0970392], [65.4063583, 40.0982473], [65.4056259, 40.0985449], [65.4058777, 40.0991752], [65.4052597, 40.0992978], [65.4092423, 40.1070533], [65.4039093, 40.1086813], [65.4043213, 40.1095916], [65.40336, 40.1098717], [65.4060837, 40.1144929], [65.4040924, 40.1148604], [65.4008652, 40.1165758], [65.3964935, 40.1161907], [65.3964935, 40.1177485], [65.3944107, 40.117731], [65.3944565, 40.1234018], [65.3922134, 40.1234543], [65.3920303, 40.1238568], [65.3906799, 40.1240668], [65.3901993, 40.1255895], [65.3901535, 40.1272345], [65.3898789, 40.1279171], [65.3896121, 40.1287029], [65.3868197, 40.1287729], [65.3861559, 40.1303829], [65.3844393, 40.1300504], [65.3809603, 40.1290004], [65.3718131, 40.126413], [65.3717327, 40.1265796], [65.3716757, 40.1265658], [65.3714421, 40.1265973], [65.3713278, 40.126637], [65.3693684, 40.126057], [65.3687906, 40.1258978], [65.3672494, 40.1254501], [65.3654916, 40.1249244], [65.3646325, 40.124665], [65.3624329, 40.1240007], [65.362111, 40.123861], [65.3616966, 40.1237338], [65.3608936, 40.1235098], [65.3607825, 40.1235467], [65.3603109, 40.1238942], [65.3601393, 40.1239999], [65.3595239, 40.1238494], [65.3593125, 40.1238318], [65.358492, 40.1236061], [65.3546949, 40.1225864], [65.3542051, 40.122451], [65.3508112, 40.1223183], [65.3505989, 40.1223205], [65.3505384, 40.1223865], [65.3505014, 40.122546], [65.3504144, 40.123335], [65.3502892, 40.1243976], [65.3502798, 40.1244251], [65.3502551, 40.1244464], [65.3502147, 40.1244578], [65.3501695, 40.1244589], [65.3456775, 40.1242635], [65.3455459, 40.1242737], [65.3454538, 40.1243044], [65.3451461, 40.1245783], [65.3450908, 40.1246148], [65.3450257, 40.1246315], [65.3444047, 40.124665], [65.3421693, 40.1247866], [65.3414765, 40.124838], [65.3412709, 40.1248526], [65.3384981, 40.1247795], [65.3362056, 40.1247192], [65.3358613, 40.1247992], [65.3356989, 40.1248189], [65.3354195, 40.1248251], [65.3352041, 40.1248294], [65.3339785, 40.1248221], [65.3339763, 40.1248972]]]]}}, {"type": "Feature", "properties": {"name_uz": "Zarafshon", "name_en": "Zarafshan", "name_ru": "Зарафшан", "osm_name": "Zarafshon", "osm_id": 195846326, "osm_type": "way", "place": "town", "admin_level": null, "source": "overpass", "bbox": [64.155113, 41.550181, 64.235529, 41.593957]}, "geometry": {"type": "Polygon", "coordinates": [[[64.1631307, 41.5769343], [64.1678531, 41.5837067], [64.1892451, 41.5939569], [64.2093163, 41.5919348], [64.2352162, 41.5768832], [64.2355291, 41.5700233], [64.2207598, 41.567829], [64.2125289, 41.563068], [64.2028898, 41.5625294], [64.1989153, 41.5623655], [64.1971627, 41.5605858], [64.2044623, 41.5553311], [64.2032559, 41.5525491], [64.1992284, 41.5501809], [64.1860069, 41.5524915], [64.185913, 41.5598724], [64.1766591, 41.5603768], [64.1732954, 41.5573962], [64.1672493, 41.5611219], [64.1642666, 41.5629599], [64.1584325, 41.5679705], [64.1551131, 41.5705533], [64.158521, 41.5733015], [64.1631307, 41.5769343]]]}}, {"type": "Feature", "properties": {"name_uz": "Uchquduq", "name_en": "Uchkuduk", "name_ru": "Учкудук", "osm_name": "Uchquduq", "osm_id": 218447361, "osm_type": "way", "place": "town", "admin_level": null, "source": "overpass", "bbox": [63.544558, 42.13793, 63.58434, 42.16572]}, "geometry": {"type": "Polygon", "coordinates": [[[63.546953, 42.1586685], [63.5445575, 42.1567201], [63.545856, 42.1433893], [63.552426, 42.1379301], [63.5622741, 42.1425434], [63.5677304, 42.1471071], [63.5696457, 42.1467541], [63.5707564, 42.1474671], [63.5714221, 42.149585], [63.5742716, 42.1484714], [63.5778167, 42.1497008], [63.5796208, 42.1503252], [63.5843403, 42.1515523], [63.5826123, 42.1556285], [63.5776584, 42.1610067], [63.569048, 42.1621925], [63.565455, 42.1657199], [63.5624017, 42.1642182], [63.5586042, 42.1649295], [63.5535715, 42.1615081], [63.5522287, 42.162558], [63.546953, 42.1586685]]]}}, {"type": "Feature", "properties": {"name_uz": "Nurota", "name_en": "Nurota", "name_ru": "Нурота", "osm_name": "Nurota", "osm_id": 246514411, "osm_type": "node", "place": "city", "admin_level": null, "source": "overpass-node", "bbox": [65.631068, 40.517735, 65.749656, 40.607825]}, "geometry": {"type": "Point", "coordinates": [65.6903621, 40.5627799]}}, {"type": "Feature", "properties": {"name_uz": "Konimex", "name_en": "Kanimekh", "name_ru": "Конимех", "osm_name": "Konimex", "osm_id": 180655719, "osm_type": "way", "place": "town", "admin_level": null, "source": "overpass", "bbox": [65.11098, 40.266603, 65.174374, 40.290476]}, "geometry": {"type": "Polygon", "coordinates": [[[65.1513764, 40.282291], [65.1547382, 40.2810896], [65.1568885, 40.2804888], [65.1626126, 40.2804426], [65.166035, 40.2771385], [65.1707667, 40.2735521], [65.1743742, 40.26985], [65.173829, 40.2683595], [65.1728599, 40.2688101], [65.171391, 40.2666031], [65.1604725, 40.2685328], [65.1513503, 40.2716588], [65.1493801, 40.2693712], [65.140872, 40.2699137], [65.1374455, 40.2683287], [65.1374241, 40.2700281], [65.1301209, 40.273227], [65.1267587, 40.2752694], [65.1236766, 40.276799], [65.1247688, 40.2786943], [65.1109799, 40.279124], [65.1127818, 40.2875633], [65.1176882, 40.2873785], [65.1225455, 40.2868401], [65.126033, 40.2904762], [65.1513764, 40.282291]]]}}, {"type": "Feature", "properties": {"name_uz": "Qiziltepa", "name_en": "Kiziltepa", "name_ru": "Кизилтепа", "osm_name": "Qiziltepa", "osm_id": 216957887, "osm_type": "way", "place": "town", "admin_level": null, "source": "overpass", "bbox": [64.81945, 40.02097, 64.870679, 40.054084]}, "geometry": {"type": "Polygon", "coordinates": [[[64.8555541, 40.0521255], [64.8590522, 40.0532127], [64.8610853, 40.0535602], [64.8637053, 40.0540838], [64.8706786, 40.0502183], [64.8669837, 40.0416375], [64.8648386, 40.0390136], [64.8611402, 40.0370504], [64.8571953, 40.034955], [64.8553824, 40.0301136], [64.8518125, 40.0246826], [64.84545, 40.027956], [64.8378352, 40.0271915], [64.8342327, 40.0288144], [64.8323012, 40.0254842], [64.8304826, 40.0241988], [64.8282636, 40.0209701], [64.8223462, 40.0239156], [64.8194502, 40.0248521], [64.8227588, 40.0329284], [64.8265383, 40.0339456], [64.828144, 40.033071], [64.8290455, 40.033925], [64.82952, 40.0347848], [64.8258481, 40.0378442], [64.8270125, 40.0395602], [64.8324652, 40.0391682], [64.834768, 40.0434733], [64.8308627, 40.0447279], [64.8329549, 40.0485984], [64.8363023, 40.0476108], [64.8391964, 40.0474239], [64.8402263, 40.0472617], [64.8406318, 40.0471909], [64.8413998, 40.0471878], [64.8420282, 40.0472459], [64.8430386, 40.0471351], [64.8449503, 40.051788], [64.8555541, 40.0521255]]]}}, {"type": "Feature", "properties": {"name_uz": "Namangan", "name_en": "Namangan", "name_ru": "Наманган", "osm_name": "Namangan shahri", "osm_id": 15550186, "osm_type": "relation", "place": "city", "admin_level": "5", "source": "overpass", "bbox": [71.519757, 40.959417, 71.752865, 41.150117]}, "geometry": {"type": "MultiPolygon", "coordinates": [[[[71.5198713, 41.0422263], [71.5202146, 41.0404828], [71.5197569, 41.0388255], [71.5204206, 41.0385147], [71.5209242, 41.0380313], [71.5264118, 41.0366118], [71.5325323, 41.0302528], [71.535323, 41.0311385], [71.5361891, 41.0304416], [71.5379021, 41.0287864], [71.5399422, 41.0270586], [71.5417514, 41.0250839], [71.5426752, 41.0236318], [71.5431756, 41.0219765], [71.5451195, 41.0220927], [71.5441187, 41.0227751], [71.5434066, 41.0237335], [71.5435413, 41.0249241], [71.5430794, 41.0267827], [71.5434258, 41.0274651], [71.5439647, 41.0272038], [71.5453312, 41.0272909], [71.5457932, 41.0276829], [71.5485069, 41.0272328], [71.5491998, 41.0279443], [71.5507588, 41.0278571], [71.550701, 41.0290622], [71.5515671, 41.0290768], [71.5511822, 41.0280895], [71.5520483, 41.0279733], [71.5524717, 41.0275232], [71.5524525, 41.0269569], [71.5526065, 41.0262019], [71.5526257, 41.0257227], [71.5536843, 41.0247789], [71.5551663, 41.0227897], [71.5556089, 41.0219475], [71.5555704, 41.0203792], [71.5556667, 41.0196822], [71.5555897, 41.0191739], [71.5554742, 41.0173878], [71.5550508, 41.0166327], [71.5542809, 41.0157178], [71.5524525, 41.0138008], [71.5521638, 41.0135104], [71.5520868, 41.0130747], [71.5519136, 41.0121307], [71.5516441, 41.0112593], [71.5514132, 41.0103298], [71.5516634, 41.0096618], [71.553896, 41.0076865], [71.5555704, 41.0065246], [71.5556324, 41.0060993], [71.5544872, 41.0055981], [71.5537267, 41.0001325], [71.56069, 40.9992186], [71.5658331, 40.9986638], [71.565805, 40.998586], [71.565781, 40.9985246], [71.5653203, 40.9963929], [71.565207, 40.9961365], [71.5646862, 40.995699], [71.5628077, 40.9943817], [71.5620775, 40.9935986], [71.5612513, 40.9927767], [71.5607233, 40.9918816], [71.5604326, 40.9915331], [71.5586259, 40.9908792], [71.5578337, 40.9905609], [71.5554913, 40.9885992], [71.5545965, 40.987842], [71.5544887, 40.9878013], [71.5544369, 40.9877818], [71.5522541, 40.9878076], [71.549915, 40.9878879], [71.5496504, 40.9878959], [71.5451659, 40.98908], [71.5448002, 40.9892979], [71.5440785, 40.989465], [71.5435781, 40.9894795], [71.538189, 40.9908306], [71.5378233, 40.9907361], [71.5376501, 40.9903294], [71.5358698, 40.9904528], [71.5355715, 40.9899008], [71.5371401, 40.9893778], [71.537169, 40.9891671], [71.5365434, 40.9878305], [71.5469366, 40.9852154], [71.5720245, 40.9786989], [71.5766918, 40.9776091], [71.5773952, 40.9774122], [71.5715896, 40.9739235], [71.5693781, 40.9698973], [71.5682409, 40.9683446], [71.566865, 40.9673018], [71.5671916, 40.9668561], [71.5710228, 40.9692678], [71.5793444, 40.9657877], [71.5837741, 40.9634675], [71.586309, 40.9621817], [71.5866931, 40.9632065], [71.5937857, 40.9602384], [71.5952196, 40.9594166], [71.6031572, 40.9605865], [71.6114532, 40.9635642], [71.6127847, 40.9640765], [71.6136937, 40.9642409], [71.6149227, 40.9644342], [71.6169839, 40.9650336], [71.6189427, 40.966445], [71.6200437, 40.9676147], [71.6203382, 40.9683107], [71.6205814, 40.9710464], [71.6220921, 40.9702151], [71.6238717, 40.9695191], [71.6252032, 40.9691711], [71.6274628, 40.9688974], [71.6355947, 40.9679416], [71.6434861, 40.9667139], [71.6499103, 40.9660252], [71.6535907, 40.9655586], [71.6553531, 40.9655586], [71.6571384, 40.9655586], [71.6598163, 40.9659734], [71.6611209, 40.9660944], [71.6632724, 40.9661116], [71.6720157, 40.9657833], [71.6743922, 40.9656442], [71.6779208, 40.9654376], [71.6833453, 40.9646944], [71.6851535, 40.9645216], [71.6852804, 40.9645195], [71.6882205, 40.9642796], [71.6917682, 40.964487], [71.6960025, 40.964971], [71.6987949, 40.965645], [71.7012668, 40.966682], [71.7042194, 40.9686349], [71.7057175, 40.9701918], [71.7087388, 40.9732679], [71.7106156, 40.9721792], [71.7145295, 40.9668909], [71.7161545, 40.9671501], [71.7167954, 40.967202], [71.7187867, 40.9681352], [71.7184205, 40.9688784], [71.7193131, 40.9692067], [71.7190842, 40.9696561], [71.7194962, 40.9699499], [71.7192673, 40.9704683], [71.7204118, 40.9708139], [71.7203889, 40.9714188], [71.7197709, 40.9722137], [71.7193131, 40.9726458], [71.7204118, 40.9739418], [71.723845, 40.9723001], [71.7269642, 40.971156], [71.7302995, 40.9699326], [71.7369828, 40.9673057], [71.7379962, 40.9670017], [71.7386947, 40.9668806], [71.7393313, 40.9668622], [71.7300531, 40.9756324], [71.7282936, 40.9775764], [71.7241308, 40.9822742], [71.7220709, 40.9832461], [71.7213391, 40.9837922], [71.7207592, 40.9844449], [71.7200559, 40.9859988], [71.7198443, 40.98688], [71.7200381, 40.9879322], [71.7203276, 40.9886637], [71.7202833, 40.9896577], [71.7197224, 40.9904633], [71.7180106, 40.9912849], [71.7131018, 40.9937299], [71.7038534, 40.9958756], [71.7011522, 40.9961895], [71.7002917, 40.9964535], [71.7005678, 40.9972518], [71.7011258, 40.9981043], [71.700282, 40.9997374], [71.6997785, 41.0006002], [71.6981317, 41.002983], [71.6992477, 41.0032501], [71.7009081, 41.0033733], [71.7032489, 41.0033733], [71.7048276, 41.0031885], [71.7059027, 41.0028906], [71.7068281, 41.0025414], [71.7082163, 41.0023154], [71.709237, 41.002449], [71.71004, 41.0022641], [71.7111423, 41.0021614], [71.7137009, 41.0017916], [71.71234, 41.005335], [71.711224, 41.0082209], [71.7142861, 41.0087549], [71.7200701, 41.009977], [71.7208322, 41.0101208], [71.7222204, 41.0101208], [71.7235677, 41.010244], [71.7253097, 41.0105008], [71.7247245, 41.0113737], [71.7242073, 41.0118152], [71.7248606, 41.0121952], [71.724289, 41.0129654], [71.7252144, 41.0132118], [71.7247109, 41.0144544], [71.7255547, 41.014629], [71.7248062, 41.0163028], [71.7255138, 41.0164773], [71.7253369, 41.0172475], [71.7252144, 41.0180381], [71.7253641, 41.0181819], [71.7243979, 41.0195681], [71.7254322, 41.0197016], [71.7251192, 41.020369], [71.7270109, 41.0209953], [71.7263985, 41.0219195], [71.7256227, 41.0229154], [71.7266434, 41.0234904], [71.725963, 41.024743], [71.7249559, 41.0257492], [71.723731, 41.0247738], [71.7227375, 41.0244555], [71.7205056, 41.0236444], [71.7163275, 41.0213137], [71.7141636, 41.0201945], [71.7141092, 41.0205128], [71.7139323, 41.0227819], [71.7138778, 41.0241475], [71.7139566, 41.024473], [71.7133901, 41.0245636], [71.7123429, 41.024732], [71.7113387, 41.0245183], [71.7104547, 41.0244988], [71.709356, 41.0246478], [71.7083861, 41.0246089], [71.7078282, 41.0243693], [71.7065408, 41.0241362], [71.7056217, 41.024126], [71.7041689, 41.0237381], [71.7037301, 41.0234071], [71.7031089, 41.0230696], [71.7027496, 41.0229368], [71.7024216, 41.0237307], [71.7005436, 41.0258437], [71.702702, 41.027087], [71.7042662, 41.0277164], [71.7093018, 41.0288129], [71.7115387, 41.030529], [71.7138125, 41.0324451], [71.7173625, 41.0331046], [71.7224254, 41.0348917], [71.7239187, 41.0346694], [71.7249349, 41.0349216], [71.7259823, 41.0355641], [71.7271599, 41.0351385], [71.7286615, 41.0350909], [71.7301763, 41.0355837], [71.7313171, 41.0360915], [71.7384104, 41.0374068], [71.7414096, 41.0383738], [71.7447353, 41.0389341], [71.7447588, 41.0390674], [71.7450785, 41.0409895], [71.7475891, 41.0426241], [71.7496061, 41.0434819], [71.7525458, 41.0441838], [71.7510941, 41.045377], [71.7513533, 41.0463715], [71.751714, 41.0478482], [71.7527102, 41.0502446], [71.7528133, 41.0505036], [71.7528648, 41.0508663], [71.7516969, 41.0522004], [71.7510957, 41.0526149], [71.7501503, 41.05327], [71.7500414, 41.0533612], [71.7462331, 41.0507372], [71.7437932, 41.0491545], [71.7432474, 41.0488702], [71.7422086, 41.0483951], [71.7387197, 41.0468202], [71.7383139, 41.0465899], [71.7375119, 41.0463035], [71.7366428, 41.0460322], [71.7363918, 41.0459713], [71.7361306, 41.045935], [71.7358574, 41.0459228], [71.7340806, 41.0459459], [71.7339185, 41.0459584], [71.7337513, 41.0459823], [71.7335999, 41.0460223], [71.7334562, 41.0460833], [71.7333348, 41.046157], [71.7332261, 41.0462307], [71.7330303, 41.0464066], [71.7311148, 41.0484109], [71.7310248, 41.0484926], [71.7309268, 41.0485564], [71.7308179, 41.0486037], [71.730701, 41.048633], [71.7304732, 41.0486639], [71.7302474, 41.0486527], [71.7285179, 41.0484699], [71.7282186, 41.0484101], [71.7279232, 41.0483293], [71.7276471, 41.0482301], [71.727379, 41.0481069], [71.7272001, 41.0480173], [71.7270411, 41.0479187], [71.726833, 41.0477664], [71.7266566, 41.0475932], [71.7262061, 41.046864], [71.7260951, 41.0467257], [71.7258999, 41.0465827], [71.7257204, 41.0464699], [71.7255033, 41.0463906], [71.7250279, 41.0462743], [71.7244777, 41.0462097], [71.7241501, 41.0462148], [71.7238039, 41.0462575], [71.7223512, 41.0464979], [71.7218785, 41.0465699], [71.7216282, 41.0466179], [71.721366, 41.0466899], [71.7211267, 41.0467821], [71.720931, 41.0468894], [71.7205796, 41.0471398], [71.7193505, 41.0480193], [71.7190784, 41.0481807], [71.7187848, 41.0483218], [71.7184982, 41.0484354], [71.7181901, 41.0485207], [71.7178801, 41.0485719], [71.7175399, 41.0485473], [71.7171925, 41.0484789], [71.7168523, 41.0483833], [71.7165339, 41.048255], [71.7162115, 41.0480346], [71.715672, 41.0476096], [71.715448, 41.0475066], [71.7152365, 41.0474412], [71.715001, 41.0474229], [71.7147716, 41.0474328], [71.7141816, 41.0474738], [71.7135833, 41.0476015], [71.7125622, 41.0478472], [71.7119747, 41.0478926], [71.7119025, 41.0480145], [71.7120158, 41.0522165], [71.7121698, 41.0564545], [71.7124777, 41.0592119], [71.7125355, 41.0620563], [71.7127664, 41.0632172], [71.7138442, 41.0670482], [71.7142004, 41.0680728], [71.7145756, 41.0691522], [71.7150375, 41.0700664], [71.7156727, 41.0711401], [71.7163078, 41.0721848], [71.7166735, 41.0728668], [71.7172701, 41.073926], [71.717732, 41.0752028], [71.718117, 41.0768568], [71.7183789, 41.0784478], [71.7176845, 41.0782851], [71.7169077, 41.0780777], [71.715521, 41.0779548], [71.7147428, 41.0776787], [71.7142164, 41.0772301], [71.7136899, 41.0771266], [71.7124998, 41.0768678], [71.7114698, 41.0762812], [71.7110807, 41.0757635], [71.7108518, 41.0749008], [71.7111722, 41.0740554], [71.7103254, 41.0739691], [71.7098447, 41.0737965], [71.7092954, 41.0736413], [71.7071897, 41.0742279], [71.7066633, 41.0727785], [71.7047635, 41.0720883], [71.7041456, 41.0715189], [71.7025663, 41.0705354], [71.701193, 41.0690341], [71.6995908, 41.0670497], [71.6995679, 41.0663076], [71.6982404, 41.064582], [71.6954709, 41.0653758], [71.6956998, 41.0656519], [71.6964551, 41.0666183], [71.6972104, 41.067274], [71.6967298, 41.0672567], [71.6958143, 41.0669806], [71.6954252, 41.0665837], [71.6947614, 41.0659452], [71.6937543, 41.065186], [71.6927244, 41.0648581], [71.6911909, 41.0645129], [71.6909391, 41.0643404], [71.6903669, 41.0640815], [71.6900464, 41.0638744], [71.6895658, 41.0636673], [71.6894056, 41.0633567], [71.6889707, 41.0631841], [71.6884672, 41.0632877], [71.6882383, 41.062977], [71.6879407, 41.0621659], [71.6876432, 41.0617345], [71.6875974, 41.0613203], [71.6878263, 41.0607508], [71.6873685, 41.0604056], [71.6867734, 41.0604056], [71.6863386, 41.0602848], [71.6860181, 41.0597843], [71.6848966, 41.0593184], [71.6840955, 41.0592148], [71.6838209, 41.0588869], [71.6839353, 41.0584382], [71.6821958, 41.0580585], [71.6856045, 41.0500666], [71.6859991, 41.0497473], [71.6863937, 41.0491305], [71.6851426, 41.0486079], [71.6840276, 41.0478914], [71.6838402, 41.0480506], [71.6836325, 41.0481906], [71.683212, 41.0484018], [71.6811249, 41.0493648], [71.6808357, 41.0494883], [71.6807011, 41.0495271], [71.680569, 41.0495551], [71.6804287, 41.0495701], [71.6802835, 41.0495743], [71.6800074, 41.0495524], [71.6772873, 41.0493253], [71.6740773, 41.0490014], [71.6738853, 41.0489738], [71.6737169, 41.0489399], [71.6735341, 41.0488905], [71.6733695, 41.0488348], [71.6726696, 41.0485842], [71.6711712, 41.0480389], [71.6708832, 41.0479478], [71.6684875, 41.0470825], [71.6680956, 41.0474009], [71.6668139, 41.0483848], [71.6654406, 41.0494895], [71.6649142, 41.05018], [71.6638842, 41.0522512], [71.6623965, 41.0519751], [71.6610003, 41.0514918], [71.6608858, 41.051906], [71.6615725, 41.052372], [71.6614352, 41.0527172], [71.6608629, 41.0531315], [71.6602221, 41.0525101], [71.6601305, 41.0527172], [71.6599474, 41.0535975], [71.6593523, 41.0550473], [71.6587572, 41.0550301], [71.6575591, 41.055296], [71.6563918, 41.055296], [71.6564147, 41.0558483], [71.6546981, 41.0550199], [71.6531417, 41.0539498], [71.6518828, 41.053967], [71.6511504, 41.0543985], [71.6501204, 41.0540188], [71.6491362, 41.0538807], [71.6481063, 41.0548473], [71.6471221, 41.054295], [71.6462294, 41.0551062], [71.6447417, 41.0544848], [71.6442153, 41.0547092], [71.6454513, 41.0564697], [71.6456801, 41.0581265], [71.6449935, 41.0587478], [71.6437346, 41.0591102], [71.6422011, 41.0589722], [71.6409194, 41.058627], [71.6399352, 41.0582301], [71.6378753, 41.0582473], [71.6378295, 41.059093], [71.6378295, 41.0598524], [71.6382186, 41.0603701], [71.6383101, 41.0608188], [71.6386077, 41.0610949], [71.638951, 41.0611812], [71.6397063, 41.0611467], [71.6404158, 41.0619406], [71.6405303, 41.0624583], [71.6406447, 41.0632004], [71.6407821, 41.0640115], [71.6403701, 41.0648053], [71.6405074, 41.0654265], [71.6410796, 41.0660478], [71.6416747, 41.0671349], [71.642224, 41.0678597], [71.6417891, 41.0687225], [71.6414229, 41.0699822], [71.6414458, 41.0730191], [71.6426818, 41.0748135], [71.6449248, 41.0770393], [71.6447646, 41.0775569], [71.6445357, 41.0778847], [71.6446959, 41.0784714], [71.6451995, 41.0787129], [71.6459777, 41.0791442], [71.6472594, 41.0818874], [71.6476714, 41.0824223], [71.6482894, 41.0827328], [71.6490676, 41.0831986], [71.6505553, 41.0840785], [71.6527297, 41.0858209], [71.6529586, 41.0860796], [71.6537596, 41.0862004], [71.654309, 41.0865972], [71.6550185, 41.0871147], [71.6550185, 41.0877357], [71.6550643, 41.0883568], [71.6550643, 41.0892711], [71.6553847, 41.0902543], [71.6562316, 41.0907201], [71.6567809, 41.0922898], [71.6568038, 41.0935146], [71.6568038, 41.093963], [71.6561629, 41.0944288], [71.6557738, 41.09486], [71.6564833, 41.0956189], [71.6574446, 41.0962744], [71.6578795, 41.0968091], [71.6579253, 41.0973611], [71.6583328, 41.0991586], [71.6583099, 41.1004867], [71.6586761, 41.1038499], [71.6600952, 41.1050054], [71.662384, 41.1072474], [71.6629105, 41.1087133], [71.664856, 41.1121795], [71.6654053, 41.1134039], [71.666069, 41.1154731], [71.6668015, 41.1166284], [71.6671448, 41.1172837], [71.6674881, 41.1180941], [71.6688156, 41.1205426], [71.6688614, 41.1213357], [71.6688156, 41.1218357], [71.6683579, 41.1230082], [71.6686096, 41.1234047], [71.6689987, 41.1241806], [71.6693878, 41.1268012], [71.6699142, 41.1278529], [71.6700287, 41.1281632], [71.6708984, 41.128577], [71.6712646, 41.1292493], [71.6713791, 41.1306285], [71.6709671, 41.1317146], [71.6708298, 41.1329386], [71.670578, 41.1341108], [71.6700287, 41.1352831], [71.6700058, 41.136076], [71.6706238, 41.1372999], [71.6716766, 41.1388858], [71.6719513, 41.139989], [71.6720428, 41.1411266], [71.6723404, 41.1424194], [71.6729126, 41.1440396], [71.6723633, 41.1452289], [71.673027, 41.1468318], [71.6722259, 41.1478487], [71.6721573, 41.1482278], [71.6719971, 41.1492964], [71.6720589, 41.1501172], [71.6716766, 41.1500375], [71.6706009, 41.148314], [71.670166, 41.1467801], [71.6687698, 41.146332], [71.6687469, 41.1457115], [71.6683807, 41.1442637], [71.6667557, 41.1421608], [71.6652222, 41.1412818], [71.6626587, 41.1400752], [71.6617889, 41.1400407], [71.6597977, 41.138248], [71.6576233, 41.1371448], [71.6515808, 41.1358347], [71.6440964, 41.1344039], [71.6427231, 41.1347831], [71.6414467, 41.134877], [71.6371437, 41.1317568], [71.6357018, 41.1296708], [71.6345573, 41.1286019], [71.6339622, 41.1263951], [71.6309639, 41.12474], [71.6285606, 41.1237572], [71.6274849, 41.1236021], [71.6267525, 41.1211882], [71.6260658, 41.1208089], [71.6242577, 41.1194467], [71.6240974, 41.1185674], [71.6236855, 41.1176535], [71.6232964, 41.1166016], [71.621328, 41.1157395], [71.6199547, 41.1135667], [71.6197487, 41.1123079], [71.6196114, 41.1117561], [71.6175056, 41.110273], [71.6175743, 41.1091004], [71.617849, 41.1075655], [71.6169792, 41.1069102], [71.6158348, 41.1050821], [71.6146217, 41.1030297], [71.6152168, 41.1020122], [71.6156288, 41.1009773], [71.6159492, 41.0996837], [71.6160179, 41.0990111], [71.6159035, 41.0982349], [71.6155602, 41.0960099], [71.6151024, 41.094423], [71.6152168, 41.0930775], [71.6138893, 41.0912318], [71.612722, 41.0900243], [71.6121956, 41.0889893], [71.6109138, 41.0872987], [71.6093117, 41.0855218], [71.6085106, 41.0839691], [71.6089455, 41.0829513], [71.6088997, 41.0823992], [71.6086479, 41.0815021], [71.6071144, 41.0798113], [71.6064278, 41.0788969], [71.6066338, 41.0778789], [71.6057411, 41.0767057], [71.6050545, 41.0756532], [71.6058556, 41.0741866], [71.6067024, 41.0739278], [71.6081215, 41.0739278], [71.6082817, 41.0727372], [71.612104, 41.0700971], [71.6121727, 41.0693552], [71.6119667, 41.0687167], [71.6105248, 41.0670774], [71.6091972, 41.06618], [71.6089912, 41.0656623], [71.6089226, 41.0626078], [71.6086021, 41.0617104], [71.608213, 41.0611409], [71.6070457, 41.0607267], [71.6046196, 41.0597775], [71.6041389, 41.0594669], [71.6034523, 41.058673], [71.6023308, 41.0578446], [71.6019417, 41.0571887], [71.601049, 41.056343], [71.5994926, 41.0559288], [71.5984856, 41.0559288], [71.597982, 41.0558598], [71.5976845, 41.0555146], [71.59909, 41.0519143], [71.5951833, 41.0510528], [71.5933771, 41.0506901], [71.5929925, 41.0504279], [71.5929126, 41.0492245], [71.5920609, 41.045848], [71.5904503, 41.0444199], [71.5888752, 41.0430576], [71.5876779, 41.0415013], [71.5860633, 41.0396845], [71.585039, 41.0391866], [71.5827256, 41.0389173], [71.5814793, 41.0379516], [71.5802409, 41.0371966], [71.5787473, 41.0347092], [71.5782977, 41.0344205], [71.5778341, 41.0342828], [71.5747182, 41.0345518], [71.5695328, 41.0350025], [71.5682733, 41.0350425], [71.5670795, 41.0349829], [71.563917, 41.0343039], [71.5633184, 41.0339068], [71.5631927, 41.0337091], [71.5625349, 41.0340605], [71.5616194, 41.038601], [71.5609327, 41.0405173], [71.5598112, 41.0413459], [71.558209, 41.0433139], [71.5564924, 41.0480264], [71.5558058, 41.0484752], [71.5564466, 41.0503049], [71.5482069, 41.0515821], [71.5470167, 41.0507191], [71.5447965, 41.0539813], [71.5443846, 41.0537742], [71.5427595, 41.0563113], [71.5421186, 41.056691], [71.5406538, 41.0567255], [71.5396467, 41.0560697], [71.5394178, 41.0553621], [71.5394407, 41.0544991], [71.5387312, 41.0537224], [71.5394636, 41.0511851], [71.5395094, 41.0495454], [71.5387312, 41.048527], [71.538571, 41.0475603], [71.5359159, 41.0469389], [71.5351835, 41.046611], [71.5344511, 41.045558], [71.5344511, 41.0442288], [71.5333067, 41.0435383], [71.5319563, 41.0431067], [71.5313383, 41.0426234], [71.5303541, 41.0421918], [71.5287062, 41.0413977], [71.5282026, 41.0407935], [71.5277906, 41.0404137], [71.5272184, 41.0410524], [71.5270811, 41.0415703], [71.5274015, 41.0423299], [71.5278593, 41.0435383], [71.5263944, 41.0431413], [71.5249754, 41.0418983], [71.5239912, 41.0432276], [71.5219541, 41.0423126], [71.5198713, 41.0422263]]]]}}, {"type": "Feature", "properties": {"name_uz": "Chust", "name_en": "Chust", "name_ru": "Чуст", "osm_name": "Chust", "osm_id": 187354663, "osm_type": "way", "place": "town", "admin_level": null, "source": "overpass", "bbox": [71.194371, 40.969621, 71.270663, 41.030055]}, "geometry": {"type": "Polygon", "coordinates": [[[71.2351489, 41.0275513], [71.2293506, 41.029425], [71.2253665, 41.029399], [71.2168263, 41.0300546], [71.2152705, 41.0295184], [71.2191551, 41.0224581], [71.2067221, 41.0193295], [71.2007827, 41.020659], [71.1943707, 41.0191333], [71.1949626, 41.013216], [71.1987776, 41.0120589], [71.2075026, 41.0120502], [71.208609, 41.0104117], [71.2085372, 41.0057584], [71.2085014, 41.0037046], [71.2103128, 40.9990964], [71.212323, 40.9936682], [71.2197867, 40.9759572], [71.221354, 40.9715739], [71.2221028, 40.9696211], [71.228864, 40.9701939], [71.2324627, 40.9714873], [71.2345849, 40.9759641], [71.2544478, 40.9896149], [71.2698364, 40.9867021], [71.2705028, 40.988797], [71.2703851, 40.9917033], [71.270663, 40.994704], [71.2703919, 40.9982944], [71.2664358, 40.9980154], [71.2641928, 40.9985456], [71.263059, 41.0003593], [71.2637121, 41.0023962], [71.2554437, 41.0029425], [71.2560279, 41.0062786], [71.2503972, 41.0064986], [71.2486559, 41.0062216], [71.2473131, 41.0097878], [71.2469269, 41.0160195], [71.2375509, 41.0178748], [71.2391457, 41.020991], [71.2351489, 41.0275513]]]}}, {"type": "Feature", "properties": {"name_uz": "Pop", "name_en": "Pop", "name_ru": "Поп", "osm_name": "Pop", "osm_id": 131740789, "osm_type": "way", "place": "town", "admin_level": null, "source": "overpass", "bbox": [71.07242, 40.856996, 71.122317, 40.89191]}, "geometry": {"type": "Polygon", "coordinates": [[[71.0724201, 40.8714152], [71.0802566, 40.8757869], [71.08229, 40.8807111], [71.0879338, 40.8799235], [71.0953096, 40.8895058], [71.096547, 40.8911701], [71.1012125, 40.890945], [71.1037686, 40.8890038], [71.1109061, 40.8882112], [71.1132413, 40.888007], [71.1125872, 40.8897185], [71.1170972, 40.8919098], [71.120196, 40.8881377], [71.1199736, 40.8837407], [71.1161023, 40.8789374], [71.1201849, 40.8772284], [71.1177817, 40.8740118], [71.1202171, 40.8737522], [71.1201817, 40.8713864], [71.1193781, 40.8682038], [71.1196084, 40.8654084], [71.1186267, 40.8644957], [71.118889, 40.8616527], [71.1217157, 40.8611017], [71.1223168, 40.856996], [71.1149059, 40.8579209], [71.1131243, 40.8606217], [71.1093522, 40.8664773], [71.1067713, 40.868429], [71.1027015, 40.8615226], [71.0993264, 40.8615977], [71.0972722, 40.8625998], [71.0973134, 40.8661819], [71.0911129, 40.8654924], [71.0916798, 40.8705178], [71.0859256, 40.8688794], [71.0850032, 40.8704536], [71.0755028, 40.8670028], [71.0738718, 40.8689657], [71.0741615, 40.8692537], [71.0724201, 40.8714152]]]}}, {"type": "Feature", "properties": {"name_uz": "Kosonsoy", "name_en": "Kosonsoy", "name_ru": "Косонсой", "osm_name": "Kosonsoy", "osm_id": 27303193, "osm_type": "way", "place": "town", "admin_level": null, "source": "overpass", "bbox": [71.508843, 41.194207, 71.567091, 41.269683]}, "geometry": {"type": "Polygon", "coordinates": [[[71.5385477, 41.2696828], [71.5443651, 41.2674716], [71.5546219, 41.2684071], [71.5597717, 41.2674071], [71.5596001, 41.2644394], [71.5601151, 41.2617296], [71.563205, 41.2583745], [71.5670908, 41.2558369], [71.5632037, 41.2470571], [71.5620992, 41.2443172], [71.560498, 41.2407095], [71.5588182, 41.2372001], [71.5564284, 41.2333741], [71.5535429, 41.2287303], [71.5495738, 41.2243259], [71.5491635, 41.2238706], [71.5519228, 41.2220624], [71.5472405, 41.2129348], [71.5496437, 41.2095772], [71.5474121, 41.2068651], [71.5463822, 41.2066068], [71.5450089, 41.2028615], [71.5402023, 41.1996325], [71.5400307, 41.1962742], [71.5364258, 41.1942075], [71.5338509, 41.1965326], [71.5351168, 41.2135152], [71.5429489, 41.223523], [71.5367691, 41.2178417], [71.5306362, 41.2184001], [71.5303712, 41.2184949], [71.5287513, 41.2185684], [71.5244147, 41.2185873], [71.5248354, 41.2212326], [71.5250376, 41.2225914], [71.5173714, 41.2226192], [71.5182441, 41.2275493], [71.5202787, 41.2285858], [71.5204341, 41.2335254], [71.520495, 41.2354603], [71.5191439, 41.2357173], [71.5183267, 41.2356794], [71.5172288, 41.2356284], [71.5093044, 41.2352605], [71.5088427, 41.2374487], [71.5157665, 41.241715], [71.5168655, 41.2491919], [71.5200288, 41.2496076], [71.5224056, 41.255508], [71.523685, 41.2603842], [71.5291176, 41.2692071], [71.5385477, 41.2696828]]]}}, {"type": "Feature", "properties": {"name_uz": "Uchqo'rg'on", "name_en": "Uchkurgan", "name_ru": "Учкурган", "osm_name": "Uchqo'rg'on", "osm_id": 19740004, "osm_type": "relation", "place": "town", "admin_level": null, "source": "overpass", "bbox": [72.064388, 41.094012, 72.11502, 41.1491]}, "geometry": {"type": "MultiPolygon", "coordinates": [[[[72.070239, 41.114211], [72.0684515, 41.1121181], [72.064934, 41.1066635], [72.0649195, 41.1051332], [72.0664955, 41.1048129], [72.0643882, 41.0978684], [72.0663214, 41.0961304], [72.0687461, 41.096284], [72.0686817, 41.0949822], [72.0677805, 41.0945133], [72.0698404, 41.094012], [72.0723562, 41.0960914], [72.0725226, 41.0965023], [72.0690679, 41.0958716], [72.0691645, 41.0963487], [72.0786483, 41.0978802], [72.0782028, 41.103814], [72.0785491, 41.104729], [72.084604, 41.1054215], [72.0857132, 41.104217], [72.0893524, 41.1030408], [72.0889648, 41.1103255], [72.0917749, 41.1109557], [72.0927371, 41.107473], [72.1039477, 41.1106612], [72.1042774, 41.111904], [72.1035171, 41.1135958], [72.1022282, 41.1165316], [72.1009662, 41.1213837], [72.0975436, 41.1273888], [72.098565, 41.1298541], [72.1032085, 41.1347587], [72.1031762, 41.1378293], [72.1029752, 41.1401754], [72.1037229, 41.1415376], [72.104854, 41.1426531], [72.1090543, 41.1459131], [72.1116292, 41.1472179], [72.114628, 41.1485509], [72.1150196, 41.1487367], [72.1145904, 41.1491003], [72.1131957, 41.1489549], [72.1132278, 41.1487933], [72.1125787, 41.1481833], [72.110256, 41.14723], [72.1094567, 41.1472138], [72.1080136, 41.1464746], [72.1082872, 41.1461393], [72.1064794, 41.1448224], [72.1049568, 41.1440503], [72.1047628, 41.144988], [72.1043995, 41.1457387], [72.1042746, 41.1459939], [72.103883, 41.1460101], [72.1040064, 41.1469594], [72.1016407, 41.1470119], [72.1012779, 41.1472942], [72.1002084, 41.1463494], [72.0997739, 41.1456303], [72.0995057, 41.1452708], [72.0995593, 41.1443094], [72.1005088, 41.1440751], [72.1003212, 41.1437522], [72.0988529, 41.1425301], [72.0961755, 41.1369857], [72.0936692, 41.1345891], [72.0902312, 41.1324164], [72.08908, 41.1315568], [72.0830417, 41.1272092], [72.0817508, 41.1263544], [72.0809857, 41.1252577], [72.0793005, 41.1230361], [72.0762712, 41.1214369], [72.0758809, 41.1211793], [72.0725625, 41.1169313], [72.070239, 41.114211]]]]}}, {"type": "Feature", "properties": {"name_uz": "To'raqo'rg'on", "name_en": "Turakurgan", "name_ru": "Туракурган", "osm_name": "Toʻraqoʻrgʻon", "osm_id": 187154935, "osm_type": "way", "place": "town", "admin_level": null, "source": "overpass", "bbox": [71.472441, 40.969704, 71.544939, 41.022194]}, "geometry": {"type": "Polygon", "coordinates": [[[71.4764363, 40.9919514], [71.4741468, 40.988871], [71.4724409, 40.9880385], [71.4757703, 40.9852953], [71.4771433, 40.9827778], [71.4788061, 40.983688], [71.4794738, 40.984324], [71.4792553, 40.9849356], [71.4813726, 40.9861244], [71.4830658, 40.9863443], [71.4847044, 40.9853135], [71.4797327, 40.9776234], [71.4818806, 40.9771544], [71.4895022, 40.9793971], [71.4914258, 40.98314], [71.4934342, 40.9827124], [71.4935629, 40.9832664], [71.4981098, 40.9829895], [71.4981644, 40.979952], [71.5008044, 40.9800345], [71.5006405, 40.9847075], [71.5062198, 40.9839379], [71.5121, 40.9697038], [71.5138509, 40.9701704], [71.5132844, 40.9709869], [71.5192579, 40.970948], [71.5170436, 40.9762746], [71.5200819, 40.9779463], [71.5218842, 40.9759636], [71.5256434, 40.9758858], [71.5231801, 40.9800631], [71.5242725, 40.9813138], [71.5234754, 40.9823962], [71.5236449, 40.9825281], [71.5255026, 40.9832632], [71.5261898, 40.9835825], [71.5272808, 40.9829666], [71.5284301, 40.9836578], [71.5276593, 40.9841915], [71.5280935, 40.9846992], [71.527361, 40.9855328], [71.5285123, 40.9880314], [71.5253541, 40.9908311], [71.5245073, 40.9917637], [71.5238334, 40.9917046], [71.5219594, 40.9928176], [71.5213419, 40.9933383], [71.5210754, 40.993639], [71.5211298, 40.9936774], [71.5212974, 40.9937956], [71.522224, 40.9943848], [71.5230315, 40.9947452], [71.5244523, 40.9952864], [71.5245077, 40.9953075], [71.5244913, 40.9954225], [71.5255516, 40.996026], [71.5255685, 40.9960088], [71.5257273, 40.9958484], [71.5269711, 40.9965953], [71.5270041, 40.9966151], [71.5270229, 40.9966249], [71.5271768, 40.9967053], [71.5272062, 40.9967206], [71.5290986, 40.9977086], [71.5294092, 40.9978708], [71.5296596, 40.99798], [71.5299095, 40.9979995], [71.5299936, 40.9980345], [71.5305297, 40.9982192], [71.5310553, 40.9984584], [71.5322376, 40.9988536], [71.5323078, 40.9988765], [71.5332663, 40.9991894], [71.5344722, 40.9995832], [71.5346878, 40.9993775], [71.5336724, 40.9987196], [71.5334577, 40.9986776], [71.5332949, 40.9988089], [71.5330876, 40.9986706], [71.5322553, 40.9981155], [71.5322601, 40.9980304], [71.5314758, 40.9976941], [71.5307846, 40.9973086], [71.5303448, 40.9974854], [71.5299757, 40.9972196], [71.5288582, 40.9966785], [71.5287336, 40.9966944], [71.5285017, 40.9965856], [71.5277587, 40.9962808], [71.525514, 40.9952085], [71.5263225, 40.9947643], [71.5266242, 40.9946681], [71.5270829, 40.9945619], [71.5273379, 40.9943442], [71.5274719, 40.9940659], [71.5276158, 40.9939025], [71.5279444, 40.9937482], [71.5286154, 40.9936372], [71.529926, 40.9928554], [71.530113, 40.9928421], [71.5301552, 40.9930534], [71.5303752, 40.9931881], [71.5321732, 40.9939231], [71.5342993, 40.9947355], [71.53563, 40.993587], [71.5369571, 40.9936915], [71.5380846, 40.9936777], [71.5344151, 40.9978226], [71.5357106, 40.9991188], [71.5352383, 40.9995866], [71.5353151, 40.9996401], [71.5352236, 40.9997047], [71.5351806, 40.9998173], [71.5367578, 41.0007147], [71.537009, 41.0010425], [71.5370431, 41.0013704], [71.5375671, 41.0015966], [71.5388405, 41.0030885], [71.539063, 41.0031329], [71.5398156, 41.0028886], [71.5408584, 41.0047616], [71.5416675, 41.0060939], [71.5420612, 41.0063365], [71.5424489, 41.0075846], [71.5431411, 41.0077737], [71.5436903, 41.0084812], [71.5441864, 41.0089975], [71.5445041, 41.009082], [71.544939, 41.0107427], [71.5426771, 41.0110562], [71.5420831, 41.0107359], [71.5413993, 41.0106224], [71.540929, 41.0111808], [71.5404733, 41.0111533], [71.5400432, 41.010973], [71.5396645, 41.0109982], [71.5393205, 41.0113225], [71.5389425, 41.0111681], [71.5387852, 41.0111414], [71.538318, 41.0113957], [71.5379723, 41.0117766], [71.5376047, 41.0117722], [71.5371962, 41.0119792], [71.5370379, 41.0121863], [71.5368463, 41.012123], [71.5366397, 41.0124128], [71.5362412, 41.0125371], [71.5342817, 41.0137295], [71.5275341, 41.0156417], [71.5186695, 41.0178464], [71.5097192, 41.021128], [71.5057794, 41.0221942], [71.5017321, 41.0203262], [71.5035345, 41.012441], [71.5011872, 41.0120908], [71.4988919, 41.020024], [71.4944775, 41.020412], [71.4881372, 41.0127398], [71.4907892, 41.0059978], [71.491796, 41.0013359], [71.4764363, 40.9919514]]]}}, {"type": "Feature", "properties": {"name_uz": "Mingbuloq", "name_en": "Mingbulak", "name_ru": "Мингбулок", "osm_name": "Mingbuloq", "osm_id": 246372818, "osm_type": "node", "place": "village", "admin_level": null, "source": "overpass-node", "bbox": [62.848278, 42.244158, 62.884795, 42.271185]}, "geometry": {"type": "Point", "coordinates": [62.8665366, 42.2576714]}}, {"type": "Feature", "properties": {"name_uz": "Chortoq", "name_en": "Chortoq", "name_ru": "Чортоk", "osm_name": "Chortoq", "osm_id": 27557265, "osm_type": "way", "place": "town", "admin_level": null, "source": "overpass", "bbox": [71.783103, 41.044455, 71.866874, 41.1067]}, "geometry": {"type": "Polygon", "coordinates": [[[71.7961495, 41.0937639], [71.8000977, 41.0942814], [71.798896, 41.101267], [71.8002693, 41.101267], [71.8016426, 41.0989385], [71.8043892, 41.0976449], [71.806131, 41.0968573], [71.8069641, 41.0964806], [71.8081658, 41.0959632], [71.8115252, 41.094511], [71.8134823, 41.0923373], [71.8155769, 41.0909478], [71.8222241, 41.0910553], [71.8234802, 41.0856191], [71.8268441, 41.0861762], [71.8303101, 41.0878126], [71.8333868, 41.0878164], [71.8416397, 41.0911765], [71.8423143, 41.0903777], [71.8414852, 41.0844977], [71.8361466, 41.0825078], [71.8342583, 41.0784965], [71.8334, 41.0764261], [71.8409531, 41.0770731], [71.8426697, 41.0773319], [71.8581192, 41.0800493], [71.8634407, 41.0781083], [71.8668739, 41.0764261], [71.8577759, 41.0737085], [71.8466179, 41.0720262], [71.8397514, 41.0681437], [71.8441288, 41.0666229], [71.8423264, 41.0646493], [71.8395154, 41.062643], [71.8447494, 41.0606828], [71.8446009, 41.0594072], [71.8402637, 41.0585711], [71.8361283, 41.0567261], [71.8332283, 41.054812], [71.8337969, 41.0528783], [71.8292996, 41.0513884], [71.826499, 41.0472894], [71.8226028, 41.0491713], [71.8189804, 41.0444555], [71.8118208, 41.0454284], [71.8093313, 41.0493675], [71.8012093, 41.0499247], [71.8026838, 41.0548353], [71.8044151, 41.0566974], [71.8026352, 41.0589502], [71.7930596, 41.0552004], [71.7858456, 41.0530295], [71.7875073, 41.0591227], [71.7875607, 41.059833], [71.7875664, 41.0614135], [71.7909996, 41.0689202], [71.7921712, 41.0728738], [71.7927162, 41.0831547], [71.7901837, 41.0903586], [71.7885529, 41.0933471], [71.7833459, 41.1022668], [71.7831032, 41.1066997], [71.7855065, 41.106441], [71.7930699, 41.0938852], [71.7961495, 41.0937639]]]}}, {"type": "Feature", "properties": {"name_uz": "Uychi", "name_en": "Uychi", "name_ru": "Уйчи", "osm_name": "Uychi", "osm_id": 250323252, "osm_type": "way", "place": "town", "admin_level": null, "source": "overpass", "bbox": [71.830818, 41.011691, 71.878437, 41.048727]}, "geometry": {"type": "Polygon", "coordinates": [[[71.8420478, 41.0169412], [71.8308177, 41.0298235], [71.8310321, 41.0302703], [71.8335895, 41.0356006], [71.84256, 41.0373331], [71.8468515, 41.0395343], [71.8538609, 41.0436396], [71.8592112, 41.0440658], [71.8624667, 41.0436774], [71.860563, 41.0416868], [71.8639748, 41.0395343], [71.8659059, 41.041088], [71.8710558, 41.0440658], [71.8683092, 41.048597], [71.8710558, 41.0487265], [71.8719141, 41.0474319], [71.876549, 41.0478203], [71.8784372, 41.0467846], [71.8715922, 41.040651], [71.8739024, 41.0385153], [71.8738304, 41.0373672], [71.8736695, 41.0348032], [71.8619577, 41.0245132], [71.8641893, 41.0230887], [71.8595545, 41.0193328], [71.8553086, 41.0199007], [71.8542787, 41.0185472], [71.8566362, 41.0131157], [71.8478815, 41.0116909], [71.8451349, 41.0129862], [71.8440477, 41.0135606], [71.8439103, 41.013729], [71.8452579, 41.0146033], [71.8443211, 41.0155266], [71.8420478, 41.0169412]]]}}, {"type": "Feature", "properties": {"name_uz": "Samarqand", "name_en": "Samarkand", "name_ru": "Самарканд", "osm_name": "Samarqand shahri", "osm_id": 15589846, "osm_type": "relation", "place": "city", "admin_level": "6", "source": "overpass", "bbox": [66.813771, 39.615125, 67.068307, 39.727701]}, "geometry": {"type": "MultiPolygon", "coordinates": [[[[66.8690657, 39.640287], [66.8645109, 39.6432128], [66.8569695, 39.6467557], [66.8548866, 39.6441297], [66.8556877, 39.6433895], [66.8558479, 39.6418738], [66.8554817, 39.6413274], [66.8563057, 39.6315624], [66.8638359, 39.632197], [66.8644539, 39.6329373], [66.8654152, 39.6322675], [66.8691917, 39.6340654], [66.8751427, 39.630064], [66.8786217, 39.6334485], [66.880407, 39.6314919], [66.8820549, 39.6282659], [66.885099, 39.6237176], [66.8861061, 39.6197156], [66.8866097, 39.6190633], [66.8892418, 39.6163657], [66.889814, 39.6158368], [66.8911644, 39.6161541], [66.896154, 39.616401], [66.9065453, 39.6188341], [66.9035011, 39.619698], [66.9021278, 39.6203503], [66.8997704, 39.6211613], [66.8989235, 39.6216902], [66.8984428, 39.6223954], [66.89842, 39.6230301], [66.89842, 39.6238587], [66.8988091, 39.6270672], [66.897802, 39.6277723], [66.8962914, 39.6282307], [66.8964058, 39.62883], [66.8962914, 39.6301522], [66.8977104, 39.6303813], [66.899015, 39.6306281], [66.899427, 39.634418], [66.8995644, 39.6354227], [66.8979164, 39.6354227], [66.897596, 39.6350526], [66.8954445, 39.6353346], [66.8955818, 39.635881], [66.8950554, 39.6365332], [66.8964745, 39.6386307], [66.8932243, 39.6400936], [66.8929039, 39.6407986], [66.8923546, 39.6414508], [66.8921486, 39.6422439], [66.8921486, 39.6432485], [66.8920342, 39.6444293], [66.8905464, 39.6457864], [66.8901115, 39.6457511], [66.8902031, 39.6443412], [66.8899513, 39.6443412], [66.8900887, 39.6436715], [66.8864037, 39.6439887], [66.8861977, 39.643883], [66.8849617, 39.6440063], [66.8849388, 39.6436362], [66.8838173, 39.6436715], [66.8835197, 39.6448699], [66.8816658, 39.6444822], [66.8818031, 39.6435834], [66.8811623, 39.6433895], [66.8810154, 39.6436614], [66.879219, 39.6431689], [66.8793006, 39.6430117], [66.8790693, 39.6429593], [66.8785521, 39.6435042], [66.8770143, 39.6427707], [66.8773545, 39.6422257], [66.8776947, 39.6423724], [66.8779533, 39.6419008], [66.8770551, 39.6414607], [66.8768373, 39.6417436], [66.8764427, 39.6415445], [66.8766196, 39.6412511], [66.8726184, 39.6376983], [66.8690657, 39.640287]]], [[[66.9081634, 39.6883352], [66.8920621, 39.6898797], [66.8858834, 39.6904799], [66.8858957, 39.6901941], [66.8848433, 39.6899083], [66.8832583, 39.6888887], [66.8825278, 39.6862588], [66.8823297, 39.6849915], [66.8824411, 39.6827331], [66.8840632, 39.6823805], [66.8842365, 39.6806462], [66.8830354, 39.6804079], [66.8829735, 39.6800077], [66.8827754, 39.6794168], [66.8824906, 39.6779397], [66.8836174, 39.6776633], [66.8840632, 39.6769772], [66.8855986, 39.6764149], [66.8859081, 39.6762529], [66.8860939, 39.6765483], [66.8864529, 39.6778063], [66.8867501, 39.6794264], [66.890279, 39.6786926], [66.8962101, 39.677063], [66.9014354, 39.6761004], [66.901844, 39.67408], [66.9029708, 39.6701152], [66.9033051, 39.6676466], [66.9035652, 39.6672463], [66.9038747, 39.6660263], [66.9067474, 39.6660168], [66.9069075, 39.6644881], [66.9069331, 39.6642439], [66.9065988, 39.6630238], [66.9058311, 39.6609744], [66.9051749, 39.6578477], [66.9047662, 39.6555026], [66.9046796, 39.6484478], [66.904531, 39.6438618], [66.9044938, 39.6412302], [66.9045062, 39.638856], [66.9048281, 39.6375878], [66.9051749, 39.6371873], [66.9060664, 39.6351562], [66.9063883, 39.6349655], [66.907156, 39.6343933], [66.9083942, 39.6330487], [66.9087038, 39.6322572], [66.9084314, 39.6312273], [66.9089143, 39.630493], [66.910363, 39.6310557], [66.9131366, 39.6292151], [66.9134586, 39.6293582], [66.915093, 39.6283091], [66.9159845, 39.6276511], [66.9161703, 39.6274508], [66.9164179, 39.6270884], [66.9166408, 39.6267069], [66.916938, 39.6266211], [66.9175818, 39.6265925], [66.917718, 39.6268405], [66.9182752, 39.6271552], [66.9194268, 39.6272029], [66.9199592, 39.6254862], [66.920566, 39.6241224], [66.920566, 39.6229207], [66.9236491, 39.6230446], [66.923872, 39.6228825], [66.9241196, 39.6221481], [66.9247635, 39.6222816], [66.9247264, 39.6224915], [66.9257912, 39.6225105], [66.9271904, 39.6223484], [66.9283544, 39.6220813], [66.9289859, 39.6219955], [66.9298526, 39.6217857], [66.9317099, 39.6214805], [66.9318462, 39.6220813], [66.9323511, 39.6219479], [66.9341372, 39.6214623], [66.9341372, 39.6212195], [66.9340847, 39.6198572], [66.9349953, 39.6197088], [66.936081, 39.6193176], [66.936974, 39.6202214], [66.9372017, 39.6202214], [66.938445, 39.6198842], [66.9385851, 39.6196414], [66.938515, 39.6191558], [66.9390754, 39.6189399], [66.9407389, 39.6185757], [66.9414569, 39.6184678], [66.9417896, 39.6184139], [66.9421748, 39.618252], [66.9425426, 39.6178608], [66.9427177, 39.6173887], [66.9427877, 39.616984], [66.9436458, 39.6167008], [66.9468153, 39.6163635], [66.947113, 39.6175101], [66.9472005, 39.6190883], [66.9501774, 39.6187241], [66.9508253, 39.6187241], [66.9512981, 39.6197223], [66.9517884, 39.6199381], [66.9523138, 39.6210307], [66.952629, 39.6210846], [66.9538197, 39.62068], [66.9545202, 39.6201539], [66.9556584, 39.6198842], [66.9566565, 39.6201135], [66.9575846, 39.6204237], [66.9608921, 39.6213719], [66.9617687, 39.621582], [66.9620138, 39.6216224], [66.9623301, 39.6204102], [66.9624702, 39.6200595], [66.9622251, 39.6192232], [66.9614195, 39.6179552], [66.9656222, 39.6173887], [66.9664452, 39.6189399], [66.9667079, 39.6193986], [66.9671807, 39.6206125], [66.9674434, 39.6217725], [66.9684765, 39.6216242], [66.9703852, 39.6214218], [66.9716986, 39.6213139], [66.9730644, 39.621233], [66.973905, 39.62126], [66.9738875, 39.6221097], [66.9743778, 39.6219614], [66.9750607, 39.6214758], [66.9756561, 39.62126], [66.9757086, 39.6209093], [66.9754985, 39.6203023], [66.9758312, 39.6202214], [66.9760938, 39.6170515], [66.9761814, 39.6164849], [66.9764791, 39.6158239], [66.977118, 39.6151251], [66.9794648, 39.6169827], [66.9837051, 39.619526], [66.9851946, 39.6213257], [66.9853559, 39.6215206], [66.9869905, 39.6230291], [66.9883824, 39.6258089], [66.9887701, 39.6263314], [66.9899361, 39.6279031], [66.9923152, 39.6303338], [66.9936261, 39.6307701], [66.9941926, 39.6314806], [66.9947752, 39.6325525], [66.995374, 39.633101], [66.995633, 39.6338364], [66.997219, 39.6354318], [66.9984005, 39.6354941], [67.0000189, 39.6357807], [67.0014593, 39.6363291], [67.0021391, 39.6367405], [67.003094, 39.6370147], [67.0037252, 39.6369025], [67.00468, 39.6372889], [67.0051332, 39.6376129], [67.0058777, 39.6378871], [67.0076256, 39.6380616], [67.0083053, 39.637937], [67.0087585, 39.6386723], [67.0094059, 39.6388219], [67.0109919, 39.6386224], [67.0113318, 39.6393328], [67.0121572, 39.6400682], [67.0123838, 39.6407786], [67.0139375, 39.6406041], [67.0146334, 39.640467], [67.0151028, 39.6417382], [67.015038, 39.6431963], [67.015475, 39.6446544], [67.0157379, 39.6447837], [67.016226, 39.6459237], [67.0163226, 39.6465227], [67.0163172, 39.6472951], [67.01599, 39.6476131], [67.0157647, 39.648051], [67.0157432, 39.6483876], [67.0154858, 39.6486871], [67.0151773, 39.6486582], [67.0148688, 39.6486251], [67.0145953, 39.6488709], [67.0146355, 39.6490175], [67.0146543, 39.6491992], [67.0146999, 39.6494223], [67.0144713, 39.649471], [67.0146409, 39.6498089], [67.0148812, 39.6498001], [67.0156594, 39.6495886], [67.0157967, 39.6498442], [67.015957, 39.6496503], [67.0167237, 39.6496327], [67.0167466, 39.6507429], [67.0171586, 39.6507606], [67.01717, 39.6513685], [67.0173417, 39.6513685], [67.0173875, 39.6516153], [67.0178796, 39.6551925], [67.0146867, 39.6553247], [67.0148894, 39.6561052], [67.0153113, 39.6591437], [67.011977, 39.6595418], [67.0084794, 39.6597199], [67.0085474, 39.6603695], [67.0086644, 39.6610601], [67.0094426, 39.6628573], [67.0101064, 39.6637207], [67.0111135, 39.6646721], [67.0123952, 39.6656236], [67.0178655, 39.6689535], [67.0231824, 39.6721731], [67.024075, 39.6716798], [67.024899, 39.671257], [67.0257001, 39.6709751], [67.0263409, 39.6707637], [67.0272793, 39.6709047], [67.0282635, 39.6710104], [67.0290646, 39.6710632], [67.029797, 39.6711866], [67.0307583, 39.6715741], [67.0314679, 39.6716094], [67.0318341, 39.6715741], [67.0327267, 39.6711161], [67.0332074, 39.6716975], [67.0335049, 39.6720146], [67.0339398, 39.6725431], [67.034718, 39.6733182], [67.0362286, 39.6738467], [67.0370755, 39.6740229], [67.0386548, 39.6740758], [67.0411725, 39.6743048], [67.0416989, 39.6734768], [67.0422024, 39.6734063], [67.0428891, 39.6747628], [67.0450635, 39.673882], [67.0453381, 39.6742519], [67.0460248, 39.674798], [67.0456586, 39.6753265], [67.0458417, 39.676084], [67.0464825, 39.6770353], [67.0483365, 39.6793254], [67.0491605, 39.6805232], [67.0498242, 39.6808931], [67.0510144, 39.681263], [67.0523877, 39.6813687], [67.0515866, 39.6836586], [67.0520215, 39.6847155], [67.0523648, 39.6867234], [67.0525479, 39.6880444], [67.0530514, 39.6885905], [67.0539899, 39.6889956], [67.056239, 39.6894701], [67.0564794, 39.6895208], [67.0560965, 39.6902621], [67.0555375, 39.6911646], [67.0552364, 39.6913557], [67.0551447, 39.6924199], [67.0548674, 39.693194], [67.0547831, 39.6933362], [67.0546939, 39.69346], [67.0544152, 39.6937177], [67.0543098, 39.6937978], [67.0541924, 39.6938522], [67.0540394, 39.6938983], [67.0538745, 39.6939186], [67.0536598, 39.693982], [67.0535104, 39.6939704], [67.0532515, 39.6938218], [67.0516247, 39.6937933], [67.0473359, 39.6943528], [67.0452655, 39.6949313], [67.0429485, 39.695652], [67.0428129, 39.6958701], [67.0423816, 39.6960313], [67.0422091, 39.6959744], [67.0419626, 39.6959744], [67.0406316, 39.6963158], [67.0405083, 39.696477], [67.0394361, 39.696714], [67.037723, 39.6970934], [67.0365399, 39.6973115], [67.0353938, 39.6975011], [67.0345681, 39.6975839], [67.0334096, 39.6979752], [67.0320909, 39.6984114], [67.0307089, 39.6989863], [67.0303972, 39.6992158], [67.0299455, 39.6996202], [67.0288028, 39.7007317], [67.0280714, 39.70124], [67.0273989, 39.7014669], [67.0234704, 39.7024199], [67.0196037, 39.702147], [67.0185623, 39.7025839], [67.0181694, 39.7027191], [67.0166815, 39.7030682], [67.0113511, 39.7016145], [67.0084214, 39.7022836], [66.9953211, 39.7060044], [66.9873414, 39.7082706], [66.9766069, 39.7113167], [66.9747529, 39.7117217], [66.9729676, 39.7116865], [66.9716985, 39.7113999], [66.9583879, 39.7083939], [66.950789, 39.7067563], [66.9495759, 39.7066859], [66.9485459, 39.7067563], [66.9485917, 39.706052], [66.9488206, 39.70371], [66.9470385, 39.7040529], [66.9465854, 39.7025961], [66.9461322, 39.7026833], [66.9456629, 39.7018116], [66.9474917, 39.7013384], [66.9475241, 39.6995578], [66.9478477, 39.6986239], [66.9476859, 39.6984371], [66.9479287, 39.6975654], [66.9479125, 39.6966439], [66.9473298, 39.6952367], [66.9469414, 39.694477], [66.9469738, 39.6940287], [66.9471356, 39.6936302], [66.9465206, 39.6938046], [66.9460351, 39.69368], [66.9459218, 39.6934559], [66.9457438, 39.6933687], [66.9455198, 39.6932778], [66.9450732, 39.6932815], [66.9447105, 39.693119], [66.9441622, 39.693043], [66.9434972, 39.6934032], [66.943221, 39.6934669], [66.9426055, 39.6934604], [66.9422031, 39.6931569], [66.9415089, 39.6932176], [66.9409173, 39.693424], [66.9398208, 39.6949658], [66.9394894, 39.6950933], [66.9392607, 39.6952693], [66.9385743, 39.6955606], [66.9373043, 39.6955667], [66.9368625, 39.6947655], [66.9359553, 39.6945773], [66.9350797, 39.6950204], [66.9344801, 39.6950568], [66.933991, 39.694814], [66.9332968, 39.6946259], [66.9315455, 39.6946805], [66.9306778, 39.6944863], [66.9301279, 39.6942503], [66.9298753, 39.6942598], [66.9296781, 39.6943025], [66.9295179, 39.6948383], [66.9291868, 39.694893], [66.9287371, 39.6951175], [66.928674, 39.6953846], [66.9283269, 39.6955242], [66.9263784, 39.6958641], [66.9261891, 39.695852], [66.9258104, 39.6955364], [66.9255974, 39.6954575], [66.9251951, 39.6954878], [66.9248875, 39.6956092], [66.9248875, 39.6959006], [66.9247928, 39.6961191], [66.9246035, 39.6962708], [66.9242485, 39.6963133], [66.924138, 39.6966229], [66.9239487, 39.6967686], [66.9235622, 39.6964651], [66.9236884, 39.6963072], [66.9236095, 39.6961373], [66.9231677, 39.6960584], [66.9228995, 39.6959188], [66.922726, 39.6955121], [66.9224025, 39.6953968], [66.9219213, 39.6953482], [66.9217478, 39.6952875], [66.921377, 39.6954575], [66.9212823, 39.6957306], [66.9214322, 39.6960159], [66.9219134, 39.696289], [66.921945, 39.6963983], [66.9217478, 39.6965318], [66.9217399, 39.6966714], [66.9220475, 39.6971327], [66.921945, 39.6973513], [66.921448, 39.697503], [66.9211246, 39.6974848], [66.9211403, 39.6972299], [66.9202095, 39.6967139], [66.9198703, 39.6966532], [66.9195074, 39.6967564], [66.9193338, 39.6969385], [66.9188999, 39.6968839], [66.9186712, 39.6973209], [66.9188053, 39.6974059], [66.9190419, 39.6973877], [66.9191682, 39.6974848], [66.9191445, 39.6977761], [66.9189709, 39.6978611], [66.918616, 39.6977761], [66.918332, 39.6978429], [66.9180874, 39.6978247], [66.917906, 39.697412], [66.9176062, 39.6973634], [66.9172354, 39.6976001], [66.9169514, 39.6977215], [66.9164071, 39.697588], [66.9154841, 39.6976547], [66.9150739, 39.6976608], [66.9129915, 39.6976839], [66.9127011, 39.6977196], [66.912539, 39.6978065], [66.91191, 39.6984379], [66.9117528, 39.698472], [66.9115857, 39.6984228], [66.9114137, 39.698472], [66.9106815, 39.6988727], [66.9101361, 39.6989483], [66.9099002, 39.6991525], [66.9098069, 39.6993529], [66.9098609, 39.699455], [66.9098705, 39.6995211], [66.9071105, 39.6994658], [66.906195, 39.7003639], [66.905783, 39.700452], [66.9050963, 39.7007337], [66.9037459, 39.7008922], [66.9024184, 39.7008042], [66.9007934, 39.6982331], [66.9111846, 39.6944819], [66.9123968, 39.6938397], [66.9125808, 39.6937422], [66.9081634, 39.6883352]]], [[[66.8441433, 39.6537945], [66.8453335, 39.6557505], [66.847946, 39.6557686], [66.8486167, 39.6565947], [66.8488402, 39.6577649], [66.8503454, 39.6584648], [66.8518356, 39.6582353], [66.8523916, 39.6579062], [66.8545858, 39.6566072], [66.8562511, 39.6577769], [66.8567089, 39.6573188], [66.8572582, 39.6575655], [66.8572124, 39.659169], [66.8566631, 39.6600676], [66.8578991, 39.6616006], [66.8586315, 39.6628868], [66.8607143, 39.6616358], [66.8610805, 39.6633978], [66.8637813, 39.6646135], [66.8640102, 39.6644197], [66.8678783, 39.6659878], [66.8690227, 39.6648073], [66.8695263, 39.6643316], [66.8706249, 39.6646488], [66.87019, 39.6672035], [66.8724331, 39.6674325], [66.8727764, 39.6662345], [66.8735546, 39.6661288], [66.873669, 39.6657059], [66.8766961, 39.6651859], [66.877921, 39.6666285], [66.87952, 39.6682247], [66.8767341, 39.6684675], [66.8716071, 39.6703174], [66.8698905, 39.6709516], [66.8603461, 39.6731186], [66.8593748, 39.6733103], [66.8585609, 39.6734709], [66.8486045, 39.6745808], [66.8452171, 39.6750036], [66.842974, 39.6754616], [66.8440357, 39.6811712], [66.8442417, 39.6821929], [66.8459354, 39.6819287], [66.8474079, 39.6878995], [66.8445553, 39.6882599], [66.8428455, 39.6887453], [66.8422275, 39.6872305], [66.8412662, 39.6875123], [66.8408085, 39.6864379], [66.8417927, 39.6862442], [66.8404652, 39.6828799], [66.8403049, 39.6825452], [66.8381763, 39.682598], [66.8381306, 39.682281], [66.8369861, 39.6822281], [66.8369633, 39.6826156], [66.8326374, 39.6824395], [66.8326832, 39.6791631], [66.824123, 39.6798853], [66.824123, 39.6784937], [66.8234135, 39.6785466], [66.8231617, 39.6772782], [66.8248325, 39.6770316], [66.8289295, 39.6762565], [66.8314472, 39.6756399], [66.8320881, 39.6748472], [66.8322025, 39.6739487], [66.8330036, 39.6731736], [66.8340565, 39.6725746], [66.8339878, 39.6701962], [66.8336445, 39.667254], [66.8285175, 39.6673421], [66.8268009, 39.6671835], [66.8269314, 39.6659702], [66.8150753, 39.6658645], [66.8150524, 39.6642788], [66.8137707, 39.6644021], [66.8138164, 39.6616711], [66.8138851, 39.6597681], [66.8197902, 39.6598738], [66.8197902, 39.6569487], [66.8231319, 39.6557505], [66.8251232, 39.6547108], [66.827206, 39.6549575], [66.8269542, 39.657354], [66.8280987, 39.6576183], [66.8283733, 39.6587461], [66.8293117, 39.6586756], [66.8302273, 39.6597505], [66.8305706, 39.6598386], [66.8343014, 39.6587989], [66.8355602, 39.6585346], [66.8391765, 39.6586404], [66.8393368, 39.6573364], [66.8398403, 39.6558386], [66.8416485, 39.6538826], [66.8428844, 39.6530544], [66.8441433, 39.6537945]]], [[[67.0683071, 39.6936355], [67.0673255, 39.6939613], [67.0654393, 39.6952941], [67.0614168, 39.6988927], [67.0608394, 39.6992037], [67.0601273, 39.6993222], [67.0577984, 39.699337], [67.0568554, 39.6962271], [67.054642, 39.6946277], [67.0555851, 39.6935614], [67.0567784, 39.690866], [67.0571633, 39.6899626], [67.0593789, 39.690354], [67.0625139, 39.6907475], [67.0649582, 39.6911474], [67.065805, 39.6913844], [67.0665749, 39.691651], [67.0670176, 39.691962], [67.0682301, 39.6933393], [67.0683071, 39.6936355]]], [[[66.9325024, 39.7263805], [66.9254528, 39.7277007], [66.9240567, 39.7251658], [66.9208065, 39.7219267], [66.9224316, 39.7209056], [66.9238507, 39.716293], [66.9257733, 39.7105884], [66.9371029, 39.7091094], [66.9368054, 39.7157824], [66.9365536, 39.7158352], [66.9385449, 39.7191979], [66.9400326, 39.7188106], [66.9403073, 39.7191979], [66.9443127, 39.7189338], [66.9443814, 39.7192331], [66.9463955, 39.7188458], [66.9456173, 39.720976], [66.9443585, 39.720888], [66.944244, 39.7213633], [66.941795, 39.7212225], [66.9416348, 39.7218211], [66.9399868, 39.7217506], [66.9342419, 39.7230886], [66.9346997, 39.7240568], [66.933189, 39.7243913], [66.933601, 39.7253067], [66.9322048, 39.7255355], [66.9325024, 39.7263805]]]]}}, {"type": "Feature", "properties": {"name_uz": "Kattaqo'rg'on", "name_en": "Kattakurgan", "name_ru": "Каттакурган", "osm_name": "Kattaqo'rg'on shahri", "osm_id": 15596345, "osm_type": "relation", "place": "city", "admin_level": "6", "source": "overpass", "bbox": [66.231751, 39.882705, 66.306877, 39.928259]}, "geometry": {"type": "MultiPolygon", "coordinates": [[[[66.2365463, 39.900917], [66.2366081, 39.9004977], [66.2362877, 39.8998129], [66.2367454, 39.8995846], [66.2379356, 39.8990052], [66.2389885, 39.8981799], [66.2381645, 39.8975126], [66.2381187, 39.8966171], [66.2383534, 39.8956919], [66.2387825, 39.8940006], [66.2392174, 39.8921918], [66.240316, 39.8888551], [66.2416206, 39.8858871], [66.2426506, 39.8858169], [66.2434059, 39.8854656], [66.2445503, 39.8853602], [66.246244, 39.8854129], [66.2487389, 39.885571], [66.2488991, 39.8843065], [66.2502495, 39.8843065], [66.2501121, 39.8855359], [66.2527443, 39.8858696], [66.254026, 39.8861506], [66.2554222, 39.8853427], [66.2569328, 39.8854129], [66.2592445, 39.8859574], [66.2617851, 39.8862559], [66.2636162, 39.8861681], [66.2647835, 39.8864316], [66.2651955, 39.8857115], [66.2653328, 39.8850968], [66.2660194, 39.8850265], [66.2673469, 39.8848685], [66.2702766, 39.8844645], [66.274078, 39.8831263], [66.2761151, 39.8827048], [66.2809445, 39.883583], [66.2825009, 39.8839518], [66.2846753, 39.8837937], [66.2856594, 39.8848475], [66.2870785, 39.8854973], [66.2866894, 39.8864984], [66.2868267, 39.887078], [66.2874905, 39.8876575], [66.2893216, 39.8881844], [66.2906491, 39.8880263], [66.2914273, 39.8875697], [66.2968975, 39.8876224], [66.2967373, 39.8943133], [66.3047253, 39.8945591], [66.3059384, 39.8942079], [66.3068768, 39.896561], [66.3020474, 39.898352], [66.3018185, 39.8978253], [66.3011319, 39.8978779], [66.3010403, 39.8982467], [66.3003308, 39.898633], [66.2986142, 39.8993529], [66.2978855, 39.8999744], [66.2958713, 39.9050839], [66.2961002, 39.9088411], [66.2960773, 39.9096663], [66.2957111, 39.9102281], [66.2952762, 39.9105266], [66.2933765, 39.9118433], [66.2931018, 39.9116677], [66.291843, 39.912686], [66.2847477, 39.9166008], [66.2833973, 39.9166008], [66.2839695, 39.9232011], [66.2806628, 39.923453], [66.2780307, 39.9235759], [66.2765201, 39.9239445], [66.2752383, 39.9244009], [66.2741626, 39.9251907], [66.273453, 39.9258753], [66.2722629, 39.9270513], [66.271622, 39.9276656], [66.2704642, 39.9282588], [66.2700603, 39.9277605], [66.2697419, 39.9274364], [66.2695831, 39.9272898], [66.2694055, 39.9271662], [66.2692046, 39.9270369], [66.2689529, 39.9269349], [66.2681185, 39.9267946], [66.2671126, 39.9266149], [66.2663924, 39.9264002], [66.265918, 39.9261591], [66.2653522, 39.9258216], [66.2649578, 39.9255148], [66.2644777, 39.9250677], [66.2639805, 39.9246031], [66.2632546, 39.9241473], [66.262826, 39.9238361], [66.2623287, 39.9235205], [66.2617229, 39.9231698], [66.2587131, 39.9244009], [66.2569964, 39.9236812], [66.2546161, 39.9229615], [66.253815, 39.9228738], [66.2524875, 39.923611], [66.2515033, 39.9236461], [66.249924, 39.9242429], [66.2467883, 39.9243131], [66.2449573, 39.924278], [66.2436526, 39.9242078], [66.2415469, 39.9248221], [66.2397159, 39.9251907], [66.2383426, 39.9238743], [66.2373355, 39.9231897], [66.2361682, 39.9226456], [66.234566, 39.9223296], [66.2330325, 39.9223647], [66.2322314, 39.9225227], [66.2317508, 39.9215573], [66.2335132, 39.9205041], [66.2355731, 39.9189242], [66.2384112, 39.9168352], [66.2403796, 39.9148515], [66.2412723, 39.9131486], [66.2426227, 39.9101817], [66.2435584, 39.9078206], [66.2432848, 39.9076953], [66.2429362, 39.9074849], [66.2426618, 39.9072043], [66.2425418, 39.9067615], [66.242479, 39.9061389], [66.2425075, 39.9056785], [66.2424389, 39.9052752], [66.2422903, 39.904942], [66.2421189, 39.9047359], [66.2417074, 39.904429], [66.2412273, 39.9040344], [66.2409072, 39.9035653], [66.2406214, 39.903083], [66.2402556, 39.9025305], [66.2399527, 39.9021622], [66.2395526, 39.9018114], [66.2391468, 39.9016624], [66.2385067, 39.901544], [66.2379523, 39.9013642], [66.2370893, 39.901031], [66.2365463, 39.900917]]]]}}, {"type": "Feature", "properties": {"name_uz": "Urgut", "name_en": "Urgut", "name_ru": "Ургут", "osm_name": "Urgut", "osm_id": 256015974, "osm_type": "way", "place": "town", "admin_level": null, "source": "overpass", "bbox": [67.214493, 39.374549, 67.284102, 39.44034]}, "geometry": {"type": "Polygon", "coordinates": [[[67.2464644, 39.4403395], [67.2362269, 39.4390661], [67.2287025, 39.4358479], [67.2283277, 39.4341462], [67.2234563, 39.4290985], [67.2206534, 39.4321897], [67.2146878, 39.4305688], [67.2149126, 39.4210284], [67.2189147, 39.4204032], [67.2206684, 39.4176473], [67.2226469, 39.4172651], [67.223891, 39.4151576], [67.2257047, 39.4099465], [67.2245505, 39.405893], [67.2215377, 39.4055109], [67.2193344, 39.40653], [67.2144929, 39.4034261], [67.2180303, 39.3976697], [67.2249252, 39.3942295], [67.2296767, 39.3947044], [67.2328244, 39.3923877], [67.2338736, 39.387198], [67.236167, 39.3836299], [67.2371862, 39.3810927], [67.2408435, 39.3787176], [67.2442246, 39.3745494], [67.2488594, 39.3805702], [67.2465243, 39.3817994], [67.2494322, 39.3859469], [67.2497919, 39.3917043], [67.2465993, 39.3916579], [67.2498519, 39.3946118], [67.2555777, 39.3949708], [67.2596846, 39.3961407], [67.2608987, 39.3971948], [67.2635218, 39.3978319], [67.2624876, 39.4009012], [67.2657851, 39.4023143], [67.2695024, 39.3972527], [67.2794701, 39.4006928], [67.2820182, 39.4041326], [67.2832773, 39.4087768], [67.2841017, 39.4124942], [67.2799497, 39.4185157], [67.279545, 39.4285428], [67.2680785, 39.4233094], [67.263282, 39.426725], [67.2564021, 39.427165], [67.2530445, 39.428427], [67.2540788, 39.4304994], [67.2502266, 39.4328264], [67.2479932, 39.4349797], [67.2464644, 39.4403395]]]}}, {"type": "Feature", "properties": {"name_uz": "Payariq", "name_en": "Payariq", "name_ru": "Пайарик", "osm_name": "Payariq", "osm_id": 172654948, "osm_type": "way", "place": "town", "admin_level": null, "source": "overpass", "bbox": [66.82723, 39.980606, 66.889949, 40.004339]}, "geometry": {"type": "Polygon", "coordinates": [[[66.8498741, 40.0036204], [66.8382409, 40.0025336], [66.836302, 40.0000341], [66.8388556, 39.9987662], [66.8380517, 39.9977518], [66.8324009, 39.99427], [66.8332379, 39.9903618], [66.8289916, 39.9874345], [66.8295591, 39.9861663], [66.8272305, 39.9843045], [66.8287157, 39.9813236], [66.8326949, 39.9806061], [66.8415346, 39.9837069], [66.8415996, 39.9848767], [66.844997, 39.9847397], [66.8461677, 39.9846795], [66.8483167, 39.9845384], [66.8501583, 39.9842708], [66.8512573, 39.983916], [66.8525079, 39.9833159], [66.8537668, 39.9822353], [66.8543217, 39.98153], [66.854678, 39.9808357], [66.8548997, 39.9808258], [66.858833, 39.9808257], [66.8586371, 39.9858323], [66.869892, 39.986557], [66.8735333, 39.9880063], [66.8727044, 39.9923298], [66.8619705, 39.9926116], [66.8619036, 39.9963774], [66.8772521, 39.9969666], [66.8815657, 39.993995], [66.8899494, 39.9961157], [66.8883889, 40.0010425], [66.8779379, 40.0012598], [66.8705134, 40.00097], [66.8624742, 40.0011149], [66.8562319, 40.0023828], [66.8529217, 40.0043389], [66.8498741, 40.0036204]]]}}, {"type": "Feature", "properties": {"name_uz": "Ishtixon", "name_en": "Ishtikhan", "name_ru": "Иштихан", "osm_name": "Ishtixon", "osm_id": 132788960, "osm_type": "way", "place": "town", "admin_level": null, "source": "overpass", "bbox": [66.45941, 39.952123, 66.511302, 39.974028]}, "geometry": {"type": "Polygon", "coordinates": [[[66.459751, 39.9585091], [66.4594104, 39.958655], [66.4599712, 39.9639417], [66.4652085, 39.966959], [66.4653324, 39.9699481], [66.4686754, 39.970043], [66.4706565, 39.9717036], [66.4745568, 39.9714663], [66.4782713, 39.9709445], [66.4805342, 39.9714062], [66.4804843, 39.972185], [66.4834097, 39.9726999], [66.4841526, 39.9740283], [66.489291, 39.9733167], [66.4944914, 39.9725101], [66.4955214, 39.9716892], [66.4991345, 39.9688094], [66.5035577, 39.9683022], [66.5045478, 39.9682393], [66.5045294, 39.9655339], [66.5061265, 39.9650143], [66.5055957, 39.9634359], [66.5077269, 39.9630564], [66.5074309, 39.9602232], [66.5105252, 39.959824], [66.5113021, 39.9584052], [66.5079569, 39.95763], [66.5074203, 39.9564145], [66.5060662, 39.9562179], [66.5051016, 39.9561335], [66.5046321, 39.9561153], [66.501502, 39.9545459], [66.4997109, 39.9535701], [66.4937483, 39.9540928], [66.4896974, 39.9546129], [66.4901711, 39.9526566], [66.4874737, 39.9524092], [66.4860274, 39.9521234], [66.4856132, 39.95218], [66.4853086, 39.9534175], [66.4834813, 39.9543479], [66.483023, 39.956097], [66.4809547, 39.955914], [66.4785374, 39.9559008], [66.4749168, 39.9563737], [66.4729905, 39.9567413], [66.470117, 39.9571622], [66.459751, 39.9585091]]]}}, {"type": "Feature", "properties": {"name_uz": "Nurobod", "name_en": "Nurabod", "name_ru": "Нурабод", "osm_name": "Nurobod", "osm_id": 132198426, "osm_type": "way", "place": "town", "admin_level": null, "source": "overpass", "bbox": [66.264792, 39.588497, 66.335626, 39.629297]}, "geometry": {"type": "Polygon", "coordinates": [[[66.2691664, 39.6143423], [66.2685339, 39.6132257], [66.2683801, 39.6132673], [66.267671, 39.6117256], [66.2651277, 39.6125236], [66.2647917, 39.6112683], [66.2659166, 39.6109611], [66.2655097, 39.6098251], [66.2679667, 39.6089608], [66.2650439, 39.5989861], [66.2726434, 39.5979474], [66.2738222, 39.6018388], [66.2748358, 39.6039787], [66.2763026, 39.6034851], [66.2764713, 39.6024663], [66.2788139, 39.5991083], [66.2827204, 39.5930543], [66.2849663, 39.5908482], [66.2902297, 39.5884968], [66.2966614, 39.5924752], [66.2984879, 39.5943962], [66.2981419, 39.5953698], [66.2973463, 39.6017089], [66.2974995, 39.601695], [66.2987832, 39.6015786], [66.2994151, 39.6014517], [66.2997346, 39.6010144], [66.3004101, 39.6007136], [66.3016739, 39.5999554], [66.30377, 39.5993832], [66.3041623, 39.5988244], [66.3051612, 39.5986091], [66.3061695, 39.5996181], [66.3073418, 39.5997417], [66.3090156, 39.6009501], [66.3105323, 39.6063071], [66.3141277, 39.6092545], [66.3123892, 39.6111622], [66.3140449, 39.6120277], [66.310461, 39.6166217], [66.3076999, 39.6159951], [66.3063947, 39.6186619], [66.3147754, 39.6209831], [66.3182768, 39.6219442], [66.320287, 39.6220131], [66.3221113, 39.6217025], [66.3233391, 39.6212414], [66.3250457, 39.620134], [66.3259146, 39.6193199], [66.3265379, 39.6198793], [66.3307624, 39.6170289], [66.3331723, 39.6184707], [66.3332209, 39.6219567], [66.3356257, 39.6264774], [66.3330778, 39.6287864], [66.3304611, 39.6292966], [66.3243381, 39.628859], [66.3216354, 39.6265522], [66.3091871, 39.6254674], [66.3033627, 39.6236215], [66.2983417, 39.6213283], [66.2982164, 39.6204958], [66.2976634, 39.6199661], [66.2961777, 39.6176008], [66.2953075, 39.6172874], [66.2920521, 39.6174184], [66.2917708, 39.6195872], [66.2887598, 39.6220121], [66.2843733, 39.621893], [66.2805684, 39.6215896], [66.2789628, 39.6211017], [66.2761527, 39.6184511], [66.2750593, 39.6167742], [66.2744876, 39.6168273], [66.2735754, 39.6154697], [66.2719476, 39.6161302], [66.271276, 39.616747], [66.2706025, 39.6175459], [66.2678291, 39.6184721], [66.267631, 39.6181759], [66.2663285, 39.6185675], [66.2655916, 39.6167368], [66.2657652, 39.6165859], [66.2652313, 39.6155559], [66.2652032, 39.6155017], [66.2691664, 39.6143423]]]}}, {"type": "Feature", "properties": {"name_uz": "Pastdarg'om", "name_en": "Pastdargom", "name_ru": "Пастдаргом", "osm_name": "Paxtachi", "osm_id": 1027605708, "osm_type": "way", "place": "village", "admin_level": null, "source": "overpass", "bbox": [60.349199, 41.830625, 60.375306, 41.848226]}, "geometry": {"type": "Polygon", "coordinates": [[[60.374618, 41.8451422], [60.3750282, 41.8397095], [60.3752445, 41.8358378], [60.3753058, 41.8334886], [60.3704578, 41.8351252], [60.3697336, 41.8335624], [60.3681564, 41.8338542], [60.3685534, 41.8348095], [60.3661823, 41.8352731], [60.3647787, 41.832656], [60.3644568, 41.8327021], [60.3643117, 41.8324037], [60.3634352, 41.8325533], [60.3635322, 41.8328032], [60.3548101, 41.8338919], [60.3525985, 41.8309476], [60.3523529, 41.8306246], [60.3514945, 41.8307645], [60.3513068, 41.8308525], [60.3512092, 41.8311438], [60.3540387, 41.8348273], [60.3546429, 41.8355511], [60.3561746, 41.8376527], [60.3562635, 41.8377751], [60.3530127, 41.8382227], [60.3530612, 41.8384333], [60.3532114, 41.8393685], [60.3542307, 41.8397841], [60.3544882, 41.8393605], [60.3553036, 41.8405834], [60.354971, 41.841031], [60.3547242, 41.8409271], [60.3545847, 41.841047], [60.3540268, 41.8418623], [60.3537586, 41.8416785], [60.3528145, 41.8415745], [60.3526519, 41.841653], [60.3517034, 41.840978], [60.3515482, 41.8410043], [60.350942, 41.8414559], [60.3514248, 41.8418316], [60.3509903, 41.8421313], [60.351221, 41.8423311], [60.3508133, 41.8425949], [60.3510278, 41.8428187], [60.3506362, 41.8431024], [60.3510815, 41.8434661], [60.3514248, 41.8436459], [60.351516, 41.843578], [60.3518057, 41.8437658], [60.3512531, 41.8443333], [60.3508776, 41.8445331], [60.3507864, 41.8445971], [60.3507328, 41.844669], [60.3507328, 41.8448209], [60.3507596, 41.8448888], [60.3504324, 41.8450287], [60.3500998, 41.844721], [60.349794, 41.8448928], [60.3496224, 41.8448009], [60.3491986, 41.8451286], [60.3496814, 41.8455162], [60.3500676, 41.8453484], [60.3507167, 41.8458039], [60.3509688, 41.845736], [60.3511995, 41.8455322], [60.3512639, 41.8454962], [60.3509098, 41.8448648], [60.3508776, 41.8447249], [60.3509474, 41.844629], [60.3510976, 41.8445331], [60.3513014, 41.8444212], [60.351575, 41.844649], [60.3523663, 41.8441375], [60.3522429, 41.8440376], [60.352613, 41.8438318], [60.3521785, 41.8435081], [60.3526238, 41.8431864], [60.3529564, 41.8430545], [60.3539649, 41.8424071], [60.3540507, 41.842453], [60.3544772, 41.8421373], [60.3549546, 41.842491], [60.3561294, 41.8417477], [60.3564244, 41.8414759], [60.3573632, 41.8425829], [60.3576609, 41.842453], [60.3580177, 41.8429746], [60.3586802, 41.8427428], [60.3588411, 41.8429766], [60.3590825, 41.8425869], [60.3592408, 41.8423871], [60.359399, 41.8422592], [60.3596431, 41.8425809], [60.3597155, 41.842541], [60.359796, 41.8426569], [60.359914, 41.8426089], [60.3600454, 41.8428047], [60.3598255, 41.8429306], [60.359568, 41.8431684], [60.3594688, 41.8432863], [60.3594661, 41.8433682], [60.3595439, 41.8434901], [60.3595385, 41.843564], [60.3595144, 41.8436979], [60.3594017, 41.8439137], [60.3592756, 41.8440656], [60.3591898, 41.8442314], [60.359163, 41.8442814], [60.3589886, 41.8443533], [60.3591415, 41.844665], [60.3587741, 41.8447989], [60.3589109, 41.8450167], [60.3586668, 41.8451326], [60.3584817, 41.8452485], [60.3581732, 41.8453564], [60.3565425, 41.8480418], [60.3566406, 41.8482264], [60.3608317, 41.8475602], [60.3615604, 41.8474664], [60.3628423, 41.847197], [60.3645131, 41.8469378], [60.3733921, 41.845363], [60.374618, 41.8451422]]]}}, {"type": "Feature", "properties": {"name_uz": "Jomboy", "name_en": "Jomboy", "name_ru": "Джамбай", "osm_name": "Jomboy", "osm_id": 193278801, "osm_type": "way", "place": "town", "admin_level": null, "source": "overpass", "bbox": [67.072125, 39.685265, 67.113105, 39.711467]}, "geometry": {"type": "Polygon", "coordinates": [[[67.10894, 39.7016586], [67.1131047, 39.6986], [67.1113716, 39.6909465], [67.1103304, 39.689417], [67.1113716, 39.6876325], [67.1109539, 39.6859043], [67.1068344, 39.6860849], [67.1064024, 39.6861028], [67.1004393, 39.6852652], [67.0963693, 39.6866856], [67.0896017, 39.6861393], [67.0819823, 39.6872683], [67.077901, 39.6924525], [67.0769044, 39.6937151], [67.072125, 39.6967471], [67.0824067, 39.705467], [67.0853414, 39.7082649], [67.0873409, 39.7091016], [67.0911121, 39.7100359], [67.0917563, 39.7082274], [67.0935302, 39.707916], [67.0946305, 39.7069329], [67.0987802, 39.7114671], [67.102448, 39.7113397], [67.1054301, 39.7086007], [67.10894, 39.7016586]]]}}, {"type": "Feature", "properties": {"name_uz": "Bulung'ur", "name_en": "Bulungur", "name_ru": "Булунгур", "osm_name": "Bulungʻur", "osm_id": 264734924, "osm_type": "way", "place": "town", "admin_level": null, "source": "overpass", "bbox": [67.248388, 39.741349, 67.298066, 39.774616]}, "geometry": {"type": "Polygon", "coordinates": [[[67.2958566, 39.7715717], [67.2980656, 39.7667206], [67.2964423, 39.7622146], [67.2928717, 39.758632], [67.2878053, 39.7516347], [67.2831828, 39.7541258], [67.2815685, 39.7532931], [67.2812612, 39.7524038], [67.2789948, 39.7517546], [67.281225, 39.7479105], [67.2803688, 39.7476532], [67.2780814, 39.7466262], [67.2788925, 39.7455299], [67.2813332, 39.7463449], [67.2835315, 39.7438289], [67.281905, 39.7432168], [67.2826616, 39.7420366], [67.2808504, 39.7413492], [67.2798672, 39.7427801], [67.2782403, 39.7415711], [67.2770881, 39.7430799], [67.2757396, 39.7424605], [67.2738437, 39.7435767], [67.2705459, 39.7427277], [67.2646914, 39.7420371], [67.2634222, 39.7432837], [67.260723, 39.7451744], [67.2569831, 39.7422105], [67.2535811, 39.7441335], [67.2527582, 39.7446869], [67.2517874, 39.7459324], [67.253608, 39.7472093], [67.252502, 39.7479311], [67.2515782, 39.7500881], [67.2541673, 39.7521457], [67.2502694, 39.7522069], [67.248388, 39.753699], [67.256485, 39.7589085], [67.2566642, 39.7600953], [67.25446, 39.7622912], [67.2548277, 39.7635564], [67.2573692, 39.7665516], [67.2597736, 39.7683251], [67.265237, 39.7710529], [67.2653769, 39.7703586], [67.269018, 39.7711878], [67.2706582, 39.7745964], [67.2726423, 39.774616], [67.2793574, 39.7732046], [67.2800782, 39.7717885], [67.2805272, 39.7706774], [67.2837122, 39.7712576], [67.2858836, 39.7731177], [67.2882634, 39.7724472], [67.2906995, 39.7714349], [67.294702, 39.7717657], [67.2958566, 39.7715717]]]}}, {"type": "Feature", "properties": {"name_uz": "Qo'shrabot", "name_en": "Kushrabat", "name_ru": "Кушрабат", "osm_name": "Qo'shrabot", "osm_id": 173041637, "osm_type": "way", "place": "town", "admin_level": null, "source": "overpass", "bbox": [66.614025, 40.222269, 66.668476, 40.273258]}, "geometry": {"type": "Polygon", "coordinates": [[[66.6368011, 40.2679955], [66.638373, 40.2663362], [66.6412826, 40.2666237], [66.6439818, 40.2667516], [66.6500339, 40.2671189], [66.6510324, 40.2696129], [66.6537825, 40.2693766], [66.6593991, 40.2683421], [66.661231, 40.263672], [66.6622427, 40.2623928], [66.6650212, 40.2641466], [66.6672013, 40.2645233], [66.6650734, 40.2612544], [66.667327, 40.2608602], [66.6684759, 40.2581267], [66.6663942, 40.2567528], [66.6682851, 40.2547493], [66.6683768, 40.2522383], [66.6656634, 40.249129], [66.6648537, 40.2432488], [66.6619704, 40.2391802], [66.6555864, 40.2309355], [66.6600955, 40.235117], [66.6579869, 40.2264104], [66.6536052, 40.2259895], [66.6506006, 40.2257203], [66.6474592, 40.2262117], [66.645745, 40.225814], [66.64474, 40.2248613], [66.6403977, 40.2258224], [66.6391679, 40.2255946], [66.6387984, 40.2243175], [66.6360722, 40.2245187], [66.6332807, 40.2222691], [66.632008, 40.2230542], [66.6269443, 40.2224638], [66.6253344, 40.2233468], [66.6221715, 40.2227601], [66.6208732, 40.2231123], [66.6255552, 40.2255437], [66.6274522, 40.2248572], [66.6319089, 40.2301134], [66.6287965, 40.2324432], [66.6369321, 40.2362946], [66.640039, 40.2370255], [66.6398135, 40.2398942], [66.6349643, 40.2397238], [66.6339718, 40.2405447], [66.6319001, 40.2452599], [66.6263885, 40.242627], [66.6253833, 40.2430906], [66.6226878, 40.2409234], [66.6209476, 40.2418815], [66.6241851, 40.2460176], [66.6276572, 40.2493274], [66.6303325, 40.2517641], [66.6271859, 40.2546676], [66.6201796, 40.2524078], [66.6179101, 40.2550284], [66.614887, 40.2591065], [66.6197978, 40.2626446], [66.6242051, 40.2620287], [66.6247159, 40.2630696], [66.6167512, 40.2643275], [66.6140254, 40.2666487], [66.6241797, 40.2727694], [66.6251601, 40.2718327], [66.6291944, 40.273258], [66.6306984, 40.2687717], [66.6321302, 40.2684952], [66.6341952, 40.2693316], [66.6349001, 40.2669428], [66.6368011, 40.2679955]]]}}, {"type": "Feature", "properties": {"name_uz": "Termiz", "name_en": "Termez", "name_ru": "Термез", "osm_name": "Termiz", "osm_id": 15352026, "osm_type": "relation", "place": "city", "admin_level": null, "source": "overpass", "bbox": [67.234017, 37.198216, 67.324959, 37.260405]}, "geometry": {"type": "MultiPolygon", "coordinates": [[[[67.2435371, 37.2385191], [67.2489993, 37.2331171], [67.2506657, 37.2301988], [67.2515055, 37.2288567], [67.254315, 37.2226099], [67.2546621, 37.2217109], [67.2556928, 37.2157162], [67.2583941, 37.2093572], [67.2589188, 37.2085929], [67.2641042, 37.2023521], [67.2783521, 37.198216], [67.293115, 37.198216], [67.2972883, 37.1996534], [67.3013878, 37.1984585], [67.3051576, 37.2033969], [67.3053523, 37.2036618], [67.3056149, 37.2039128], [67.3059234, 37.2042792], [67.3063888, 37.2049008], [67.3065671, 37.2051433], [67.3066087, 37.205185], [67.3089508, 37.2076844], [67.3064142, 37.2138888], [67.3033136, 37.2186991], [67.3054961, 37.2247382], [67.3089962, 37.2296857], [67.3130403, 37.2308609], [67.319659, 37.2313364], [67.322352, 37.2314132], [67.324959, 37.2342749], [67.3179247, 37.2377992], [67.3149711, 37.2407983], [67.3141415, 37.2424265], [67.3137102, 37.2438018], [67.3124913, 37.246776], [67.310367, 37.251866], [67.3089507, 37.2581], [67.304273, 37.2604055], [67.2864202, 37.2567166], [67.2632674, 37.2559138], [67.2585797, 37.2546789], [67.2609553, 37.2448331], [67.259497, 37.2439011], [67.2572064, 37.2424534], [67.2559512, 37.2418726], [67.2555381, 37.2412747], [67.2549534, 37.241296], [67.2519064, 37.2410526], [67.2502648, 37.2403822], [67.2492027, 37.2412406], [67.2448924, 37.2445738], [67.2440851, 37.247676], [67.2413117, 37.2473002], [67.2355817, 37.2516619], [67.2340173, 37.2508135], [67.2350277, 37.2487661], [67.2362935, 37.2463694], [67.2371628, 37.2449973], [67.2397989, 37.2418256], [67.2435371, 37.2385191]]]]}}, {"type": "Feature", "properties": {"name_uz": "Denov", "name_en": "Denau", "name_ru": "Денау", "osm_name": "Denov", "osm_id": 38154823, "osm_type": "way", "place": "city", "admin_level": null, "source": "overpass", "bbox": [67.869142, 38.248408, 67.955027, 38.300767]}, "geometry": {"type": "Polygon", "coordinates": [[[67.8776074, 38.2698975], [67.8865338, 38.2820259], [67.8929167, 38.3007667], [67.8968545, 38.2997909], [67.9027291, 38.2999311], [67.9023688, 38.2967884], [67.9072978, 38.293936], [67.9066565, 38.2930723], [67.9127239, 38.2901182], [67.9108071, 38.2846986], [67.9151235, 38.2833228], [67.9147388, 38.2786395], [67.9178828, 38.2784967], [67.9174727, 38.2773877], [67.9208905, 38.2764575], [67.9206171, 38.2757063], [67.9177006, 38.2759567], [67.914465, 38.2733093], [67.91966, 38.2688804], [67.9209817, 38.2701252], [67.9243798, 38.2695779], [67.9301358, 38.2817564], [67.9550267, 38.2747491], [67.9466153, 38.2646412], [67.9277789, 38.2650699], [67.9174733, 38.2580832], [67.9134358, 38.2534057], [67.9108594, 38.2552072], [67.9098876, 38.2549543], [67.9092374, 38.2553974], [67.909109, 38.2554849], [67.9068651, 38.2550127], [67.908328, 38.2518003], [67.9082471, 38.2518058], [67.9071498, 38.2527164], [67.9067516, 38.2530268], [67.904281, 38.2552412], [67.9029155, 38.2549618], [67.9025877, 38.2540998], [67.9010738, 38.253791], [67.8992377, 38.2548404], [67.8970796, 38.2529073], [67.8981495, 38.2522426], [67.8967058, 38.2511998], [67.8977451, 38.2497544], [67.8954521, 38.2498123], [67.8933524, 38.2496005], [67.8882301, 38.2488736], [67.8877468, 38.2496568], [67.8875105, 38.2499706], [67.8871036, 38.2504683], [67.8860543, 38.2502459], [67.885796, 38.2508027], [67.8843898, 38.2506938], [67.8833583, 38.250139], [67.881188, 38.2505629], [67.880302, 38.2504501], [67.8797103, 38.2499886], [67.8796816, 38.2488113], [67.8754301, 38.2484085], [67.8736784, 38.2528246], [67.8691416, 38.2530534], [67.8702947, 38.2617384], [67.8703087, 38.261844], [67.8754632, 38.2605976], [67.8776074, 38.2698975]]]}}, {"type": "Feature", "properties": {"name_uz": "Sherobod", "name_en": "Sherabad", "name_ru": "Шерабад", "osm_name": "Sherobod", "osm_id": 323000829, "osm_type": "way", "place": "town", "admin_level": null, "source": "overpass", "bbox": [66.991198, 37.646312, 67.030994, 37.685568]}, "geometry": {"type": "Polygon", "coordinates": [[[67.0245144, 37.6702453], [67.0267296, 37.6687434], [67.0279956, 37.6664674], [67.0309936, 37.6642715], [67.0238207, 37.6485368], [67.0202775, 37.6490205], [67.016612, 37.6463117], [67.006471, 37.6520193], [67.0109917, 37.6581134], [67.0096842, 37.6612124], [67.0052639, 37.6620532], [67.0028267, 37.6642504], [66.9996628, 37.6632329], [66.9957474, 37.6710682], [66.9913754, 37.6698284], [66.9911983, 37.6731046], [67.0067564, 37.6817969], [67.0128339, 37.6855681], [67.0147866, 37.6806222], [67.0170772, 37.6771747], [67.0194858, 37.6763255], [67.0202923, 37.6748917], [67.0207, 37.6723272], [67.022143, 37.6711595], [67.0245144, 37.6702453]]]}}, {"type": "Feature", "properties": {"name_uz": "Boysun", "name_en": "Baisun", "name_ru": "Байсун", "osm_name": "Boysun", "osm_id": 220433500, "osm_type": "way", "place": "town", "admin_level": null, "source": "overpass", "bbox": [67.166247, 38.165902, 67.246802, 38.230766]}, "geometry": {"type": "Polygon", "coordinates": [[[67.170173, 38.2182913], [67.1707574, 38.2138761], [67.1741433, 38.211033], [67.1770201, 38.2078246], [67.1797214, 38.2077426], [67.1838702, 38.2026367], [67.1814435, 38.2019242], [67.1852482, 38.1990409], [67.1860423, 38.1968021], [67.1884903, 38.1959207], [67.1881268, 38.1934976], [67.1883024, 38.1926056], [67.1867079, 38.1923128], [67.1861764, 38.1904246], [67.1885099, 38.1866918], [67.1856604, 38.1861934], [67.184555, 38.1875594], [67.1811658, 38.1870097], [67.1813672, 38.1858524], [67.1760436, 38.1827492], [67.1739461, 38.1823249], [67.1725193, 38.1811113], [67.1773319, 38.1743993], [67.1786716, 38.1733795], [67.1787142, 38.1714231], [67.1804664, 38.1700279], [67.1813569, 38.1712878], [67.1819003, 38.1740979], [67.1839784, 38.1738393], [67.1841166, 38.1747334], [67.1875799, 38.1748511], [67.1875319, 38.1774523], [67.1888233, 38.1784693], [67.1890017, 38.1799609], [67.1869008, 38.1821547], [67.1888445, 38.1824884], [67.1905059, 38.1822343], [67.1925742, 38.1811057], [67.1952504, 38.1818339], [67.1954087, 38.1839289], [67.1976574, 38.1815842], [67.1977905, 38.177165], [67.2033203, 38.1772972], [67.2040187, 38.1755144], [67.2035751, 38.1707645], [67.202674, 38.1663934], [67.2040809, 38.1659022], [67.2061386, 38.1688015], [67.2109767, 38.1741529], [67.2139506, 38.1726764], [67.2172426, 38.1740737], [67.2158979, 38.1755353], [67.2163646, 38.1774153], [67.2201043, 38.1783983], [67.2224567, 38.1782999], [67.2231027, 38.1821203], [67.2250629, 38.1851583], [67.226539, 38.1859283], [67.2295649, 38.1892243], [67.231701, 38.1916149], [67.2310381, 38.1941254], [67.2322326, 38.1955457], [67.2349068, 38.1975612], [67.2468019, 38.1987054], [67.2460831, 38.2010752], [67.2400523, 38.2006598], [67.2376774, 38.2051973], [67.2370166, 38.2080331], [67.2427418, 38.2081601], [67.2427417, 38.2090628], [67.2382171, 38.2109354], [67.2388303, 38.2128624], [67.2380436, 38.2139827], [67.2365659, 38.2129632], [67.2347373, 38.2129395], [67.2305836, 38.216881], [67.2292014, 38.2163883], [67.2259289, 38.2187339], [67.2275616, 38.222357], [67.2203779, 38.223534], [67.218118, 38.2208716], [67.2143024, 38.2203911], [67.2119289, 38.2203605], [67.2122848, 38.2218468], [67.2128374, 38.2243336], [67.2113152, 38.224967], [67.2061976, 38.2248543], [67.2014264, 38.2254886], [67.2004114, 38.225605], [67.198956, 38.227143], [67.2014354, 38.2297897], [67.2008612, 38.2307267], [67.1902806, 38.230766], [67.1892285, 38.2290099], [67.1852099, 38.229522], [67.1797706, 38.2293125], [67.1797815, 38.2280609], [67.1687978, 38.2271662], [67.166247, 38.2231935], [67.1718553, 38.221571], [67.1723331, 38.2186996], [67.170173, 38.2182913]]]}}, {"type": "Feature", "properties": {"name_uz": "Sariosiyo", "name_en": "Sariasiya", "name_ru": "Сариасия", "osm_name": "Sariosiyo", "osm_id": 247171863, "osm_type": "node", "place": "town", "admin_level": null, "source": "overpass-node", "bbox": [67.922448, 38.386027, 67.991434, 38.440081]}, "geometry": {"type": "Point", "coordinates": [67.9569409, 38.4130542]}}, {"type": "Feature", "properties": {"name_uz": "Uzun", "name_en": "Uzun", "name_ru": "Узун", "osm_name": "Uzun", "osm_id": 350579149, "osm_type": "way", "place": "city", "admin_level": null, "source": "overpass", "bbox": [67.986263, 38.339386, 68.026643, 38.387183]}, "geometry": {"type": "Polygon", "coordinates": [[[67.9931819, 38.3781127], [67.9887267, 38.3765826], [67.9898036, 38.3737021], [67.9873731, 38.3711682], [67.9862634, 38.3654485], [67.9881345, 38.3650335], [67.9864094, 38.3601844], [67.9877901, 38.360038], [67.9893659, 38.3612965], [67.9923448, 38.3610258], [67.9863902, 38.3573563], [67.987465, 38.3562412], [67.9911979, 38.3585224], [67.9922826, 38.3583073], [67.9907858, 38.3536623], [67.9929326, 38.3533593], [67.9936718, 38.3493304], [67.9951048, 38.3485452], [67.9957776, 38.34824], [67.9965369, 38.3486492], [67.9967781, 38.3496965], [67.9962801, 38.3512127], [67.9966851, 38.3521129], [67.9975028, 38.3530669], [67.9982675, 38.3495368], [67.9972965, 38.3483904], [67.9952597, 38.3464904], [67.995837, 38.3455397], [67.9990085, 38.3477911], [68.0007123, 38.3470808], [68.0019404, 38.3505585], [68.0067473, 38.3506406], [68.0072359, 38.3520864], [68.0083488, 38.3517325], [68.0097301, 38.349846], [68.0082266, 38.3479444], [68.0057705, 38.3412542], [68.0068417, 38.3399182], [68.0083337, 38.3421398], [68.0110345, 38.3399994], [68.0132192, 38.3412792], [68.0137075, 38.3401592], [68.0157591, 38.339386], [68.0169563, 38.3415366], [68.0199236, 38.3470384], [68.014792, 38.3490194], [68.0142342, 38.3531147], [68.0135434, 38.3551594], [68.0174225, 38.3558434], [68.0151501, 38.3602352], [68.0190528, 38.3613032], [68.0166359, 38.364525], [68.0193774, 38.3648353], [68.0178097, 38.368231], [68.0266432, 38.3700966], [68.0247026, 38.3743864], [68.0216996, 38.3727455], [68.0231194, 38.377126], [68.0226259, 38.3814995], [68.0172185, 38.381264], [68.0123912, 38.3799346], [68.0104351, 38.3769229], [68.0088901, 38.3807245], [68.009963, 38.3838867], [68.0094051, 38.3841558], [68.0083322, 38.3862078], [68.0055427, 38.3871834], [68.0025386, 38.3859724], [68.0045557, 38.382171], [68.0044281, 38.3800821], [67.9997065, 38.3782527], [68.0016393, 38.3758116], [68.0013951, 38.3741848], [68.0013265, 38.3737274], [67.999919, 38.3735639], [67.9969998, 38.3763633], [67.9931819, 38.3781127]]]}}, {"type": "Feature", "properties": {"name_uz": "Sho'rchi", "name_en": "Shurchi", "name_ru": "Шурчи", "osm_name": "Sho'rchi", "osm_id": 274794556, "osm_type": "way", "place": "town", "admin_level": null, "source": "overpass", "bbox": [67.768737, 37.984486, 67.816911, 38.040518]}, "geometry": {"type": "Polygon", "coordinates": [[[67.7817933, 38.0405183], [67.7794961, 38.0389424], [67.7813376, 38.0359024], [67.7765992, 38.037293], [67.7760439, 38.034265], [67.7741704, 38.0336133], [67.7743026, 38.0321914], [67.7791134, 38.0289641], [67.7803006, 38.0290406], [67.781677, 38.0280948], [67.7817444, 38.0270147], [67.7826561, 38.0262682], [67.7832676, 38.0254487], [67.7834191, 38.0245395], [67.7835639, 38.0237571], [67.7839763, 38.0235744], [67.7836896, 38.0226086], [67.7832421, 38.0205018], [67.7803205, 38.0157034], [67.782391, 38.0150145], [67.781582, 38.0132578], [67.7810651, 38.0131577], [67.7805885, 38.0121428], [67.7798067, 38.0124835], [67.7792687, 38.0116246], [67.7784337, 38.010266], [67.7813731, 38.0086805], [67.7823876, 38.008264], [67.7771665, 38.0026398], [67.770955, 37.9956349], [67.7687368, 37.9932567], [67.769984, 37.9923867], [67.7713794, 37.992101], [67.7732098, 37.991208], [67.7753435, 37.9928228], [67.7769429, 37.9918477], [67.7762774, 37.9903911], [67.776283, 37.9893007], [67.7752689, 37.9886974], [67.7746669, 37.9891438], [67.7734292, 37.9875611], [67.7728527, 37.9860846], [67.7708733, 37.9855499], [67.7706943, 37.9844863], [67.7756679, 37.9853871], [67.776983, 37.9855432], [67.7847551, 37.9875824], [67.7925365, 37.9900947], [67.7991014, 37.9973072], [67.800294, 37.9985764], [67.8013297, 38.0038971], [67.8034182, 38.0053885], [67.8053246, 38.0063241], [67.8043071, 38.0072958], [67.8035144, 38.0101817], [67.8024906, 38.0119704], [67.8025839, 38.0134845], [67.8035632, 38.0141541], [67.8047357, 38.0143673], [67.8049407, 38.016817], [67.8055269, 38.017374], [67.8081511, 38.0174645], [67.8100779, 38.0184087], [67.8143994, 38.0224107], [67.8169114, 38.0255718], [67.8156473, 38.0263882], [67.8126247, 38.0238737], [67.8116706, 38.0235151], [67.8105362, 38.0234532], [67.8096815, 38.0247626], [67.807834, 38.0239628], [67.8060248, 38.0239437], [67.8050673, 38.026011], [67.8078069, 38.0284978], [67.8071177, 38.0298784], [67.8083452, 38.0301316], [67.8082708, 38.0312088], [67.8077485, 38.0316957], [67.8076144, 38.0324596], [67.801389, 38.0350348], [67.7998284, 38.0364388], [67.797668, 38.0344966], [67.8001863, 38.0335887], [67.8022596, 38.0311036], [67.8028029, 38.0293922], [67.8026773, 38.0278274], [67.8033443, 38.0263944], [67.8026424, 38.0252544], [67.8021468, 38.0238027], [67.8020125, 38.0227882], [67.8004515, 38.0231612], [67.7991095, 38.0265451], [67.7980557, 38.0273498], [67.7967763, 38.0264211], [67.7955215, 38.0275629], [67.794324, 38.0272337], [67.793075, 38.0303672], [67.7901542, 38.0285753], [67.7893252, 38.0312799], [67.7885274, 38.0323094], [67.7859324, 38.0312759], [67.7842677, 38.0341706], [67.7845073, 38.0349494], [67.7855867, 38.0353093], [67.7875828, 38.0333152], [67.7880631, 38.0338736], [67.7891312, 38.0357897], [67.7910293, 38.0343928], [67.7921994, 38.0348463], [67.7906845, 38.0369485], [67.7913454, 38.0377782], [67.7946019, 38.039104], [67.793684, 38.0403898], [67.7907122, 38.0391808], [67.7897168, 38.0400614], [67.7888841, 38.0397636], [67.7829791, 38.0388867], [67.7817933, 38.0405183]]]}}, {"type": "Feature", "properties": {"name_uz": "Jarqo'rg'on", "name_en": "Jarkurgan", "name_ru": "Джаркурган", "osm_name": "Jarqo‘rg‘on", "osm_id": 129843109, "osm_type": "way", "place": "town", "admin_level": null, "source": "overpass", "bbox": [67.383717, 37.488427, 67.444939, 37.549893]}, "geometry": {"type": "Polygon", "coordinates": [[[67.3902896, 37.488427], [67.3873855, 37.4921313], [67.3900118, 37.4988131], [67.3927882, 37.4995533], [67.3939623, 37.5015712], [67.390122, 37.5037311], [67.3888996, 37.5034909], [67.3837169, 37.5072635], [67.3866596, 37.5075646], [67.3889879, 37.5078028], [67.3905128, 37.5104597], [67.390693, 37.5123768], [67.3874675, 37.5134122], [67.3882565, 37.5143649], [67.3879941, 37.5156921], [67.3918869, 37.5176982], [67.3921934, 37.5177353], [67.3925439, 37.5166893], [67.3926988, 37.5166917], [67.39465, 37.5168464], [67.3945185, 37.5171728], [67.3942895, 37.5176898], [67.3990734, 37.5172274], [67.3990199, 37.5170563], [67.394716, 37.5165974], [67.3940162, 37.5162673], [67.3944528, 37.5148908], [67.3951219, 37.5150745], [67.3953954, 37.5141759], [67.4009215, 37.5148256], [67.4007634, 37.5160616], [67.4012901, 37.516533], [67.4028028, 37.5148907], [67.4041118, 37.5152736], [67.4098942, 37.5177973], [67.4103396, 37.5166066], [67.412463, 37.5165745], [67.4137172, 37.5196752], [67.4133877, 37.5210132], [67.4205269, 37.5240213], [67.4235034, 37.5282427], [67.4197054, 37.5296892], [67.4240459, 37.5394892], [67.4294472, 37.5396858], [67.429728, 37.5412978], [67.4260995, 37.5423482], [67.4274653, 37.5453012], [67.429411, 37.5447683], [67.4302348, 37.5467426], [67.430305, 37.5469588], [67.4298241, 37.5471195], [67.4302528, 37.5479379], [67.4312446, 37.5476342], [67.4316277, 37.5483083], [67.4323345, 37.5480531], [67.4355069, 37.5469979], [67.4384552, 37.5498927], [67.4417829, 37.5483282], [67.444351, 37.5445877], [67.4449392, 37.5436847], [67.4428031, 37.5404521], [67.4394157, 37.5414656], [67.4387539, 37.5413827], [67.4372128, 37.5390195], [67.4391333, 37.5362217], [67.4396012, 37.5329163], [67.4399326, 37.5315525], [67.4398012, 37.5312589], [67.43922, 37.5313044], [67.4390442, 37.5323702], [67.437264, 37.5328589], [67.4345309, 37.5325947], [67.4347199, 37.5318638], [67.4324942, 37.5318876], [67.430573, 37.5313981], [67.4299748, 37.5295528], [67.431345, 37.5294079], [67.432563, 37.5304104], [67.4349608, 37.5309812], [67.43438, 37.5286802], [67.4328998, 37.528813], [67.4325214, 37.527045], [67.4293923, 37.5273153], [67.4291078, 37.5254752], [67.4288344, 37.5236169], [67.4294899, 37.5234385], [67.4324499, 37.524152], [67.4337368, 37.5264828], [67.4373629, 37.5263037], [67.437313, 37.5257797], [67.4344303, 37.5258161], [67.4340833, 37.524609], [67.4358624, 37.5248223], [67.4355606, 37.5240124], [67.4362887, 37.5239172], [67.4362428, 37.5235227], [67.4372241, 37.5234484], [67.4394498, 37.5220807], [67.4407315, 37.5220745], [67.4348649, 37.5194127], [67.4347491, 37.5169551], [67.4313416, 37.516533], [67.4273719, 37.5188375], [67.4263848, 37.5191064], [67.4244751, 37.5181499], [67.4257765, 37.5148177], [67.4273145, 37.5141434], [67.4275041, 37.5119], [67.4260969, 37.5098252], [67.4281443, 37.505895], [67.434217, 37.50398], [67.435028, 37.5019976], [67.4347684, 37.4991168], [67.4344884, 37.4973359], [67.4366116, 37.4954869], [67.4300112, 37.4939614], [67.4314276, 37.4993648], [67.425162, 37.5000117], [67.4212673, 37.5005795], [67.419969, 37.495217], [67.419174, 37.4955962], [67.4180254, 37.4958028], [67.4183738, 37.4968766], [67.4152221, 37.4973453], [67.4149886, 37.4965883], [67.4124126, 37.4978017], [67.4119614, 37.4976594], [67.4101799, 37.4984023], [67.4087433, 37.4960067], [67.4090234, 37.4942581], [67.4112142, 37.4936891], [67.4103345, 37.4916119], [67.4082285, 37.4933509], [67.4078068, 37.492366], [67.4074141, 37.4912301], [67.4002057, 37.4918301], [67.3993045, 37.4946222], [67.3992408, 37.4966034], [67.3973096, 37.4974376], [67.3928309, 37.4899143], [67.3902896, 37.488427]]]}}, {"type": "Feature", "properties": {"name_uz": "Qumqo'rg'on", "name_en": "Kumkurgan", "name_ru": "Кумкурган", "osm_name": "Qumqo‘rg‘on", "osm_id": 232836675, "osm_type": "way", "place": "town", "admin_level": null, "source": "overpass", "bbox": [67.545581, 37.786313, 67.624841, 37.869192]}, "geometry": {"type": "Polygon", "coordinates": [[[67.5547499, 37.7971098], [67.5543886, 37.7964979], [67.553922, 37.7959104], [67.5528305, 37.7950838], [67.5514661, 37.7942677], [67.5498772, 37.7934553], [67.5491963, 37.7933198], [67.548969, 37.7932886], [67.5485753, 37.7932645], [67.5482617, 37.7932165], [67.547731, 37.7930397], [67.5472404, 37.7928364], [67.5468087, 37.7926059], [67.5463162, 37.7922402], [67.5459198, 37.7919243], [67.5455898, 37.7916209], [67.5455809, 37.7915461], [67.5456272, 37.7914778], [67.5463825, 37.7912286], [67.5466947, 37.7912265], [67.546928, 37.7911819], [67.5472116, 37.7910136], [67.5474649, 37.7906211], [67.5480649, 37.7901126], [67.5485159, 37.7897751], [67.5506195, 37.7882336], [67.5523136, 37.7872052], [67.5521227, 37.7869835], [67.5529761, 37.7864453], [67.5537533, 37.7863131], [67.554653, 37.7863411], [67.5554837, 37.7882153], [67.5557641, 37.7886188], [67.5561573, 37.7893913], [67.5563953, 37.7897471], [67.5565032, 37.7901844], [67.5566781, 37.7906399], [67.5560119, 37.7915933], [67.556623, 37.7924872], [67.5570726, 37.7927624], [67.5576211, 37.7933211], [67.5573871, 37.7936721], [67.5582132, 37.7949439], [67.5590583, 37.7961823], [67.5593894, 37.7966697], [67.5605514, 37.797186], [67.5611445, 37.797482], [67.5615955, 37.7978391], [67.5619685, 37.7981578], [67.562803, 37.7991085], [67.5649085, 37.8012031], [67.5653506, 37.8016854], [67.565804, 37.8022026], [67.5658697, 37.8023717], [67.5658995, 37.8025756], [67.5659605, 37.802818], [67.5661177, 37.8032449], [67.5664426, 37.8036582], [67.5668837, 37.8034765], [67.5672931, 37.8033528], [67.5676723, 37.8032849], [67.5680771, 37.803264], [67.5685785, 37.8032981], [67.5692429, 37.8033694], [67.5760744, 37.8042968], [67.5891842, 37.8061473], [67.5899426, 37.8062798], [67.5919082, 37.8034533], [67.594815, 37.8020483], [67.5959345, 37.804176], [67.5977793, 37.8058855], [67.5989013, 37.8065745], [67.6004828, 37.8067702], [67.6008642, 37.8068482], [67.6011197, 37.807034], [67.601235, 37.807296], [67.6014306, 37.8076807], [67.6016824, 37.8079907], [67.6020079, 37.808265], [67.6027914, 37.8087511], [67.6035167, 37.8094184], [67.6038793, 37.809763], [67.6043457, 37.8100012], [67.6047368, 37.8101302], [67.6054618, 37.8103031], [67.6070805, 37.810374], [67.6079177, 37.8106382], [67.6090469, 37.8109262], [67.6090973, 37.8130741], [67.6086677, 37.8131924], [67.6085474, 37.8138384], [67.6083656, 37.8141349], [67.6074713, 37.8142591], [67.6069397, 37.8152913], [67.6071773, 37.8166793], [67.606626, 37.8179741], [67.606018, 37.8191133], [67.6058868, 37.8197064], [67.6060327, 37.8202089], [67.6061964, 37.8216215], [67.6064051, 37.8222274], [67.6067588, 37.8222305], [67.6066169, 37.8229335], [67.6079709, 37.8229174], [67.6090304, 37.8270947], [67.6103839, 37.8269166], [67.6111677, 37.8260318], [67.6124098, 37.8267691], [67.6213363, 37.8268742], [67.6230527, 37.8264757], [67.6240105, 37.8281757], [67.6248406, 37.8296397], [67.6167202, 37.8323809], [67.6132006, 37.8340702], [67.6015683, 37.844599], [67.5989697, 37.8471775], [67.599091, 37.8480501], [67.5991818, 37.8485838], [67.599317, 37.8490125], [67.5995047, 37.8494757], [67.599788, 37.8499436], [67.60005, 37.850328], [67.6005223, 37.8509061], [67.6000114, 37.8512948], [67.5981, 37.8497951], [67.5963654, 37.8488048], [67.5954287, 37.8480117], [67.5949847, 37.8479665], [67.5946407, 37.8477912], [67.594358, 37.8478002], [67.5937322, 37.8470593], [67.5943056, 37.846475], [67.5942411, 37.846136], [67.5939209, 37.8457314], [67.5937023, 37.845508], [67.5933422, 37.8452458], [67.5926378, 37.8456778], [67.5919168, 37.8458832], [67.5907688, 37.8458094], [67.589757, 37.8454203], [67.589536, 37.8448703], [67.5889472, 37.8444281], [67.5879258, 37.8438061], [67.5866709, 37.844259], [67.5856465, 37.8449091], [67.5852015, 37.8453761], [67.585049, 37.8457998], [67.5847709, 37.8463938], [67.5842991, 37.8467567], [67.5835273, 37.8472425], [67.5823501, 37.8477095], [67.5810621, 37.8478263], [67.5802821, 37.8483283], [67.5800504, 37.8487173], [67.5793411, 37.8493204], [67.5768185, 37.8507472], [67.576223, 37.8512918], [67.5753922, 37.8523965], [67.5726131, 37.8541575], [67.5718211, 37.8553652], [67.5715029, 37.8555737], [67.5712851, 37.8559643], [67.5711584, 37.8562528], [67.5707854, 37.8568583], [67.5705148, 37.8571446], [67.5701692, 37.8573359], [67.5698023, 37.8578207], [67.5695519, 37.8583906], [67.5692366, 37.8590792], [67.5691208, 37.8593343], [67.5690694, 37.8596808], [67.5690696, 37.8599714], [67.5690987, 37.8602595], [67.5691421, 37.8605517], [67.569212, 37.860818], [67.5692032, 37.8610729], [67.5690652, 37.8612968], [67.5687404, 37.8616432], [67.5686753, 37.861909], [67.5686715, 37.8621333], [67.5687149, 37.8624431], [67.5687146, 37.8628427], [67.5684893, 37.863275], [67.5682719, 37.8636105], [67.5681979, 37.8638884], [67.5681069, 37.864118], [67.5679664, 37.8643153], [67.5676182, 37.8644399], [67.5670013, 37.8644347], [67.5661422, 37.864676], [67.5652557, 37.8649773], [67.5641936, 37.8657152], [67.5640496, 37.8665649], [67.5640207, 37.8676144], [67.5629933, 37.8690312], [67.5620397, 37.869192], [67.5613845, 37.8686443], [67.5590487, 37.8675185], [67.5579372, 37.8677886], [67.5575612, 37.8669668], [67.5568506, 37.8664212], [67.5562086, 37.8650094], [67.5554516, 37.8634737], [67.5554079, 37.8626743], [67.5559774, 37.8622783], [67.5569121, 37.8617121], [67.5559271, 37.8595523], [67.554442, 37.8596447], [67.5535218, 37.8589584], [67.5534751, 37.8583537], [67.5542784, 37.8579923], [67.5573011, 37.8570418], [67.5603237, 37.8560913], [67.5621156, 37.8538096], [67.5647548, 37.8526988], [67.566422, 37.8523302], [67.5673279, 37.8517601], [67.5705183, 37.8491781], [67.5704051, 37.8488031], [67.5704721, 37.8480011], [67.5709093, 37.8474583], [67.5712049, 37.846824], [67.5699099, 37.84582], [67.5698956, 37.8452017], [67.5701967, 37.8446037], [67.5706636, 37.8441959], [67.5715683, 37.8439763], [67.572437, 37.8439781], [67.5736923, 37.8435525], [67.5749233, 37.8434087], [67.5755616, 37.8425057], [67.5750697, 37.8418276], [67.5746758, 37.8414089], [67.5745973, 37.841029], [67.5744713, 37.8406618], [67.574387, 37.8403134], [67.5744187, 37.8399865], [67.5743968, 37.8395207], [67.5744245, 37.838768], [67.574528, 37.8382039], [67.5747119, 37.8375787], [67.5748834, 37.8370106], [67.5751485, 37.836666], [67.5752406, 37.8364014], [67.5753058, 37.8360464], [67.5753363, 37.8353132], [67.575331, 37.8347071], [67.5752985, 37.8344229], [67.575193, 37.834015], [67.5750112, 37.8335464], [67.5747689, 37.833063], [67.5742321, 37.8325953], [67.5731705, 37.8315864], [67.5729308, 37.8311493], [67.5724323, 37.8303189], [67.5733442, 37.8299803], [67.5734764, 37.8294929], [67.5736438, 37.8291975], [67.5740619, 37.828669], [67.574937, 37.8272971], [67.5751143, 37.8267593], [67.5750126, 37.8259189], [67.5748196, 37.8255856], [67.5736625, 37.8247832], [67.5730336, 37.8245398], [67.5718265, 37.8238375], [67.5708307, 37.8229802], [67.5704572, 37.8224824], [67.5699843, 37.821831], [67.5698443, 37.8213873], [67.5697021, 37.8209043], [67.5696528, 37.8204917], [67.5696681, 37.8200416], [67.5696637, 37.8195941], [67.5695336, 37.8192245], [67.5693355, 37.8188144], [67.5690074, 37.8185751], [67.5684534, 37.8181942], [67.5695152, 37.8172227], [67.5684536, 37.8166568], [67.568689, 37.8158862], [67.568175, 37.8150375], [67.5675931, 37.8144401], [67.5666957, 37.8137177], [67.5662483, 37.8133813], [67.5659502, 37.8132045], [67.5655072, 37.813123], [67.5650763, 37.813112], [67.5646826, 37.8131567], [67.5642791, 37.8132846], [67.5638351, 37.8132563], [67.5636652, 37.813315], [67.5635114, 37.8134343], [67.5631437, 37.8133235], [67.5631252, 37.8131869], [67.5628592, 37.8130584], [67.5626036, 37.8129838], [67.5623421, 37.8130218], [67.561933, 37.8132305], [67.5616059, 37.8133332], [67.5614505, 37.8130358], [67.5614023, 37.8127426], [67.561481, 37.8124911], [67.5606825, 37.8121333], [67.5602249, 37.8113251], [67.5600198, 37.8109161], [67.5598232, 37.8105841], [67.5596423, 37.8106087], [67.5592557, 37.8102302], [67.5594505, 37.8097833], [67.5593354, 37.8094683], [67.5591768, 37.8092149], [67.5586923, 37.808192], [67.5583419, 37.807581], [67.5580317, 37.8069762], [67.5581097, 37.8063722], [67.5580058, 37.8060626], [67.5581886, 37.80572], [67.5587051, 37.8052166], [67.558891, 37.8048838], [67.5590262, 37.8045361], [67.5591541, 37.8042695], [67.559173, 37.804074], [67.5589459, 37.8036067], [67.5584344, 37.8031561], [67.5579584, 37.8028169], [67.5577052, 37.8023745], [67.5574699, 37.8018284], [67.5571423, 37.8012542], [67.5571312, 37.8009416], [67.556676, 37.8004193], [67.5561529, 37.7994937], [67.5555334, 37.7985295], [67.5550707, 37.7982133], [67.5550496, 37.7978645], [67.5547406, 37.7977017], [67.5546759, 37.7975013], [67.5547499, 37.7971098]]]}}, {"type": "Feature", "properties": {"name_uz": "Angor", "name_en": "Angor", "name_ru": "Ангор", "osm_name": "Angor", "osm_id": 247163955, "osm_type": "node", "place": "town", "admin_level": null, "source": "overpass-node", "bbox": [67.117708, 37.435389, 67.185807, 37.489443]}, "geometry": {"type": "Point", "coordinates": [67.1517572, 37.4624158]}}, {"type": "Feature", "properties": {"name_uz": "Oltinsoy", "name_en": "Oltinsoy", "name_ru": "Олтинсой", "osm_name": "Oltinsoy", "osm_id": 7574982200, "osm_type": "node", "place": "village", "admin_level": null, "source": "overpass-node", "bbox": [66.31003, 40.028378, 66.345333, 40.055405]}, "geometry": {"type": "Point", "coordinates": [66.3276815, 40.0418914]}}, {"type": "Feature", "properties": {"name_uz": "G'uliston", "name_en": "Guliston", "name_ru": "Гулистон", "osm_name": "Guliston", "osm_id": 11086478, "osm_type": "relation", "place": "city", "admin_level": null, "source": "overpass", "bbox": [68.720201, 40.473891, 68.824838, 40.570927]}, "geometry": {"type": "MultiPolygon", "coordinates": [[[[68.7416533, 40.5709266], [68.739364, 40.5705873], [68.7406188, 40.5664139], [68.7427333, 40.5593146], [68.7438748, 40.5555952], [68.7444591, 40.5537057], [68.7475807, 40.5425647], [68.7477529, 40.5415666], [68.7445825, 40.541746], [68.7447274, 40.542757], [68.7433433, 40.5429119], [68.7417125, 40.5480318], [68.7363374, 40.547559], [68.736788, 40.5454393], [68.7315524, 40.5455697], [68.7312305, 40.5462056], [68.7292993, 40.54601], [68.7293637, 40.5455616], [68.7265634, 40.5457409], [68.7262308, 40.5471187], [68.7227118, 40.5470861], [68.7202012, 40.5466948], [68.7224865, 40.5397484], [68.7308764, 40.5351823], [68.7352753, 40.5354433], [68.7355327, 40.53718], [68.7435526, 40.5366949], [68.7438583, 40.5400582], [68.7443089, 40.5401602], [68.744545, 40.5414932], [68.7470126, 40.5413342], [68.7480673, 40.536667], [68.7489867, 40.533046], [68.7480426, 40.5331275], [68.7486795, 40.5293807], [68.7486289, 40.5283111], [68.7497648, 40.5281432], [68.74974, 40.5275459], [68.7471307, 40.5276342], [68.7461233, 40.5252678], [68.7497767, 40.523202], [68.7497899, 40.5203488], [68.7504942, 40.5183943], [68.7504699, 40.5163589], [68.7485374, 40.5164637], [68.7482252, 40.514434], [68.7510385, 40.5143109], [68.7516816, 40.5116397], [68.7517285, 40.5109766], [68.7490617, 40.5110581], [68.7488861, 40.5071894], [68.7452762, 40.5073887], [68.7457574, 40.5048072], [68.7458357, 40.5038387], [68.7449145, 40.5038102], [68.7456166, 40.5011915], [68.743751, 40.5010737], [68.7436867, 40.5001273], [68.7432642, 40.4999971], [68.7438798, 40.4972392], [68.7438154, 40.4962439], [68.7436518, 40.4948484], [68.7434787, 40.4927183], [68.7461438, 40.4924592], [68.7464314, 40.49002], [68.745453, 40.4899739], [68.745398, 40.4885461], [68.748313, 40.4883323], [68.7520739, 40.4881777], [68.754768, 40.4879991], [68.7569751, 40.4878615], [68.7614626, 40.48758], [68.7611643, 40.4853812], [68.7600281, 40.4854445], [68.7598835, 40.4849053], [68.7598403, 40.4841327], [68.7636979, 40.4839997], [68.7639095, 40.483944], [68.7646991, 40.4839475], [68.7647098, 40.4840985], [68.7677192, 40.4844453], [68.7695882, 40.4782654], [68.770895, 40.4741138], [68.7722146, 40.4743178], [68.7754885, 40.4749633], [68.7756961, 40.4749829], [68.7759307, 40.4749033], [68.7761945, 40.4748625], [68.7763608, 40.4748469], [68.7768087, 40.4739779], [68.7819195, 40.4738908], [68.7824226, 40.4775473], [68.7856161, 40.4774278], [68.7859187, 40.481507], [68.7951138, 40.4809848], [68.7951076, 40.4804461], [68.7965154, 40.4802589], [68.8023814, 40.4798632], [68.8100219, 40.4793278], [68.810585, 40.4832946], [68.8245344, 40.4825522], [68.8247091, 40.4833537], [68.8248383, 40.4847699], [68.8207095, 40.4849624], [68.8208404, 40.4930328], [68.8122348, 40.4935523], [68.805337, 40.4939599], [68.8004759, 40.4942377], [68.8003939, 40.4950201], [68.8000935, 40.495889], [68.7997931, 40.4963744], [68.7994605, 40.4971495], [68.7988758, 40.4970475], [68.7990582, 40.4962765], [68.7991172, 40.4954443], [68.799026, 40.4943388], [68.7973791, 40.4944449], [68.7971216, 40.4956605], [68.7962472, 40.4955708], [68.7961817, 40.4958704], [68.7955484, 40.4958397], [68.7953745, 40.4969034], [68.7915618, 40.4963479], [68.7910877, 40.4981985], [68.788104, 40.4977125], [68.7864518, 40.5032111], [68.7858622, 40.5052529], [68.7863799, 40.5054935], [68.7859107, 40.506462], [68.7849116, 40.5084059], [68.785487, 40.5087266], [68.7849589, 40.5104569], [68.7861286, 40.510789], [68.7868858, 40.511044], [68.7864784, 40.512552], [68.7902442, 40.5132297], [68.7907997, 40.5112129], [68.7928293, 40.5043458], [68.7968994, 40.5050523], [68.7942385, 40.5139019], [68.7931178, 40.5175004], [68.7926249, 40.5191696], [68.7922951, 40.5203851], [68.7911406, 40.524231], [68.7902663, 40.5270598], [68.7808735, 40.5253525], [68.77776, 40.5353267], [68.7752659, 40.5348819], [68.7784532, 40.5252146], [68.7687787, 40.5236386], [68.7690647, 40.5224395], [68.7686542, 40.5217586], [68.7666224, 40.5227637], [68.7640693, 40.523452], [68.7634344, 40.5235031], [68.7631692, 40.5245279], [68.7615362, 40.5247107], [68.7593756, 40.5246025], [68.757552, 40.5307788], [68.7561248, 40.5306755], [68.7557717, 40.5319008], [68.7656517, 40.5336259], [68.7755619, 40.5352901], [68.7811864, 40.5362701], [68.7860374, 40.5372814], [68.7869525, 40.5591448], [68.7750175, 40.5599888], [68.7690813, 40.5545854], [68.7664518, 40.5522206], [68.7635756, 40.5497192], [68.761092, 40.5478184], [68.7577385, 40.5447073], [68.7566633, 40.5433838], [68.756355, 40.5434104], [68.7559508, 40.5429541], [68.7557567, 40.5425274], [68.7521037, 40.541885], [68.7519778, 40.542446], [68.7503968, 40.5421597], [68.7492013, 40.5460589], [68.7457032, 40.5576681], [68.7416533, 40.5709266]]]]}}, {"type": "Feature", "properties": {"name_uz": "Sirdaryo", "name_en": "Syrdarya", "name_ru": "Сырдарья", "osm_name": "Sirdaryo", "osm_id": 482889158, "osm_type": "way", "place": "town", "admin_level": null, "source": "overpass", "bbox": [68.642184, 40.799072, 68.683855, 40.868732]}, "geometry": {"type": "Polygon", "coordinates": [[[68.673771, 40.8564637], [68.6748398, 40.8571531], [68.6759548, 40.8567894], [68.6756026, 40.8558331], [68.6735123, 40.8532539], [68.6728686, 40.850803], [68.672654, 40.846875], [68.6734694, 40.8452742], [68.673456, 40.843866], [68.6740702, 40.8428981], [68.674199, 40.8411612], [68.6733836, 40.8379307], [68.6730402, 40.8360475], [68.6733986, 40.8346676], [68.6734906, 40.8340736], [68.6737483, 40.8328492], [68.6750573, 40.8315341], [68.6774391, 40.8306249], [68.6788767, 40.8300567], [68.6838549, 40.8251045], [68.680467, 40.8214294], [68.6806199, 40.8209504], [68.6800539, 40.8207839], [68.6795256, 40.8206013], [68.6799252, 40.8194077], [68.6802417, 40.8191723], [68.6806454, 40.8179249], [68.6814165, 40.8147308], [68.6817062, 40.8132165], [68.6821514, 40.812307], [68.6823958, 40.8119308], [68.6824363, 40.8108582], [68.682469, 40.8099905], [68.6813229, 40.8100611], [68.6807019, 40.8091928], [68.6803112, 40.8082713], [68.6801369, 40.8076976], [68.6791718, 40.8050607], [68.6778682, 40.8033756], [68.6783452, 40.7991774], [68.6771208, 40.7990718], [68.6763123, 40.8000895], [68.6757779, 40.8019539], [68.6753864, 40.802245], [68.6753148, 40.802401], [68.6749714, 40.8053247], [68.6748349, 40.8062234], [68.6742655, 40.8090742], [68.6741174, 40.8102863], [68.6740673, 40.8106959], [68.6737776, 40.8121527], [68.6738044, 40.8122542], [68.6734747, 40.8137862], [68.6734649, 40.8139032], [68.6733201, 40.8156302], [68.67329, 40.8159895], [68.6703956, 40.8158182], [68.6704302, 40.8153378], [68.6708596, 40.8142572], [68.6670964, 40.8141273], [68.6670721, 40.8152444], [68.6670052, 40.8154532], [68.6667663, 40.8166552], [68.6666716, 40.8176271], [68.666544, 40.8179658], [68.6652723, 40.8178102], [68.6610212, 40.8182155], [68.6610239, 40.8189016], [68.6624831, 40.8205579], [68.6590498, 40.8234483], [68.659994, 40.8244713], [68.6556381, 40.8271829], [68.6484283, 40.8312094], [68.6465829, 40.8330116], [68.6429351, 40.834213], [68.6431926, 40.8477191], [68.6432784, 40.8493909], [68.6421841, 40.8494883], [68.6425703, 40.8519554], [68.6445444, 40.8549256], [68.6463898, 40.8565972], [68.647342, 40.857064], [68.6461675, 40.8606639], [68.6516469, 40.861547], [68.6510382, 40.8636296], [68.6536855, 40.8644112], [68.6527344, 40.867066], [68.6550741, 40.8681187], [68.6586956, 40.8687317], [68.6623113, 40.857806], [68.6632562, 40.8579871], [68.6652311, 40.8577056], [68.6657986, 40.857704], [68.6688155, 40.857359], [68.6722136, 40.8569832], [68.6725363, 40.8572022], [68.673771, 40.8564637]]]}}, {"type": "Feature", "properties": {"name_uz": "Baxt", "name_en": "Bakht", "name_ru": "Бахт", "osm_name": "Baxt", "osm_id": 182899829, "osm_type": "way", "place": "town", "admin_level": null, "source": "overpass", "bbox": [68.682504, 40.702907, 68.699563, 40.740616]}, "geometry": {"type": "Polygon", "coordinates": [[[68.6895572, 40.7406163], [68.6859983, 40.7401204], [68.6857325, 40.7364641], [68.6860871, 40.7334933], [68.6840423, 40.7330079], [68.6846294, 40.7288367], [68.6860143, 40.727973], [68.6854809, 40.7265766], [68.6864738, 40.7240232], [68.6872841, 40.7230139], [68.6870189, 40.7211585], [68.6878067, 40.7197551], [68.6870277, 40.7186508], [68.6861177, 40.7164886], [68.6845473, 40.7137983], [68.684191, 40.7098406], [68.6831505, 40.7086739], [68.6825044, 40.7030309], [68.6917666, 40.7029072], [68.6995633, 40.7032568], [68.6992761, 40.7066893], [68.6983431, 40.7097752], [68.6895572, 40.7406163]]]}}, {"type": "Feature", "properties": {"name_uz": "Oqoltin", "name_en": "Akoltin", "name_ru": "Акалтын", "osm_name": "Oqoltin", "osm_id": 62209414, "osm_type": "way", "place": "town", "admin_level": null, "source": "overpass", "bbox": [71.690376, 40.731462, 71.728202, 40.762]}, "geometry": {"type": "Polygon", "coordinates": [[[71.6957937, 40.7557828], [71.7030463, 40.7558397], [71.7054174, 40.7558722], [71.7054784, 40.7566687], [71.7021203, 40.7570181], [71.7022202, 40.7583509], [71.7023349, 40.7597406], [71.7043733, 40.7595131], [71.7045665, 40.7619998], [71.7067551, 40.761886], [71.7061329, 40.7583591], [71.7069697, 40.7582778], [71.7068839, 40.7570588], [71.707356, 40.7570425], [71.7072487, 40.7563924], [71.7081713, 40.7563436], [71.708107, 40.7559291], [71.7119586, 40.7557259], [71.7121088, 40.7578227], [71.7143834, 40.7577008], [71.7144692, 40.7564005], [71.7152417, 40.7563598], [71.7154455, 40.7559941], [71.716454, 40.7561567], [71.7167866, 40.7557422], [71.7213069, 40.7561078], [71.72508, 40.7565224], [71.7249727, 40.7556447], [71.726743, 40.752731], [71.7273545, 40.7528326], [71.7281163, 40.7514591], [71.7274725, 40.7512721], [71.7282021, 40.750118], [71.7206705, 40.7504269], [71.7203864, 40.7497574], [71.7200813, 40.7483354], [71.7200696, 40.7480698], [71.7193401, 40.7480291], [71.7178535, 40.746423], [71.7193615, 40.7463466], [71.7192328, 40.7448429], [71.7199409, 40.7447616], [71.7197585, 40.743014], [71.7191684, 40.7430221], [71.7191211, 40.7426766], [71.7178578, 40.7427803], [71.7175698, 40.7406078], [71.7100263, 40.7408125], [71.7099738, 40.7399087], [71.7117977, 40.7397218], [71.7117903, 40.7376325], [71.7089653, 40.7376326], [71.7090867, 40.7385023], [71.7070663, 40.7385105], [71.7026782, 40.7388113], [71.7021666, 40.7367057], [71.7017475, 40.7351168], [71.7005432, 40.7351206], [71.6997955, 40.7314621], [71.6983273, 40.731509], [71.6955684, 40.7316979], [71.6957977, 40.7337052], [71.6926823, 40.7336572], [71.6927682, 40.7354457], [71.6919708, 40.7356409], [71.6918506, 40.7393233], [71.6919099, 40.7403639], [71.6960692, 40.740177], [71.6961765, 40.7413069], [71.6903756, 40.7414532], [71.6917881, 40.7510359], [71.695591, 40.7510262], [71.6957937, 40.7557828]]]}}, {"type": "Feature", "properties": {"name_uz": "Sardoba", "name_en": "Sardoba", "name_ru": "Сардоба", "osm_name": "Sardoba", "osm_id": 247163109, "osm_type": "node", "place": "town", "admin_level": null, "source": "overpass-node", "bbox": [68.37553, 40.516341, 68.446662, 40.570395]}, "geometry": {"type": "Point", "coordinates": [68.4110959, 40.5433684]}}, {"type": "Feature", "properties": {"name_uz": "Shirin", "name_en": "Shirin", "name_ru": "Ширин", "osm_name": "Shirin", "osm_id": 246154148, "osm_type": "node", "place": "town", "admin_level": null, "source": "overpass-node", "bbox": [69.090908, 40.203272, 69.16171, 40.257326]}, "geometry": {"type": "Point", "coordinates": [69.1263086, 40.2302986]}}, {"type": "Feature", "properties": {"name_uz": "Farg'ona", "name_en": "Fergana", "name_ru": "Фергана", "osm_name": "Farg'ona", "osm_id": 27143452, "osm_type": "way", "place": "city", "admin_level": null, "source": "overpass", "bbox": [71.717546, 40.333987, 71.864255, 40.45939]}, "geometry": {"type": "Polygon", "coordinates": [[[71.7482338, 40.3859851], [71.7462232, 40.3868606], [71.7435396, 40.3884662], [71.7433874, 40.3910615], [71.7433727, 40.3913121], [71.7432066, 40.3914149], [71.7420955, 40.3921931], [71.7446294, 40.3923351], [71.7468881, 40.3925785], [71.745145, 40.3951223], [71.7475832, 40.3949123], [71.747724, 40.3958315], [71.7490241, 40.395541], [71.7489821, 40.3960128], [71.7483013, 40.3961104], [71.7483104, 40.3964755], [71.7479018, 40.3965887], [71.7480467, 40.3971653], [71.7414003, 40.3980553], [71.7409344, 40.4002629], [71.7405962, 40.4016534], [71.7377123, 40.4016087], [71.7365483, 40.4031296], [71.7370808, 40.4040729], [71.7372144, 40.4060776], [71.737438, 40.406546], [71.7364641, 40.4065728], [71.7362094, 40.4075402], [71.7374823, 40.4075823], [71.7375843, 40.4082699], [71.7300731, 40.412156], [71.7302239, 40.4127169], [71.7261503, 40.4144907], [71.7257715, 40.4141064], [71.7260266, 40.41383], [71.7259271, 40.4132226], [71.724206, 40.4140362], [71.7243781, 40.4157458], [71.7232067, 40.4168058], [71.7242003, 40.4179995], [71.7236027, 40.4186497], [71.7224807, 40.4193337], [71.7214689, 40.4192297], [71.717546, 40.4236214], [71.7214161, 40.4247437], [71.7228714, 40.4216099], [71.7248619, 40.4217302], [71.7268584, 40.4225186], [71.7272567, 40.4217191], [71.7293956, 40.422724], [71.7307625, 40.4207355], [71.7302525, 40.420199], [71.7317904, 40.4191301], [71.7321784, 40.4192516], [71.7327975, 40.4184445], [71.7329586, 40.4172633], [71.7338962, 40.4171324], [71.7330885, 40.4156453], [71.7333828, 40.4154416], [71.7327245, 40.4145198], [71.7320893, 40.4136058], [71.7354665, 40.4118282], [71.7366076, 40.4138635], [71.736542, 40.4142541], [71.738654, 40.4151377], [71.7369402, 40.4169403], [71.7369148, 40.4174558], [71.7358485, 40.4175949], [71.7359045, 40.4186161], [71.7355227, 40.4190859], [71.7362582, 40.4208784], [71.734589, 40.4224479], [71.7310959, 40.4251972], [71.7288841, 40.4273124], [71.731247, 40.4282137], [71.7304932, 40.4294182], [71.7306384, 40.4310561], [71.7342566, 40.4308841], [71.7339773, 40.4318689], [71.7321512, 40.4321644], [71.7285179, 40.432306], [71.7284653, 40.4329466], [71.7286568, 40.4352504], [71.7269944, 40.4376427], [71.7262103, 40.4406013], [71.7264865, 40.4418958], [71.7280126, 40.4438146], [71.7302474, 40.4448727], [71.7334432, 40.4463855], [71.736648, 40.4478958], [71.7385918, 40.4502161], [71.7386414, 40.4502754], [71.7386766, 40.4503174], [71.7387897, 40.4494327], [71.7388952, 40.448672], [71.738932, 40.4484065], [71.7389762, 40.4480883], [71.7390056, 40.4478765], [71.7390621, 40.4474695], [71.7390818, 40.4473277], [71.7390895, 40.4472722], [71.7391851, 40.4465887], [71.7392015, 40.4464647], [71.7392804, 40.4458958], [71.7405486, 40.4460008], [71.7408775, 40.4469379], [71.7412843, 40.4480969], [71.7431758, 40.4498863], [71.7458374, 40.4509922], [71.7474331, 40.4489243], [71.7507596, 40.4483864], [71.7512793, 40.4488293], [71.7506838, 40.4494712], [71.7497419, 40.4497221], [71.7490775, 40.4513754], [71.7485563, 40.4524814], [71.7492583, 40.4527361], [71.748557, 40.4541489], [71.7487914, 40.4544392], [71.7584762, 40.4574563], [71.7585542, 40.4580916], [71.7601796, 40.4586376], [71.7621054, 40.4590999], [71.7632401, 40.4593895], [71.7643379, 40.4593245], [71.7658709, 40.4590754], [71.7676876, 40.4581891], [71.7726085, 40.455306], [71.7738578, 40.4548951], [71.7742847, 40.4551257], [71.7771234, 40.4557714], [71.7808001, 40.4561616], [71.7868151, 40.4554251], [71.7952254, 40.4560314], [71.8032419, 40.4554031], [71.8051407, 40.4555347], [71.8058129, 40.4554038], [71.8065413, 40.4553115], [71.8085994, 40.4554038], [71.8100793, 40.4544583], [71.810187, 40.4535956], [71.8108192, 40.4517029], [71.8099436, 40.4513596], [71.8115771, 40.4465183], [71.8117382, 40.4451399], [71.8115225, 40.4443981], [71.8101309, 40.4413988], [71.8089022, 40.438899], [71.8089788, 40.4347652], [71.8092049, 40.4333579], [71.8101276, 40.4305922], [71.8057707, 40.4308225], [71.8055625, 40.4270847], [71.8081811, 40.4265512], [71.8093508, 40.4247557], [71.8092781, 40.4223949], [71.8043752, 40.4224773], [71.8031327, 40.4207593], [71.8018363, 40.4208616], [71.7989855, 40.4205689], [71.7985631, 40.4208001], [71.7983869, 40.4214452], [71.7936699, 40.4217027], [71.7905862, 40.4215531], [71.7909114, 40.42017], [71.7925216, 40.4203219], [71.7934781, 40.417389], [71.79316, 40.4172165], [71.7926073, 40.4162655], [71.7926607, 40.4158257], [71.7930729, 40.4155748], [71.7955822, 40.41469], [71.7955869, 40.4145719], [71.7943124, 40.4136888], [71.7945044, 40.4130146], [71.7935873, 40.4126377], [71.7940824, 40.4117161], [71.7942562, 40.4110963], [71.7940901, 40.4109346], [71.7929413, 40.4107053], [71.7909136, 40.4098876], [71.7896649, 40.4091983], [71.7892978, 40.409209], [71.7889348, 40.4093783], [71.7885152, 40.4094356], [71.7865452, 40.4092455], [71.7860574, 40.4091419], [71.7862838, 40.4075861], [71.7869196, 40.4052283], [71.7878704, 40.405269], [71.7904842, 40.4025342], [71.7917417, 40.4019664], [71.7915876, 40.4013269], [71.793055, 40.400556], [71.7944547, 40.3996099], [71.7948126, 40.3999348], [71.7945969, 40.4009506], [71.7946547, 40.4025031], [71.7948003, 40.4060169], [71.7949925, 40.4074468], [71.7952619, 40.4084081], [71.7954884, 40.4090274], [71.796917, 40.4092161], [71.7971986, 40.407835], [71.7975315, 40.4070587], [71.7981826, 40.4072772], [71.7993843, 40.407803], [71.8007785, 40.4084965], [71.8013656, 40.4080408], [71.7999668, 40.4071722], [71.8015522, 40.405652], [71.8019666, 40.4055466], [71.8039241, 40.4037835], [71.8046486, 40.4031822], [71.8051742, 40.4020864], [71.8055152, 40.4021801], [71.8057465, 40.4017418], [71.8063526, 40.4017923], [71.8066268, 40.4011419], [71.8079974, 40.401324], [71.8103981, 40.4015089], [71.812251, 40.4015439], [71.8123754, 40.402365], [71.812713, 40.402437], [71.813656, 40.4014837], [71.8139859, 40.4015526], [71.8140143, 40.40168], [71.8143006, 40.4016339], [71.8143811, 40.4014744], [71.8145895, 40.4014743], [71.8151924, 40.4016419], [71.8156729, 40.4023231], [71.8144285, 40.4026267], [71.8141274, 40.4029204], [71.8139771, 40.4031711], [71.8137783, 40.4035833], [71.8138559, 40.404855], [71.8139078, 40.4050119], [71.8144684, 40.4047839], [71.8151868, 40.404698], [71.8153636, 40.4047618], [71.8161848, 40.4067476], [71.8166851, 40.406666], [71.8168739, 40.4072255], [71.8169995, 40.4073028], [71.8176116, 40.4071699], [71.8176666, 40.4078357], [71.8178091, 40.4083746], [71.8179831, 40.4088295], [71.8186392, 40.4095356], [71.8181542, 40.4098714], [71.818228, 40.41017], [71.8190304, 40.4107974], [71.8192195, 40.4107051], [71.8194718, 40.4108085], [71.8198929, 40.410603], [71.8196688, 40.4103794], [71.8202277, 40.410101], [71.8204328, 40.4095257], [71.8215892, 40.4091894], [71.821964, 40.4090751], [71.8208491, 40.4078922], [71.8220303, 40.4072536], [71.8231691, 40.4067658], [71.8219088, 40.4056311], [71.8214772, 40.4060523], [71.820928, 40.4064032], [71.8201591, 40.406698], [71.8198812, 40.4067375], [71.8195527, 40.4059417], [71.8193637, 40.4058708], [71.8190183, 40.4059831], [71.8187532, 40.4056404], [71.8182773, 40.4047014], [71.8174631, 40.4048943], [71.8171926, 40.4036245], [71.8179635, 40.4034322], [71.8179831, 40.4030879], [71.8188165, 40.402715], [71.8186506, 40.4024488], [71.8181032, 40.4025804], [71.8177733, 40.4021643], [71.8203273, 40.4004213], [71.8200801, 40.400167], [71.8224175, 40.397312], [71.8190867, 40.3955083], [71.821755, 40.3923897], [71.8233981, 40.390626], [71.8272736, 40.3910684], [71.8274891, 40.3909482], [71.8306944, 40.39151], [71.8309041, 40.3913767], [71.8327044, 40.3916403], [71.8330348, 40.3909128], [71.8353759, 40.3915296], [71.8353088, 40.3918763], [71.8375818, 40.3904967], [71.8378501, 40.3913957], [71.8359513, 40.3920027], [71.8356109, 40.3928243], [71.8358338, 40.3929166], [71.8353306, 40.3934223], [71.8334191, 40.3946335], [71.8334586, 40.3951186], [71.8350924, 40.3947499], [71.836584, 40.3948379], [71.8391434, 40.39494], [71.8416116, 40.3897168], [71.840121, 40.3893584], [71.8396037, 40.3899035], [71.8384222, 40.3898165], [71.838651, 40.3895179], [71.8383532, 40.3893673], [71.8395125, 40.3879919], [71.8382769, 40.3875358], [71.8385949, 40.3867725], [71.8376813, 40.3862979], [71.8397141, 40.3838923], [71.8390011, 40.3835764], [71.8412805, 40.3806298], [71.8424226, 40.3805321], [71.8432853, 40.3794957], [71.8447651, 40.3797267], [71.8452552, 40.3808762], [71.8455927, 40.3811156], [71.8462591, 40.3815882], [71.8482639, 40.380928], [71.8495677, 40.3802797], [71.8512705, 40.3784896], [71.8532968, 40.3747651], [71.8554776, 40.3724751], [71.855785, 40.3712842], [71.854486, 40.3707509], [71.8521012, 40.3731337], [71.8502161, 40.3706802], [71.8522748, 40.369872], [71.8516694, 40.3689948], [71.8513701, 40.3686019], [71.8508298, 40.3688099], [71.8494353, 40.3669516], [71.848164, 40.3675497], [71.8477845, 40.367126], [71.8582506, 40.361983], [71.8582287, 40.361922], [71.8579633, 40.3611838], [71.8579535, 40.3610684], [71.8580225, 40.3609681], [71.8609091, 40.3589466], [71.8613355, 40.358648], [71.8642555, 40.356484], [71.8639601, 40.3562139], [71.8626609, 40.3568571], [71.8622702, 40.3565099], [71.86159, 40.3570968], [71.8602339, 40.3560137], [71.8595263, 40.3554653], [71.8579399, 40.3549485], [71.8526494, 40.3534506], [71.8516985, 40.3531702], [71.8492313, 40.3525406], [71.847994, 40.3521873], [71.8479204, 40.3523212], [71.8447195, 40.3513417], [71.8438087, 40.3520794], [71.8397365, 40.3507741], [71.8324183, 40.3485758], [71.8247586, 40.3494318], [71.8211261, 40.3451419], [71.8174471, 40.3436451], [71.8157623, 40.3432268], [71.8166394, 40.3419014], [71.8167057, 40.3390507], [71.8156527, 40.3378095], [71.8150076, 40.3371602], [71.8124779, 40.3356873], [71.8116282, 40.336308], [71.8132896, 40.3373788], [71.8118214, 40.3388215], [71.8108458, 40.3382664], [71.8085615, 40.340775], [71.8101619, 40.3418977], [71.809048, 40.3434064], [71.8086445, 40.3438102], [71.8087423, 40.343956], [71.8075652, 40.345124], [71.8063787, 40.3447153], [71.8061453, 40.3450958], [71.8065668, 40.3456552], [71.804674, 40.3466343], [71.8046878, 40.3475209], [71.8031632, 40.3484807], [71.8017635, 40.3475869], [71.8011041, 40.3485658], [71.8021284, 40.3493009], [71.8005983, 40.350384], [71.8015957, 40.3509297], [71.7998262, 40.3534737], [71.798284, 40.3528858], [71.7973756, 40.3528751], [71.7959431, 40.3522238], [71.7956107, 40.352666], [71.7968881, 40.353589], [71.796205, 40.3571841], [71.7954962, 40.3572938], [71.7950978, 40.3580948], [71.7943724, 40.3591641], [71.7939635, 40.3597915], [71.7944268, 40.3599867], [71.7938394, 40.3605495], [71.7933875, 40.3609505], [71.7930965, 40.3610402], [71.7924267, 40.3594252], [71.7928395, 40.3592647], [71.7919407, 40.3572476], [71.7914488, 40.3573776], [71.7914892, 40.3575601], [71.7900003, 40.3579286], [71.7903738, 40.3589456], [71.7891606, 40.3591966], [71.7868864, 40.3595029], [71.7866097, 40.3590891], [71.785616, 40.359551], [71.785375, 40.3586636], [71.7866612, 40.3582806], [71.7892696, 40.3570245], [71.789008, 40.3566004], [71.7845045, 40.3578456], [71.7823831, 40.3578809], [71.7818059, 40.3536803], [71.7792077, 40.3537135], [71.7785472, 40.3484415], [71.7788369, 40.3449112], [71.7773237, 40.3450362], [71.7739644, 40.3452979], [71.7733573, 40.3403143], [71.7708729, 40.340433], [71.7707908, 40.337266], [71.7716656, 40.3371976], [71.7715208, 40.3352648], [71.7698941, 40.3353841], [71.7700541, 40.3339874], [71.7691649, 40.3340315], [71.7687892, 40.3342633], [71.7673644, 40.3343193], [71.7672777, 40.3350599], [71.7667662, 40.3351196], [71.7665612, 40.3356071], [71.766271, 40.337163], [71.7660153, 40.3373749], [71.7658277, 40.3384958], [71.7656929, 40.3385471], [71.7634992, 40.3382673], [71.7629911, 40.3406869], [71.7655028, 40.3410684], [71.7661504, 40.3386435], [71.7674029, 40.3385898], [71.7674464, 40.3410316], [71.7692451, 40.3411392], [71.7693589, 40.3418993], [71.76823, 40.3419663], [71.7684546, 40.3443953], [71.7694911, 40.3443175], [71.7697927, 40.3447306], [71.7701265, 40.3473432], [71.7682071, 40.3474625], [71.7678433, 40.3451966], [71.7672327, 40.3452642], [71.7672545, 40.3455109], [71.7655079, 40.3453689], [71.7616836, 40.3455122], [71.7644856, 40.3495432], [71.7646169, 40.353737], [71.7633964, 40.354814], [71.7649948, 40.3556394], [71.7653245, 40.3565379], [71.7667733, 40.3568229], [71.7662757, 40.3590432], [71.7621373, 40.359504], [71.7628729, 40.3625932], [71.7631225, 40.3625731], [71.7638221, 40.3680039], [71.7639297, 40.3688394], [71.760827, 40.3697543], [71.7583133, 40.3701459], [71.7547331, 40.3700239], [71.7542136, 40.3738012], [71.7540001, 40.375696], [71.7522108, 40.3782854], [71.7511122, 40.3788701], [71.7507609, 40.3814205], [71.7504461, 40.3840132], [71.7503615, 40.3855211], [71.7482338, 40.3859851]]]}}, {"type": "Feature", "properties": {"name_uz": "Marg'ilon", "name_en": "Margilan", "name_ru": "Маргилан", "osm_name": "Margilon", "osm_id": 27143436, "osm_type": "way", "place": "city", "admin_level": null, "source": "overpass", "bbox": [71.663256, 40.422461, 71.787254, 40.525898]}, "geometry": {"type": "Polygon", "coordinates": [[[71.7228226, 40.5076574], [71.7276291, 40.5028281], [71.7305473, 40.5021754], [71.7332939, 40.5026976], [71.7327789, 40.5046554], [71.7343239, 40.5041333], [71.7367271, 40.5075269], [71.7405037, 40.5098762], [71.7425636, 40.50831], [71.7432503, 40.5051775], [71.7442802, 40.5026976], [71.7540649, 40.5045249], [71.7574982, 40.504786], [71.7562965, 40.5096151], [71.7523657, 40.511106], [71.7518333, 40.5113118], [71.7458252, 40.5110508], [71.7453102, 40.5136609], [71.7499451, 40.51601], [71.7516126, 40.5156434], [71.7524581, 40.514439], [71.7552326, 40.5153247], [71.7567655, 40.5154915], [71.7563568, 40.5166914], [71.757949, 40.5167337], [71.7576216, 40.5153982], [71.7580722, 40.515125], [71.7599083, 40.5148896], [71.7598723, 40.5151966], [71.7612486, 40.5155904], [71.7602677, 40.5180248], [71.7597604, 40.5190656], [71.7609498, 40.51927], [71.7617313, 40.5178244], [71.7628116, 40.5179124], [71.7628894, 40.5166747], [71.7638128, 40.5160079], [71.7652328, 40.5167064], [71.7655244, 40.5158602], [71.7658884, 40.5149345], [71.7672529, 40.5154385], [71.7678625, 40.5156651], [71.767499, 40.5162644], [71.7695726, 40.5167677], [71.7709161, 40.5173152], [71.7717606, 40.5175623], [71.7715188, 40.5190491], [71.7701587, 40.5189644], [71.7701586, 40.5211217], [71.7693478, 40.5221565], [71.7686466, 40.5233888], [71.7699529, 40.5227525], [71.7722464, 40.5258982], [71.7723803, 40.5227347], [71.7724078, 40.5221249], [71.7724513, 40.5207444], [71.7730646, 40.5208701], [71.7731942, 40.5199667], [71.7729776, 40.5198101], [71.774321, 40.5184895], [71.7751628, 40.5177827], [71.7756807, 40.5173586], [71.7777542, 40.5156185], [71.7803291, 40.5114423], [71.7714027, 40.5130084], [71.772776, 40.5071353], [71.7751122, 40.5059247], [71.7765526, 40.5051775], [71.7762093, 40.5028281], [71.7722611, 40.5033502], [71.7695145, 40.4998259], [71.764193, 40.4970847], [71.7628197, 40.4996954], [71.7609387, 40.4991103], [71.7590431, 40.4985206], [71.7590758, 40.4984062], [71.7594585, 40.4970676], [71.7594723, 40.4970194], [71.7571549, 40.4960403], [71.7553524, 40.4958935], [71.7564253, 40.4941149], [71.7599014, 40.4943433], [71.7623047, 40.4930379], [71.7642573, 40.4932256], [71.765813, 40.4940822], [71.7679051, 40.4953631], [71.7694716, 40.4965788], [71.7713169, 40.4971336], [71.7706303, 40.4999728], [71.7763809, 40.5025262], [71.7775655, 40.5015876], [71.7790353, 40.4993441], [71.780355, 40.4994339], [71.7806671, 40.4987164], [71.7816917, 40.4923607], [71.7820028, 40.4913407], [71.7766492, 40.4893416], [71.7769603, 40.4879137], [71.7772607, 40.4866081], [71.7776041, 40.4851638], [71.7778569, 40.4843336], [71.7780761, 40.4836134], [71.7778079, 40.4822098], [71.786112, 40.4806267], [71.785479, 40.4764565], [71.7735485, 40.4746937], [71.783419, 40.472539], [71.7843904, 40.471797], [71.787254, 40.4696074], [71.7862774, 40.4677859], [71.7870375, 40.4669747], [71.7871548, 40.4668351], [71.7871956, 40.466793], [71.785994, 40.4645728], [71.7829041, 40.4645728], [71.7806725, 40.4673154], [71.7789558, 40.4662706], [71.7750076, 40.4671848], [71.7710594, 40.4662706], [71.7750076, 40.4644422], [71.7705444, 40.4637892], [71.7629779, 40.4647871], [71.7630436, 40.4627329], [71.7630557, 40.4622627], [71.7640642, 40.4601976], [71.7603636, 40.4591292], [71.7570476, 40.4583363], [71.7508034, 40.4566057], [71.7463402, 40.4555607], [71.7450949, 40.4552185], [71.7450208, 40.4551982], [71.7445647, 40.4550729], [71.7415507, 40.4542447], [71.7414076, 40.4542054], [71.7401604, 40.4538627], [71.7398171, 40.4519033], [71.7386388, 40.4509395], [71.7376068, 40.4498156], [71.7375906, 40.4497987], [71.7356689, 40.4479471], [71.7347957, 40.447335], [71.7307497, 40.4456606], [71.7284931, 40.4447212], [71.7283997, 40.4446889], [71.7278135, 40.4444817], [71.7277843, 40.4444714], [71.727645, 40.444576], [71.7256176, 40.4437496], [71.7239826, 40.4431284], [71.7235913, 40.4428921], [71.7230805, 40.4426302], [71.7224681, 40.4424522], [71.7212553, 40.4421203], [71.719152, 40.4411896], [71.7181957, 40.4423729], [71.7133991, 40.4403035], [71.713999, 40.438741], [71.7158638, 40.4382359], [71.7169432, 40.437316], [71.7185709, 40.4372523], [71.7186172, 40.4364572], [71.7188493, 40.4360045], [71.7224793, 40.4307386], [71.7249003, 40.4300133], [71.7250735, 40.4297512], [71.7262558, 40.4293012], [71.7278343, 40.4271723], [71.7284496, 40.4269291], [71.7288848, 40.4266038], [71.7305206, 40.4247902], [71.723073, 40.422461], [71.7214498, 40.4247724], [71.7187449, 40.4241784], [71.7187301, 40.4242255], [71.7166428, 40.4308693], [71.7109779, 40.4329599], [71.7074921, 40.4338748], [71.7072289, 40.4339439], [71.7070999, 40.4339778], [71.7068503, 40.4340433], [71.706319, 40.4341827], [71.7061619, 40.434224], [71.7059998, 40.4342665], [71.7016274, 40.4271286], [71.6939972, 40.4274916], [71.6913161, 40.4266234], [71.6827784, 40.4243003], [71.6776835, 40.4310725], [71.6745858, 40.4348872], [71.6738123, 40.4368557], [71.6780824, 40.4385114], [71.6757203, 40.4427261], [71.6751007, 40.4457636], [71.6788773, 40.4511195], [71.677103, 40.4544126], [71.6761307, 40.4562138], [71.6689209, 40.45752], [71.6694359, 40.4620914], [71.6632561, 40.4633974], [71.6654877, 40.466793], [71.6744141, 40.4660094], [71.6725258, 40.4683602], [71.6692642, 40.4701884], [71.6687492, 40.4728002], [71.6708092, 40.473192], [71.6723541, 40.4764565], [71.6729799, 40.4766053], [71.6778473, 40.4777623], [71.6907219, 40.4763259], [71.6926102, 40.4784151], [71.6920952, 40.4810266], [71.6910928, 40.4818615], [71.6895203, 40.4831156], [71.6868806, 40.4851926], [71.6845421, 40.4870325], [71.685792, 40.4868375], [71.6858561, 40.4868275], [71.6877922, 40.4865254], [71.6878798, 40.4865118], [71.6912369, 40.485988], [71.6911784, 40.4861216], [71.6908748, 40.4867967], [71.6902827, 40.4881652], [71.686602, 40.4965625], [71.6955284, 40.4970847], [71.6960923, 40.5016574], [71.6998454, 40.5019501], [71.7022232, 40.5024365], [71.7021934, 40.5024814], [71.7023, 40.5024825], [71.7027355, 40.5024872], [71.7101196, 40.502567], [71.7147545, 40.504786], [71.7137245, 40.5070048], [71.7151661, 40.508173], [71.7156551, 40.5085749], [71.7158419, 40.5087206], [71.7142395, 40.5107897], [71.7082314, 40.5088321], [71.7020516, 40.5110508], [71.6979317, 40.5084405], [71.69673, 40.5094846], [71.69879, 40.5119643], [71.7005066, 40.514966], [71.7027382, 40.514966], [71.7077164, 40.515749], [71.6902069, 40.5246225], [71.6953858, 40.5244955], [71.6973334, 40.5218008], [71.6974096, 40.5217077], [71.7029099, 40.5218823], [71.709433, 40.51862], [71.7132095, 40.51601], [71.7142395, 40.516532], [71.7154411, 40.5140525], [71.7168144, 40.5110508], [71.7216209, 40.5103982], [71.7228226, 40.5076574]]]}}, {"type": "Feature", "properties": {"name_uz": "Qo'qon", "name_en": "Kokand", "name_ru": "Коканд", "osm_name": "Qo‘qon", "osm_id": 922525016, "osm_type": "way", "place": "city", "admin_level": null, "source": "overpass", "bbox": [70.890479, 40.50164, 70.989562, 40.565017]}, "geometry": {"type": "Polygon", "coordinates": [[[70.92322, 40.5016395], [70.9229678, 40.5017427], [70.9226655, 40.5019837], [70.9215745, 40.5028263], [70.9205067, 40.5020143], [70.9194139, 40.5028648], [70.9203012, 40.5035141], [70.9202942, 40.5038149], [70.9156874, 40.5073382], [70.9128741, 40.5095164], [70.9108163, 40.5110843], [70.9089547, 40.5123028], [70.9081726, 40.512709], [70.907101, 40.5130806], [70.9058523, 40.5133844], [70.9043572, 40.5137237], [70.9032471, 40.5138285], [70.902095, 40.5139025], [70.9000981, 40.5139905], [70.8984608, 40.514041], [70.897789, 40.5139733], [70.8973727, 40.5138307], [70.8970482, 40.5136412], [70.8966152, 40.514052], [70.8969827, 40.5142839], [70.8966659, 40.5146509], [70.8966204, 40.5147869], [70.8959347, 40.5157161], [70.8954604, 40.5163069], [70.8929596, 40.5156041], [70.8917573, 40.5170103], [70.8904786, 40.5185006], [70.892647, 40.5191311], [70.8939159, 40.519535], [70.8935467, 40.5203355], [70.8933069, 40.5207077], [70.8930734, 40.5211062], [70.8951115, 40.5218405], [70.8949179, 40.5221772], [70.8955958, 40.5224571], [70.895051, 40.5230967], [70.8950636, 40.5230992], [70.8948826, 40.5233391], [70.8943079, 40.5232073], [70.8941238, 40.5239612], [70.8944972, 40.5241993], [70.8948201, 40.5244052], [70.894885, 40.5244465], [70.8948597, 40.5246762], [70.8948384, 40.5246974], [70.8946997, 40.5255129], [70.8954201, 40.5255862], [70.8953334, 40.5261681], [70.8952716, 40.5264633], [70.8957858, 40.526565], [70.895891, 40.5265755], [70.8963233, 40.526619], [70.8963013, 40.5266678], [70.896246, 40.5267901], [70.896209, 40.5268717], [70.896506, 40.5269571], [70.8968663, 40.5270521], [70.897837, 40.5273081], [70.8986135, 40.5274888], [70.898626, 40.5274935], [70.8996762, 40.5278882], [70.8997913, 40.5279493], [70.8999098, 40.5281282], [70.8996332, 40.5281878], [70.8990378, 40.5284585], [70.8992413, 40.5285482], [70.8997956, 40.5288301], [70.9011856, 40.5296102], [70.9016655, 40.5298795], [70.902763, 40.5304954], [70.903127, 40.5306996], [70.9025003, 40.5314348], [70.9018923, 40.532148], [70.90176, 40.5323032], [70.9012612, 40.5328883], [70.9012408, 40.5329123], [70.9008016, 40.5334229], [70.9006173, 40.5336141], [70.9006013, 40.5336307], [70.9001131, 40.5342287], [70.9000239, 40.5343304], [70.8982202, 40.5363875], [70.8989579, 40.5365389], [70.8998561, 40.5367232], [70.8999055, 40.5367334], [70.8999888, 40.536746], [70.9002782, 40.5367901], [70.900609, 40.536803], [70.9014884, 40.5368372], [70.901558, 40.5368399], [70.90248, 40.536899], [70.9026322, 40.5369087], [70.9030092, 40.5369669], [70.9028807, 40.5373136], [70.9023055, 40.5388592], [70.9020088, 40.5396562], [70.9019861, 40.5397157], [70.9014843, 40.5410265], [70.9012494, 40.5416403], [70.9034041, 40.5419615], [70.9034937, 40.5422117], [70.9041832, 40.5423622], [70.9042027, 40.5423275], [70.9054374, 40.5437062], [70.9059228, 40.5442482], [70.9061223, 40.5443743], [70.9062395, 40.544506], [70.9066656, 40.5442902], [70.9073347, 40.5442439], [70.9075828, 40.5449906], [70.9078356, 40.5455057], [70.9081055, 40.545884], [70.9084103, 40.5463313], [70.9091399, 40.5471137], [70.9100672, 40.5481459], [70.9109859, 40.5491715], [70.9129871, 40.5513382], [70.9146572, 40.5533306], [70.9152436, 40.553923], [70.9165964, 40.5556123], [70.9173768, 40.5564642], [70.9186968, 40.557906], [70.9218414, 40.5613551], [70.9247905, 40.565017], [70.9256408, 40.564537], [70.9263605, 40.5641003], [70.9267345, 40.5638345], [70.9269951, 40.5635706], [70.9272452, 40.563299], [70.9276667, 40.5627523], [70.928339, 40.5618806], [70.9287061, 40.561379], [70.9287725, 40.5612525], [70.9289017, 40.561006], [70.9294037, 40.5598099], [70.9298746, 40.5586144], [70.9299116, 40.5585576], [70.9300701, 40.5583147], [70.9306284, 40.5582871], [70.9309273, 40.5582821], [70.9310178, 40.5582889], [70.9311857, 40.5583014], [70.931709, 40.5584429], [70.9323914, 40.5586273], [70.9339968, 40.5589581], [70.9340726, 40.5589737], [70.9341834, 40.5589965], [70.9343085, 40.5590223], [70.934404, 40.559042], [70.9346588, 40.5590221], [70.9347942, 40.5590116], [70.9349185, 40.5590019], [70.9372395, 40.5586641], [70.9386846, 40.5583705], [70.9388295, 40.5583411], [70.9390543, 40.5582954], [70.9413549, 40.5576118], [70.9414497, 40.5575564], [70.9417702, 40.5574759], [70.9428066, 40.5571705], [70.9439531, 40.5568759], [70.9444664, 40.5567965], [70.9452493, 40.5567676], [70.9466325, 40.5568097], [70.9469992, 40.5568118], [70.9484799, 40.5568626], [70.9485503, 40.5568646], [70.9498526, 40.5569024], [70.9499199, 40.5568879], [70.9501704, 40.5568341], [70.9510349, 40.5568748], [70.9511237, 40.556879], [70.9512542, 40.5568851], [70.9513992, 40.556892], [70.9514085, 40.5568963], [70.9516084, 40.5569907], [70.9539964, 40.5570234], [70.954951, 40.5570364], [70.9550619, 40.5570227], [70.9559066, 40.556918], [70.9565209, 40.5567137], [70.9564664, 40.5570186], [70.9563611, 40.5572987], [70.9570036, 40.5577568], [70.9593436, 40.5594786], [70.9594486, 40.5595559], [70.9602724, 40.5601135], [70.9607637, 40.560446], [70.9622058, 40.561444], [70.962456, 40.5616224], [70.9631326, 40.5621047], [70.9644744, 40.5630357], [70.9645573, 40.5630871], [70.9646319, 40.5629955], [70.9646835, 40.5629435], [70.9648395, 40.5626341], [70.9650763, 40.5619143], [70.9651736, 40.561716], [70.9652895, 40.5614466], [70.9655568, 40.5610645], [70.9657432, 40.5607389], [70.9658692, 40.5604614], [70.9661164, 40.5590414], [70.9661325, 40.558883], [70.9661404, 40.558805], [70.9662247, 40.5585126], [70.9663215, 40.5582892], [70.966363, 40.5582379], [70.9664149, 40.5581735], [70.9664906, 40.5580833], [70.9667244, 40.5579692], [70.9672556, 40.557795], [70.9674803, 40.5577204], [70.967775, 40.5575738], [70.9683619, 40.5572095], [70.9686961, 40.5569018], [70.9687933, 40.5569704], [70.9699399, 40.5578987], [70.9704572, 40.5583067], [70.9704824, 40.5583315], [70.9710413, 40.5581788], [70.9710127, 40.5573927], [70.9711137, 40.5573751], [70.9712684, 40.5573724], [70.9719644, 40.5561601], [70.9721679, 40.5558057], [70.9721451, 40.5557295], [70.9724979, 40.5552151], [70.9728274, 40.5547346], [70.9730744, 40.554349], [70.973916, 40.5530344], [70.9740698, 40.5527942], [70.9742973, 40.5524404], [70.9745302, 40.5520783], [70.9745774, 40.5520049], [70.9749251, 40.5514644], [70.974943, 40.5514365], [70.9752312, 40.5509882], [70.9753024, 40.5508775], [70.9763757, 40.5491523], [70.9771322, 40.5494208], [70.9778137, 40.5496627], [70.9778345, 40.5496701], [70.978534, 40.5499148], [70.9789234, 40.5493885], [70.9799045, 40.54842], [70.9799896, 40.5483372], [70.9800697, 40.548269], [70.9803085, 40.5483901], [70.9809191, 40.5486844], [70.9810944, 40.5485061], [70.9812519, 40.5484159], [70.9823816, 40.5488646], [70.9824708, 40.5488299], [70.9824852, 40.5487864], [70.9825375, 40.5486281], [70.9827008, 40.5481345], [70.9827381, 40.5480217], [70.9827976, 40.5478417], [70.9829977, 40.5472366], [70.9831683, 40.5469672], [70.9834429, 40.5464906], [70.9835009, 40.5460939], [70.9835202, 40.5459622], [70.9835537, 40.5457021], [70.9837476, 40.5452819], [70.9838109, 40.5450542], [70.9840552, 40.5441754], [70.9840594, 40.5439709], [70.9840365, 40.5437682], [70.9840152, 40.5437214], [70.983978, 40.5436396], [70.9836668, 40.5432461], [70.9835179, 40.5430913], [70.9834416, 40.5429511], [70.9834236, 40.5421688], [70.9834355, 40.5420409], [70.983745, 40.5421323], [70.9840074, 40.5422098], [70.9847237, 40.542369], [70.9857822, 40.5426041], [70.9859741, 40.5426389], [70.9865798, 40.5420694], [70.9872983, 40.5413938], [70.9873525, 40.5413429], [70.9879497, 40.5407813], [70.9879752, 40.5407573], [70.9882571, 40.5404924], [70.9895619, 40.5392658], [70.9890871, 40.5391158], [70.9891264, 40.5390572], [70.9892859, 40.5387606], [70.9877633, 40.5382862], [70.9877442, 40.5381735], [70.9864589, 40.5379779], [70.986385, 40.538307], [70.986309, 40.5383119], [70.9855763, 40.5381876], [70.985528, 40.538188], [70.9856794, 40.5377153], [70.9856186, 40.5377067], [70.9852947, 40.5376386], [70.9851796, 40.5376145], [70.9851165, 40.5375186], [70.9840498, 40.5372388], [70.9839729, 40.5372126], [70.9838656, 40.5371717], [70.9838387, 40.5371596], [70.9831868, 40.5369434], [70.982225, 40.5366559], [70.9792472, 40.5356608], [70.9793187, 40.5345898], [70.9793252, 40.5341099], [70.9791025, 40.5328474], [70.9790244, 40.5326442], [70.9784728, 40.5317648], [70.9783609, 40.5314679], [70.9782191, 40.5305028], [70.9780887, 40.529923], [70.977961, 40.5294375], [70.9779162, 40.5289663], [70.9779219, 40.5281089], [70.9779584, 40.5269711], [70.9779416, 40.5268814], [70.9778337, 40.5269028], [70.977507, 40.5269676], [70.9771508, 40.5271231], [70.976474, 40.5275786], [70.976171, 40.5274603], [70.9757851, 40.5273097], [70.9753265, 40.5271308], [70.9741768, 40.526592], [70.9741192, 40.5265626], [70.9741235, 40.5258299], [70.9739474, 40.5254475], [70.9734892, 40.5251132], [70.9734839, 40.5251093], [70.973295, 40.5249946], [70.9728578, 40.5247792], [70.9726346, 40.525013], [70.971661, 40.5241892], [70.9711138, 40.5237261], [70.9709521, 40.5239043], [70.9708722, 40.5238522], [70.9705308, 40.5237175], [70.970426, 40.5238758], [70.9698723, 40.5236453], [70.970131, 40.52314], [70.9699899, 40.5227993], [70.9698692, 40.5225497], [70.9697804, 40.5225057], [70.9696732, 40.5221214], [70.9696714, 40.5216831], [70.9697388, 40.5208096], [70.9698108, 40.5200946], [70.9698983, 40.519346], [70.9699432, 40.5188235], [70.9700078, 40.5186012], [70.9701465, 40.5182714], [70.9702789, 40.5180683], [70.970374, 40.5176599], [70.9703199, 40.5173842], [70.9703408, 40.5168488], [70.9703553, 40.516479], [70.970203, 40.5162461], [70.9699129, 40.5158023], [70.9698812, 40.5157019], [70.9698561, 40.5156223], [70.9698179, 40.5150641], [70.9697916, 40.5146792], [70.9697841, 40.5145696], [70.9697816, 40.5144516], [70.9697686, 40.5138227], [70.9697592, 40.5133665], [70.9697907, 40.5130357], [70.969698, 40.5130372], [70.9695023, 40.5130406], [70.9676159, 40.5133795], [70.9674791, 40.5134191], [70.9672438, 40.51345], [70.9670605, 40.5134806], [70.9654243, 40.5138161], [70.9649535, 40.5139675], [70.9645156, 40.514148], [70.9642461, 40.5144064], [70.9642149, 40.5144363], [70.9641571, 40.5145209], [70.9639974, 40.5147546], [70.9638887, 40.5149138], [70.963634, 40.5153998], [70.9634396, 40.5157709], [70.9630894, 40.5164848], [70.962616, 40.5161546], [70.961869, 40.5156324], [70.9612024, 40.5151087], [70.9610659, 40.5150015], [70.9606244, 40.5146546], [70.9599134, 40.5143048], [70.959888, 40.5142952], [70.9592985, 40.5140714], [70.9590825, 40.5139858], [70.9579848, 40.513551], [70.9568373, 40.5130749], [70.9567798, 40.5129871], [70.9549077, 40.5126853], [70.9534643, 40.5125209], [70.9534258, 40.5124744], [70.9529468, 40.5124447], [70.9528175, 40.5123484], [70.9528122, 40.5086123], [70.9526241, 40.5078132], [70.9525875, 40.5076172], [70.9526159, 40.5072455], [70.951615, 40.5068439], [70.950992, 40.5065398], [70.9500618, 40.5060175], [70.9499281, 40.5059568], [70.9497461, 40.5059347], [70.9483238, 40.5059273], [70.948037, 40.5057529], [70.9478833, 40.5056594], [70.9471715, 40.5052781], [70.9469521, 40.5051717], [70.9466616, 40.5051058], [70.9458548, 40.5050014], [70.9442774, 40.5048255], [70.944203, 40.5048165], [70.9436074, 40.5069961], [70.9434987, 40.5069131], [70.9431744, 40.5067455], [70.9427172, 40.5066116], [70.9416705, 40.5064089], [70.9407269, 40.5062046], [70.9393427, 40.5058581], [70.9383707, 40.5056149], [70.9381699, 40.5055531], [70.9380068, 40.505503], [70.936987, 40.5051583], [70.9366191, 40.5050198], [70.9365125, 40.5049797], [70.9354166, 40.5045673], [70.9339452, 40.5040136], [70.932716, 40.5036026], [70.9323364, 40.5034757], [70.9318895, 40.5033263], [70.9317623, 40.5032838], [70.9311672, 40.5030847], [70.929768, 40.5028014], [70.9296011, 40.5027772], [70.92655, 40.5023359], [70.9264994, 40.5023219], [70.9263524, 40.5023025], [70.9259206, 40.5022294], [70.9252962, 40.5021236], [70.9241375, 40.5019274], [70.9235472, 40.5018275], [70.92322, 40.5016395]]]}}, {"type": "Feature", "properties": {"name_uz": "Quva", "name_en": "Kuva", "name_ru": "Кува", "osm_name": "Quva", "osm_id": 1262936925, "osm_type": "way", "place": "town", "admin_level": null, "source": "overpass", "bbox": [72.04591, 40.502379, 72.092028, 40.57224]}, "geometry": {"type": "Polygon", "coordinates": [[[72.0583819, 40.5606995], [72.0755481, 40.5692411], [72.0818996, 40.5722402], [72.0854186, 40.5714578], [72.0841312, 40.5696323], [72.085906, 40.5689154], [72.08675, 40.568495], [72.0868543, 40.5683221], [72.0831812, 40.5656965], [72.0818277, 40.5646409], [72.0806695, 40.5639068], [72.0797086, 40.5642771], [72.0790031, 40.5643603], [72.0781183, 40.5629138], [72.0786933, 40.5624104], [72.0791183, 40.5621129], [72.079929, 40.5616227], [72.0824665, 40.5635736], [72.0827616, 40.563413], [72.0810552, 40.5613505], [72.0810756, 40.561294], [72.0873069, 40.5585477], [72.0849036, 40.554635], [72.0851611, 40.5524829], [72.0844745, 40.5514395], [72.0812987, 40.5491569], [72.0753764, 40.5533307], [72.0737456, 40.548896], [72.077093, 40.5485699], [72.0779513, 40.5431565], [72.0789813, 40.5449176], [72.0849036, 40.5405475], [72.0855903, 40.5301757], [72.0869636, 40.5300452], [72.0866468, 40.531721], [72.0885085, 40.5330298], [72.0899676, 40.5280228], [72.0915984, 40.5279576], [72.0920276, 40.5195412], [72.0861911, 40.5143212], [72.0859336, 40.5098839], [72.084732, 40.5068168], [72.0825862, 40.5042716], [72.0790671, 40.503358], [72.0703124, 40.502379], [72.0699691, 40.5032927], [72.0686816, 40.5041411], [72.0661925, 40.5043369], [72.0651626, 40.5072736], [72.0620727, 40.5113848], [72.0570087, 40.5174533], [72.0572661, 40.5214986], [72.0523738, 40.5222163], [72.0532321, 40.5257394], [72.0541762, 40.5287404], [72.0532321, 40.5316109], [72.0516013, 40.5344811], [72.0503139, 40.535003], [72.0484256, 40.5382645], [72.0464208, 40.5380106], [72.0459097, 40.5381698], [72.0491122, 40.5407432], [72.0497989, 40.5394386], [72.052288, 40.5402214], [72.0521163, 40.5425695], [72.0606135, 40.5487003], [72.0626735, 40.5453089], [72.0648193, 40.5458307], [72.0643901, 40.5477873], [72.0660209, 40.5481134], [72.0660209, 40.5498743], [72.0630168, 40.5500699], [72.0611285, 40.5505264], [72.0600127, 40.5533307], [72.0592403, 40.5563957], [72.0577811, 40.5562653], [72.0561504, 40.5593954], [72.0583819, 40.5606995]]]}}, {"type": "Feature", "properties": {"name_uz": "Rishton", "name_en": "Rishtan", "name_ru": "Риштан", "osm_name": "Rishton", "osm_id": 15355001, "osm_type": "relation", "place": "town", "admin_level": "8", "source": "overpass", "bbox": [71.250571, 40.335739, 71.299154, 40.382286]}, "geometry": {"type": "MultiPolygon", "coordinates": [[[[71.2737578, 40.3435988], [71.2763978, 40.3431797], [71.27919, 40.3424441], [71.2827626, 40.3414502], [71.2850349, 40.3404188], [71.2859467, 40.3392967], [71.2872688, 40.3385976], [71.2886712, 40.3402096], [71.2897927, 40.3420064], [71.2919671, 40.3416226], [71.2923104, 40.3422158], [71.2937982, 40.3423728], [71.2937524, 40.3434195], [71.2921731, 40.3445534], [71.2932946, 40.3457919], [71.2947595, 40.3500133], [71.2945535, 40.3506762], [71.2950341, 40.350868], [71.2950799, 40.3513564], [71.2970712, 40.3516879], [71.2970712, 40.3528391], [71.2945077, 40.3523507], [71.2949197, 40.3553158], [71.295469, 40.3564147], [71.2969567, 40.3564321], [71.2969567, 40.3596064], [71.299154, 40.3596761], [71.2979533, 40.3631848], [71.2967301, 40.3633689], [71.2955674, 40.3635875], [71.2946161, 40.3637026], [71.2930758, 40.3634034], [71.2911055, 40.3637848], [71.2909452, 40.3654067], [71.2911512, 40.3670285], [71.2911055, 40.3684759], [71.2901899, 40.3684236], [71.2890226, 40.3684585], [71.2888166, 40.3694002], [71.2867796, 40.369156], [71.2865507, 40.3703069], [71.2865965, 40.3711265], [71.2868483, 40.3721379], [71.2870543, 40.3735329], [71.286482, 40.3738816], [71.2853376, 40.3743873], [71.2854521, 40.3751022], [71.2846739, 40.3751022], [71.284857, 40.3762007], [71.2846281, 40.3766017], [71.2813093, 40.3761309], [71.2810804, 40.3765843], [71.2798216, 40.3766192], [71.2800505, 40.3786766], [71.2787001, 40.3786243], [71.2787458, 40.378973], [71.2791578, 40.3822857], [71.2773268, 40.3818847], [71.2743513, 40.381135], [71.2727034, 40.3807689], [71.2713758, 40.3803504], [71.2705976, 40.3799145], [71.2701628, 40.3795484], [71.2693617, 40.3791299], [71.2662947, 40.3785546], [71.2648756, 40.3779966], [71.2651731, 40.3771248], [71.2655165, 40.3764971], [71.2655165, 40.3755904], [71.263983, 40.3751022], [71.2615339, 40.3746837], [71.2604353, 40.3745268], [71.2597944, 40.3743175], [71.2593824, 40.3736201], [71.258238, 40.373219], [71.2578947, 40.3719286], [71.258032, 40.371423], [71.2582609, 40.3709521], [71.2580549, 40.3705685], [71.2570707, 40.3702372], [71.2573683, 40.3691735], [71.2573683, 40.3683015], [71.2553083, 40.3676563], [71.2550108, 40.3672029], [71.2544615, 40.3665926], [71.252104, 40.3655637], [71.250571, 40.3640735], [71.2513372, 40.3625843], [71.2515203, 40.3622006], [71.2529852, 40.3624273], [71.2533971, 40.3596717], [71.2590734, 40.359445], [71.2594396, 40.3563928], [71.2552282, 40.3560614], [71.2526876, 40.356044], [71.2523672, 40.3541079], [71.2516576, 40.3541079], [71.2514745, 40.3528172], [71.2518179, 40.3528172], [71.2514516, 40.3514392], [71.2512685, 40.3510729], [71.2509481, 40.3508113], [71.2541753, 40.3496949], [71.2559148, 40.3495031], [71.2558004, 40.347218], [71.2556402, 40.3468691], [71.2573797, 40.3466598], [71.2566701, 40.3453689], [71.2564413, 40.3449677], [71.2551138, 40.3452642], [71.2549078, 40.3442873], [71.2558462, 40.3440605], [71.2572652, 40.3439384], [71.2565328, 40.3429266], [71.2563268, 40.3424382], [71.2574483, 40.3423858], [71.2569677, 40.3398388], [71.2566701, 40.3384955], [71.2578832, 40.3383035], [71.2580206, 40.3393154], [71.2593252, 40.3417404], [71.2607214, 40.3412868], [71.2614538, 40.3411821], [71.2610418, 40.3407111], [71.2614538, 40.3405715], [71.2608358, 40.3400132], [71.2612478, 40.3396992], [71.260172, 40.3387571], [71.2608587, 40.3383908], [71.2631933, 40.3396992], [71.2636282, 40.3389142], [71.2638341, 40.3380593], [71.2621862, 40.3370649], [71.2615224, 40.3362274], [71.2620031, 40.3357389], [71.2634908, 40.3366287], [71.2643148, 40.3358959], [71.2647726, 40.3357738], [71.2662832, 40.33703], [71.2680914, 40.3385129], [71.2690984, 40.3398562], [71.2699682, 40.3402575], [71.2709753, 40.3417927], [71.2712499, 40.3434325], [71.271845, 40.3440082], [71.2727834, 40.3435372], [71.2737578, 40.3435988]]]]}}, {"type": "Feature", "properties": {"name_uz": "Beshariq", "name_en": "Besharyk", "name_ru": "Бешарык", "osm_name": "Beshariq", "osm_id": 922525288, "osm_type": "way", "place": "town", "admin_level": null, "source": "overpass", "bbox": [70.572647, 40.422016, 70.647619, 40.451298]}, "geometry": {"type": "Polygon", "coordinates": [[[70.624297, 40.4464739], [70.6251703, 40.4468938], [70.6258879, 40.4472552], [70.6263398, 40.4474828], [70.6264029, 40.4474303], [70.6282115, 40.4451312], [70.6284926, 40.4448082], [70.6286454, 40.4444095], [70.6317976, 40.4460755], [70.6322982, 40.4454869], [70.6325681, 40.4455344], [70.6347932, 40.44682], [70.634596, 40.4469938], [70.6344289, 40.4474922], [70.6370148, 40.4488753], [70.636939, 40.4494408], [70.6372523, 40.4494364], [70.6371062, 40.4498104], [70.6375929, 40.4499345], [70.6383121, 40.4500787], [70.6388901, 40.4489227], [70.6390066, 40.4489031], [70.6392285, 40.4484775], [70.6397433, 40.44755], [70.6401042, 40.4469223], [70.6400834, 40.4468063], [70.6399571, 40.446767], [70.639877, 40.446423], [70.6385262, 40.4456553], [70.6385721, 40.4454183], [70.638528, 40.4448921], [70.6384602, 40.4446844], [70.6385604, 40.4445667], [70.6386005, 40.4441898], [70.6384926, 40.4439895], [70.6385914, 40.4436323], [70.6385813, 40.4433999], [70.6387182, 40.4425838], [70.6388436, 40.4416652], [70.6389695, 40.4409484], [70.6390074, 40.4404827], [70.6390697, 40.4402799], [70.6391687, 40.4398479], [70.6409002, 40.4401654], [70.6430792, 40.4404765], [70.6431571, 40.4399965], [70.6471714, 40.4412051], [70.6476192, 40.4402922], [70.6441881, 40.4391266], [70.6440224, 40.4384787], [70.6427395, 40.4372756], [70.641667, 40.4362543], [70.6393773, 40.4341454], [70.6379768, 40.4327935], [70.6366726, 40.4315909], [70.6364451, 40.432771], [70.6362769, 40.4326151], [70.6355164, 40.4325633], [70.6353598, 40.4324699], [70.6348702, 40.4322677], [70.6343848, 40.4320743], [70.6337427, 40.4319498], [70.6317733, 40.4315936], [70.6303838, 40.4312793], [70.6302632, 40.4307545], [70.6308018, 40.4290312], [70.6302858, 40.4289101], [70.6296307, 40.4309314], [70.6289941, 40.4331939], [70.6288201, 40.433373], [70.6276097, 40.4331173], [70.6264786, 40.4328703], [70.6262076, 40.4334125], [70.6241891, 40.4327646], [70.6237826, 40.4335801], [70.623714, 40.4336803], [70.6231177, 40.433375], [70.6227145, 40.4331216], [70.6224158, 40.4329451], [70.622271, 40.4330236], [70.6212966, 40.4326014], [70.6211868, 40.4325367], [70.621161, 40.432463], [70.6212934, 40.4320502], [70.621291, 40.43192], [70.6214462, 40.4314689], [70.621876, 40.4302676], [70.6218736, 40.4302267], [70.6218407, 40.4301943], [70.6217275, 40.4301367], [70.6206828, 40.4299907], [70.6188182, 40.4297037], [70.6170611, 40.4294799], [70.6170775, 40.4294796], [70.6171517, 40.4293925], [70.617458, 40.4286139], [70.617113, 40.4283474], [70.6165954, 40.4288607], [70.6165266, 40.4289525], [70.6163953, 40.4291714], [70.6163147, 40.429381], [70.6163165, 40.429385], [70.6149659, 40.4291999], [70.6149886, 40.4288237], [70.6149243, 40.4286451], [70.6148712, 40.4284789], [70.615058, 40.4280714], [70.6152469, 40.4277473], [70.6153075, 40.4275378], [70.6154773, 40.4273309], [70.6157304, 40.4267004], [70.6159525, 40.4263504], [70.6157294, 40.4262253], [70.615799, 40.4261659], [70.6159802, 40.4259756], [70.6160733, 40.4257614], [70.6161258, 40.4254434], [70.6162358, 40.4252457], [70.6162802, 40.4250489], [70.616258, 40.4248029], [70.6163758, 40.4247053], [70.6166101, 40.4246811], [70.6168507, 40.4244649], [70.6167758, 40.4243031], [70.6166913, 40.4241958], [70.616375, 40.4242169], [70.6163215, 40.4242176], [70.6163145, 40.4241045], [70.6162598, 40.4240661], [70.6155712, 40.4236274], [70.6154074, 40.4237232], [70.615207, 40.4238318], [70.6153153, 40.4239242], [70.6148878, 40.424329], [70.6146295, 40.4247213], [70.6143172, 40.425469], [70.6137887, 40.4259251], [70.6150907, 40.4264188], [70.6151969, 40.4263888], [70.6141304, 40.4288504], [70.6118683, 40.4277261], [70.6096607, 40.4266687], [70.6097024, 40.4265529], [70.6103705, 40.4251592], [70.6087079, 40.4246641], [70.6086804, 40.4246304], [70.6087015, 40.4245824], [70.6086823, 40.4244464], [70.6085913, 40.4243709], [70.6081855, 40.4243561], [70.6082259, 40.4237608], [70.6082867, 40.4234468], [70.6082108, 40.4231244], [70.6081226, 40.4228647], [70.6081647, 40.4225959], [70.6081121, 40.4225943], [70.6072733, 40.4224952], [70.607186, 40.422523], [70.6064235, 40.4228218], [70.606473, 40.4229712], [70.6065422, 40.4235859], [70.6064814, 40.4238998], [70.6063816, 40.4243164], [70.6062505, 40.4242954], [70.606169, 40.4242752], [70.6061098, 40.4241412], [70.6061621, 40.4239956], [70.6057527, 40.4238293], [70.6058688, 40.4234785], [70.6061822, 40.4224046], [70.6060097, 40.4223752], [70.6059201, 40.4226821], [70.6045439, 40.4224385], [70.6037474, 40.422206], [70.6033154, 40.4238103], [70.6029859, 40.4237656], [70.6025075, 40.4236798], [70.6018917, 40.4235775], [70.6017599, 40.4235653], [70.6019608, 40.4228076], [70.6018284, 40.4227297], [70.6017169, 40.4227127], [70.6018405, 40.4223593], [70.6018167, 40.4222325], [70.6016638, 40.4222321], [70.5985404, 40.4220162], [70.5986391, 40.4231319], [70.598665, 40.4233237], [70.5987303, 40.423633], [70.5988937, 40.4241252], [70.5989633, 40.4244276], [70.5988373, 40.4243817], [70.5986913, 40.4243577], [70.5981426, 40.4242481], [70.5972972, 40.424154], [70.5952697, 40.4238752], [70.5951135, 40.4238739], [70.5949383, 40.4239336], [70.5950818, 40.4236402], [70.5948956, 40.4236219], [70.5932992, 40.423558], [70.5932777, 40.4240828], [70.5931984, 40.4247698], [70.5931251, 40.4249708], [70.5943799, 40.4253738], [70.5969401, 40.4263618], [70.596942, 40.4264321], [70.5966265, 40.4269709], [70.596485, 40.4269155], [70.594639, 40.4264012], [70.5940722, 40.4262366], [70.5939915, 40.4262793], [70.5938749, 40.426318], [70.5934011, 40.4272898], [70.5927346, 40.4270835], [70.5926667, 40.4270838], [70.5926191, 40.4271209], [70.5920596, 40.4281893], [70.5918037, 40.4286983], [70.5918034, 40.428746], [70.5918443, 40.428782], [70.5919128, 40.4288101], [70.5917779, 40.4290493], [70.5909741, 40.4287744], [70.5899148, 40.4306384], [70.589833, 40.4307656], [70.5895806, 40.431226], [70.5895076, 40.4313463], [70.5893068, 40.4317176], [70.5891283, 40.4316719], [70.5857154, 40.4305741], [70.5855138, 40.4305028], [70.5855639, 40.4303946], [70.5854681, 40.430351], [70.5847524, 40.4301082], [70.5853944, 40.4291489], [70.5854004, 40.4290971], [70.5853564, 40.4290574], [70.5816629, 40.4276157], [70.581444, 40.4276261], [70.582006, 40.4267169], [70.5817671, 40.4266196], [70.5801309, 40.4258593], [70.5803927, 40.4253756], [70.5806828, 40.4249332], [70.5808659, 40.4243747], [70.5806116, 40.4242689], [70.5799797, 40.4239771], [70.5798821, 40.4238306], [70.5792825, 40.4234429], [70.5792405, 40.423502], [70.5790213, 40.4238596], [70.578819, 40.4243693], [70.5769417, 40.4236071], [70.5768081, 40.4235094], [70.5764444, 40.4240327], [70.5761261, 40.4244404], [70.575917, 40.4246399], [70.5760491, 40.4247696], [70.5764542, 40.4251152], [70.5763105, 40.4252672], [70.5760788, 40.4254681], [70.5760064, 40.4256157], [70.5756278, 40.4265994], [70.5755496, 40.4266891], [70.5754067, 40.4268752], [70.5748691, 40.4275439], [70.5747016, 40.4278258], [70.5746943, 40.4279177], [70.5746962, 40.4280379], [70.5741855, 40.4278485], [70.5740268, 40.4278915], [70.5731493, 40.4286325], [70.572667, 40.4290484], [70.5726466, 40.4291069], [70.5726956, 40.4291543], [70.5739772, 40.42961], [70.5741144, 40.4297632], [70.5742614, 40.4297991], [70.5743934, 40.429836], [70.5739168, 40.4309934], [70.5735719, 40.4319219], [70.5734026, 40.4324014], [70.5735528, 40.4324944], [70.5739485, 40.4327249], [70.5740829, 40.432865], [70.5740815, 40.4331076], [70.574288, 40.4331472], [70.5742675, 40.4332129], [70.574247, 40.4332786], [70.5741114, 40.4332526], [70.5741267, 40.4334866], [70.5741433, 40.4337394], [70.5742021, 40.4337256], [70.5742301, 40.4337897], [70.5747566, 40.4336448], [70.5749896, 40.4335623], [70.5751017, 40.4334522], [70.5755489, 40.4334211], [70.5760631, 40.4334516], [70.5762277, 40.4333875], [70.5762851, 40.4333651], [70.5764036, 40.4332926], [70.5764397, 40.4332971], [70.5765844, 40.4333151], [70.5769859, 40.4334349], [70.5773767, 40.433559], [70.5780604, 40.4338293], [70.5787773, 40.43412], [70.5790688, 40.4342037], [70.5791384, 40.4342222], [70.5793822, 40.4342871], [70.5798316, 40.4343633], [70.5796742, 40.4354456], [70.5795838, 40.436525], [70.5795903, 40.4367363], [70.5797631, 40.4367498], [70.5797381, 40.436833], [70.5823427, 40.4370145], [70.5824049, 40.4370006], [70.5824379, 40.436958], [70.5825756, 40.4363047], [70.5828281, 40.4350346], [70.5830606, 40.4350716], [70.5831461, 40.4350321], [70.5838613, 40.4352068], [70.5842711, 40.4344168], [70.584906, 40.4332146], [70.5850394, 40.4329283], [70.586682, 40.4334674], [70.5867272, 40.4334088], [70.586746, 40.4333414], [70.5870098, 40.4329638], [70.5870888, 40.4328325], [70.5881857, 40.4332181], [70.5882637, 40.4331075], [70.588292, 40.4330157], [70.588443, 40.4330936], [70.5886663, 40.4331531], [70.5887444, 40.4332029], [70.5886928, 40.4332839], [70.5886369, 40.4333477], [70.5885543, 40.4342061], [70.5885581, 40.4348323], [70.5884887, 40.4355972], [70.5889232, 40.4357165], [70.588727, 40.4362035], [70.5891835, 40.4363308], [70.5896381, 40.4363243], [70.5907276, 40.4368031], [70.59083, 40.4368369], [70.5906648, 40.4370924], [70.590584, 40.4372343], [70.5905318, 40.4374394], [70.590919, 40.4374973], [70.5910225, 40.4375035], [70.5909773, 40.4380462], [70.5907035, 40.4389262], [70.5906138, 40.4394764], [70.5906471, 40.4395611], [70.5907566, 40.439672], [70.5906942, 40.4399254], [70.5901963, 40.4398946], [70.5899225, 40.4398692], [70.5897036, 40.4398555], [70.5896512, 40.440284], [70.5902367, 40.4403271], [70.5905617, 40.4402919], [70.5913746, 40.4403251], [70.5916342, 40.4403842], [70.5915974, 40.4404696], [70.5915584, 40.4407037], [70.5896568, 40.4406646], [70.5896284, 40.4408417], [70.5896293, 40.441024], [70.5879586, 40.4409795], [70.5879162, 40.4410818], [70.5874795, 40.4431949], [70.5896041, 40.4441805], [70.5909988, 40.4448388], [70.5914099, 40.444804], [70.5929101, 40.4435566], [70.5936807, 40.4429288], [70.595302, 40.4416688], [70.5955204, 40.4414866], [70.595579, 40.4414945], [70.5958594, 40.4416509], [70.595922, 40.4416569], [70.5959755, 40.4416561], [70.5960421, 40.4416416], [70.5961691, 40.4415375], [70.5962431, 40.4414581], [70.5964275, 40.4416016], [70.5963324, 40.4416512], [70.5961977, 40.4418031], [70.5956253, 40.4425546], [70.5951259, 40.4431791], [70.594815, 40.4435337], [70.5945651, 40.4439088], [70.5940557, 40.4446352], [70.5931053, 40.4459678], [70.5928679, 40.4463086], [70.5924129, 40.4469922], [70.5917854, 40.4478616], [70.5918573, 40.4478783], [70.5919239, 40.4479233], [70.5920014, 40.4479064], [70.5936286, 40.448556], [70.5937046, 40.4485582], [70.5937546, 40.4485144], [70.5938334, 40.4482987], [70.5938661, 40.4480327], [70.5939442, 40.4477307], [70.5940568, 40.4474822], [70.5942403, 40.4470354], [70.5943538, 40.4467002], [70.5946376, 40.4469175], [70.5953443, 40.4473439], [70.5965558, 40.4480911], [70.5981815, 40.4491393], [70.5989105, 40.4495914], [70.5996505, 40.4501013], [70.601617, 40.451298], [70.6016835, 40.4512618], [70.6018003, 40.4512415], [70.6020879, 40.4507897], [70.6026072, 40.450063], [70.6031357, 40.4493299], [70.6034521, 40.448867], [70.6036475, 40.4488326], [70.6040225, 40.4483017], [70.6041937, 40.4480667], [70.6045574, 40.4475631], [70.6047967, 40.4472319], [70.6051296, 40.4467919], [70.6055277, 40.4462659], [70.6057118, 40.4459669], [70.6055199, 40.4459362], [70.6058523, 40.4454432], [70.6062177, 40.4448854], [70.6064117, 40.4447663], [70.6074318, 40.4450038], [70.6087508, 40.4453278], [70.6103893, 40.4457599], [70.6108329, 40.4458636], [70.6109112, 40.4458955], [70.6112272, 40.4460738], [70.6115545, 40.4462822], [70.6116542, 40.446335], [70.6117168, 40.4464427], [70.6118112, 40.446049], [70.6118172, 40.4458647], [70.611827, 40.4455646], [70.6119963, 40.4455601], [70.612514, 40.4456769], [70.6129988, 40.4457862], [70.613181, 40.4458499], [70.6157537, 40.4467495], [70.6165736, 40.4470444], [70.6169628, 40.4471844], [70.6178204, 40.4474928], [70.6179643, 40.4475439], [70.6197136, 40.4481655], [70.6200526, 40.4477852], [70.6206425, 40.4471236], [70.6210461, 40.4466709], [70.6212295, 40.4464652], [70.6215323, 40.4461256], [70.6218061, 40.4458184], [70.6220256, 40.4455722], [70.6222233, 40.4453504], [70.6227553, 40.4456459], [70.6235094, 40.4460648], [70.6236209, 40.4461201], [70.624297, 40.4464739]]]}}, {"type": "Feature", "properties": {"name_uz": "Yozyovon", "name_en": "Yazyavan", "name_ru": "Язяван", "osm_name": "Yozyovon", "osm_id": 244655950, "osm_type": "way", "place": "town", "admin_level": null, "source": "overpass", "bbox": [71.688953, 40.607396, 71.767663, 40.686963]}, "geometry": {"type": "Polygon", "coordinates": [[[71.6889526, 40.67639], [71.694145, 40.6833904], [71.702799, 40.6694375], [71.7069658, 40.6705071], [71.7075587, 40.6695104], [71.712655, 40.6706773], [71.7035877, 40.6861381], [71.7076673, 40.686963], [71.7089818, 40.6833196], [71.7128347, 40.6840414], [71.7133333, 40.6822196], [71.7173222, 40.6833196], [71.7201325, 40.6792634], [71.7334702, 40.684197], [71.7432781, 40.6863358], [71.7426371, 40.6820095], [71.7496244, 40.6833706], [71.7492397, 40.6743769], [71.7579578, 40.6771481], [71.7601374, 40.663826], [71.7647201, 40.6641962], [71.764992, 40.659795], [71.7650827, 40.6529175], [71.7676632, 40.6403707], [71.7674935, 40.6307458], [71.7605093, 40.6254022], [71.7661825, 40.6217531], [71.7451565, 40.6179578], [71.7435052, 40.6073955], [71.7340996, 40.6088064], [71.7335656, 40.6110793], [71.7317223, 40.6189251], [71.722236, 40.6160985], [71.7302479, 40.6291912], [71.730691, 40.6384485], [71.7115172, 40.6416129], [71.7104362, 40.650199], [71.6897212, 40.6529158], [71.697365, 40.6655647], [71.6889526, 40.67639]]]}}, {"type": "Feature", "properties": {"name_uz": "Oltiariq", "name_en": "Oltiariq", "name_ru": "Олтиарык", "osm_name": "Oltiariq", "osm_id": 26994892, "osm_type": "way", "place": "town", "admin_level": null, "source": "overpass", "bbox": [71.435043, 40.35237, 71.518306, 40.421045]}, "geometry": {"type": "Polygon", "coordinates": [[[71.435598, 40.3950038], [71.4497006, 40.4042922], [71.4510171, 40.4077746], [71.4613378, 40.408287], [71.4589614, 40.4174598], [71.4679081, 40.419972], [71.4750105, 40.4210451], [71.488813, 40.4161797], [71.4967095, 40.4138272], [71.5025459, 40.4114745], [71.5138756, 40.4080761], [71.5162789, 40.3999716], [71.5183056, 40.3873468], [71.513927, 40.3732034], [71.5103658, 40.3605372], [71.4959004, 40.3545721], [71.4891564, 40.3523702], [71.4722719, 40.3533559], [71.4756527, 40.3568657], [71.4764534, 40.3620501], [71.4544588, 40.3674332], [71.4532147, 40.3672329], [71.4521204, 40.3675109], [71.4493524, 40.3679359], [71.4459306, 40.3672731], [71.4438698, 40.3692847], [71.4438271, 40.3693283], [71.4376348, 40.3767625], [71.4359472, 40.3784217], [71.4355478, 40.3792738], [71.4350428, 40.3800683], [71.4375903, 40.3821695], [71.435598, 40.3950038]]]}}, {"type": "Feature", "properties": {"name_uz": "Qo'shtepa", "name_en": "Kushtepa", "name_ru": "Куштепа", "osm_name": "Qo'shtepa", "osm_id": 331035610, "osm_type": "way", "place": "village", "admin_level": null, "source": "overpass", "bbox": [72.638999, 40.63645, 72.664329, 40.655495]}, "geometry": {"type": "Polygon", "coordinates": [[[72.6465539, 40.6554946], [72.6389987, 40.6512469], [72.6453565, 40.6434373], [72.6441929, 40.6415691], [72.6486113, 40.6386258], [72.6577179, 40.6377044], [72.6603487, 40.6364503], [72.6643286, 40.6395984], [72.6553555, 40.6486695], [72.6465539, 40.6554946]]]}}, {"type": "Feature", "properties": {"name_uz": "Buvayda", "name_en": "Buvayda", "name_ru": "Бувайда", "osm_name": "Buvayda", "osm_id": 181712005, "osm_type": "way", "place": "town", "admin_level": null, "source": "overpass", "bbox": [71.07031, 40.616413, 71.109014, 40.659411]}, "geometry": {"type": "Polygon", "coordinates": [[[71.0742168, 40.6421912], [71.0726588, 40.6400417], [71.0710535, 40.6372113], [71.0703103, 40.6347092], [71.0706775, 40.632505], [71.0727808, 40.6306301], [71.0717881, 40.6296634], [71.0722423, 40.6292107], [71.0716676, 40.6280871], [71.0739879, 40.6271243], [71.0756405, 40.6283278], [71.0769759, 40.6271749], [71.0781944, 40.6284038], [71.0795298, 40.6304815], [71.0810822, 40.6304055], [71.0829685, 40.6309502], [71.0942379, 40.6166305], [71.0981676, 40.6164131], [71.09501, 40.6215442], [71.1016129, 40.6253939], [71.1004778, 40.6274463], [71.1041168, 40.6283838], [71.1030151, 40.6298787], [71.1084464, 40.6327313], [71.1072111, 40.6340234], [71.1090139, 40.6351888], [71.1065101, 40.6377983], [71.1007344, 40.6347581], [71.0996661, 40.6354421], [71.0995993, 40.6374182], [71.1013687, 40.6380769], [71.1007678, 40.6391156], [71.1059751, 40.6410533], [71.1036048, 40.6432319], [71.0999324, 40.6421426], [71.0995848, 40.644053], [71.1037078, 40.6452758], [71.1044427, 40.6472125], [71.1034664, 40.6486839], [71.0986256, 40.6470121], [71.0964222, 40.6490132], [71.0944889, 40.6515355], [71.0921186, 40.6544736], [71.0915587, 40.6577651], [71.0896224, 40.6594113], [71.0852156, 40.6541687], [71.0839386, 40.6533139], [71.0821148, 40.6567357], [71.0791435, 40.6531645], [71.0765999, 40.6522324], [71.077976, 40.6452785], [71.0742168, 40.6421912]]]}}, {"type": "Feature", "properties": {"name_uz": "So'x", "name_en": "Sokh", "name_ru": "Сох", "osm_name": "So'x", "osm_id": 247137849, "osm_type": "node", "place": "village", "admin_level": null, "source": "overpass-node", "bbox": [71.118122, 39.935758, 71.153378, 39.962785]}, "geometry": {"type": "Point", "coordinates": [71.13575, 39.9492718]}}, {"type": "Feature", "properties": {"name_uz": "Quvasoy", "name_en": "Kuvasay", "name_ru": "Кувасай", "osm_name": "Quvasoy", "osm_id": 15567420, "osm_type": "relation", "place": "town", "admin_level": null, "source": "overpass", "bbox": [71.95328, 40.276936, 72.029507, 40.312439]}, "geometry": {"type": "MultiPolygon", "coordinates": [[[[71.9704919, 40.2969831], [71.9795502, 40.2924884], [71.9831964, 40.2908926], [71.9875348, 40.2878287], [71.9922106, 40.2838095], [71.9947943, 40.2827018], [71.9961091, 40.2813904], [71.9997116, 40.2798272], [72.0052143, 40.2777491], [72.0089488, 40.2769355], [72.0128841, 40.2791684], [72.0162069, 40.2807376], [72.0222672, 40.2823117], [72.023158, 40.2834813], [72.0290048, 40.2869338], [72.0295068, 40.2914703], [72.0294791, 40.2916032], [72.0294206, 40.2918194], [72.0293412, 40.2919885], [72.0292159, 40.2921125], [72.0290209, 40.2922436], [72.027999, 40.2927307], [72.0278333, 40.2927834], [72.0276985, 40.2928042], [72.0275232, 40.2928138], [72.0270376, 40.2928086], [72.0267251, 40.2928193], [72.0264643, 40.2928336], [72.0262056, 40.2928683], [72.0242325, 40.2932309], [72.0240191, 40.293249], [72.023325, 40.2932435], [72.0227205, 40.2932767], [72.0225153, 40.2932843], [72.021881, 40.293267], [72.0207021, 40.2932008], [72.0202389, 40.2932001], [72.0194605, 40.2932518], [72.0192781, 40.2932839], [72.0185334, 40.2934909], [72.0173695, 40.2936573], [72.0150615, 40.2940298], [72.0146013, 40.2941388], [72.0142245, 40.2942858], [72.0135609, 40.2945973], [72.0132554, 40.2947682], [72.0129831, 40.2949228], [72.0128431, 40.294986], [72.0126939, 40.2950248], [72.0125667, 40.2950421], [72.0124375, 40.2950408], [72.0122143, 40.2950125], [72.0118877, 40.2949692], [72.0113826, 40.2948669], [72.0111629, 40.2948679], [72.0109306, 40.2949], [72.010632, 40.2949608], [72.0104104, 40.2949947], [72.0101995, 40.2949963], [72.0096628, 40.2949696], [72.0094006, 40.2949659], [72.0091576, 40.2949841], [72.0088927, 40.2950125], [72.0086153, 40.2950577], [72.0083378, 40.2951466], [72.0077559, 40.2953705], [72.0072518, 40.295587], [72.0065554, 40.2958915], [72.0041355, 40.2969759], [72.0033332, 40.2974659], [72.0029091, 40.2977497], [72.0026991, 40.2978768], [72.0025276, 40.2979537], [72.0023244, 40.2980087], [72.0019573, 40.2980505], [72.0013024, 40.2981295], [72.00023, 40.2983107], [71.9993245, 40.298475], [71.9989892, 40.2985181], [71.9986084, 40.2985319], [71.9982511, 40.2985151], [71.9976181, 40.2984494], [71.9968467, 40.2983568], [71.9965445, 40.2983016], [71.9962795, 40.298234], [71.9960145, 40.29814], [71.9958134, 40.2980436], [71.9956275, 40.2979388], [71.9954057, 40.2977496], [71.9951888, 40.2976301], [71.9947994, 40.2974894], [71.9945095, 40.2974429], [71.9942027, 40.2974306], [71.9939926, 40.2974424], [71.9938202, 40.2975067], [71.9936889, 40.2975761], [71.9935366, 40.2976857], [71.9906565, 40.3003276], [71.9901547, 40.3008594], [71.9900627, 40.3009186], [71.9899512, 40.3009485], [71.9897412, 40.3009535], [71.9895261, 40.300947], [71.9892068, 40.3009186], [71.9888848, 40.3009244], [71.9886204, 40.3009574], [71.9884105, 40.3010102], [71.9879668, 40.3011878], [71.987494, 40.3013665], [71.9864702, 40.3017376], [71.9850045, 40.302075], [71.9846798, 40.3018374], [71.9843856, 40.3019252], [71.9844084, 40.3019742], [71.9843037, 40.3020069], [71.9843425, 40.3020837], [71.9840647, 40.302235], [71.9839551, 40.3022136], [71.9838572, 40.3021637], [71.9838037, 40.3021703], [71.9837219, 40.302201], [71.983671, 40.3022374], [71.9836634, 40.3022917], [71.9836657, 40.3023509], [71.9839635, 40.3027595], [71.983992, 40.3028778], [71.9839492, 40.3030094], [71.9838524, 40.3031277], [71.9836255, 40.3032255], [71.9836903, 40.3034235], [71.9823594, 40.3037665], [71.9826281, 40.3042375], [71.9826008, 40.3044147], [71.9828719, 40.3046953], [71.9827172, 40.3048019], [71.9722398, 40.3106869], [71.9681692, 40.3104935], [71.9659503, 40.3103944], [71.9646048, 40.3094449], [71.96407, 40.308553], [71.9568403, 40.3124389], [71.95328, 40.3088962], [71.9598146, 40.3049238], [71.9639617, 40.3018085], [71.9703053, 40.2986471], [71.9711919, 40.2979173], [71.9704919, 40.2969831]]]]}}, {"type": "Feature", "properties": {"name_uz": "Urganch", "name_en": "Urgench", "name_ru": "Ургенч", "osm_name": "Urganch", "osm_id": 110132970, "osm_type": "way", "place": "town", "admin_level": null, "source": "overpass", "bbox": [60.584836, 41.522535, 60.675809, 41.587974]}, "geometry": {"type": "Polygon", "coordinates": [[[60.5916887, 41.5670843], [60.5969055, 41.5643179], [60.5974807, 41.5520082], [60.5977177, 41.5499627], [60.6016111, 41.5413199], [60.6005995, 41.5345728], [60.6086036, 41.5307745], [60.6160877, 41.5300804], [60.6167831, 41.5297593], [60.6222797, 41.5289591], [60.6227934, 41.5279051], [60.6269982, 41.5270139], [60.6420943, 41.5225355], [60.65099, 41.5309251], [60.6532672, 41.533568], [60.6601229, 41.5297964], [60.6697785, 41.5246604], [60.6723909, 41.5250595], [60.6758095, 41.5289702], [60.6728797, 41.5306358], [60.6678521, 41.5327146], [60.6691232, 41.535263], [60.6697376, 41.5365859], [60.6701469, 41.5375779], [60.6706257, 41.5374345], [60.6713672, 41.5452362], [60.6715303, 41.5473676], [60.6713785, 41.549478], [60.6660148, 41.5619417], [60.664051, 41.5641142], [60.6562271, 41.567637], [60.6460976, 41.5762876], [60.6336291, 41.583972], [60.6327702, 41.5847072], [60.6317628, 41.58555], [60.6304641, 41.5866822], [60.627955, 41.5841627], [60.6253366, 41.5803014], [60.6247437, 41.5806702], [60.624715, 41.5806881], [60.6207049, 41.5831826], [60.6188021, 41.5859283], [60.6174386, 41.5879737], [60.6054222, 41.5807283], [60.6057452, 41.5801013], [60.6076763, 41.5765316], [60.6024676, 41.5748838], [60.5987587, 41.5720416], [60.5909836, 41.5758702], [60.5867994, 41.5779249], [60.584836, 41.5762715], [60.5855955, 41.5757549], [60.5862213, 41.5753617], [60.5894923, 41.5733661], [60.5863487, 41.5703722], [60.5916887, 41.5670843]]]}}, {"type": "Feature", "properties": {"name_uz": "Xiva", "name_en": "Khiva", "name_ru": "Хива", "osm_name": "Xiva", "osm_id": 110260748, "osm_type": "way", "place": "town", "admin_level": null, "source": "overpass", "bbox": [60.3201, 41.369452, 60.382224, 41.419083]}, "geometry": {"type": "Polygon", "coordinates": [[[60.3418476, 41.3898789], [60.3353906, 41.3838438], [60.3357666, 41.383711], [60.336346, 41.3839666], [60.3368269, 41.383923], [60.3376777, 41.383697], [60.3380608, 41.3829307], [60.3383955, 41.382822], [60.3390402, 41.383252], [60.3402312, 41.3835201], [60.3440487, 41.3839031], [60.3436872, 41.3826648], [60.3434667, 41.3816598], [60.343379, 41.3808221], [60.3433601, 41.3804461], [60.3426003, 41.3788044], [60.3425297, 41.3784734], [60.342641, 41.3782536], [60.3434813, 41.3779102], [60.342611, 41.3764623], [60.3443072, 41.3758499], [60.3453656, 41.3771242], [60.3484802, 41.3758962], [60.3492475, 41.3753718], [60.3498244, 41.3748393], [60.3528678, 41.3739639], [60.3530535, 41.3740436], [60.3558997, 41.373111], [60.3567916, 41.3728355], [60.3583971, 41.3724174], [60.3603608, 41.3717118], [60.3606242, 41.3714657], [60.365756, 41.3696736], [60.3660914, 41.3697966], [60.3677271, 41.3706684], [60.36811, 41.3708312], [60.3696978, 41.3719108], [60.3764592, 41.3694516], [60.3769333, 41.3697248], [60.380128, 41.3719807], [60.3794554, 41.3728599], [60.3785256, 41.3745108], [60.377659, 41.3761287], [60.3771545, 41.377532], [60.3775419, 41.3794703], [60.3778469, 41.3804129], [60.3778108, 41.3815434], [60.3778247, 41.3820402], [60.3781537, 41.384138], [60.3822243, 41.3919119], [60.3768379, 41.3948114], [60.376352, 41.3950854], [60.3752036, 41.3946064], [60.3727111, 41.3939813], [60.3724867, 41.393861], [60.3711995, 41.394069], [60.3719162, 41.3969869], [60.3706042, 41.397235], [60.3695976, 41.3976519], [60.3665311, 41.396521], [60.3656565, 41.396027], [60.3650352, 41.3954453], [60.3601381, 41.3969073], [60.3602411, 41.396483], [60.3601048, 41.3952288], [60.3597454, 41.3952152], [60.3598603, 41.3961632], [60.3597189, 41.3969201], [60.3595224, 41.3979285], [60.3548811, 41.3978827], [60.3543243, 41.3979418], [60.3523837, 41.3983934], [60.3493658, 41.3993044], [60.3466723, 41.4016418], [60.3471386, 41.4021286], [60.349933, 41.4033925], [60.3497336, 41.4038073], [60.3491751, 41.4042219], [60.3454243, 41.4088758], [60.3467244, 41.4093738], [60.3451163, 41.4124075], [60.3438748, 41.4126227], [60.3439414, 41.4161828], [60.3430421, 41.4166283], [60.3421302, 41.4166822], [60.3406296, 41.4173448], [60.3368752, 41.4190827], [60.3362586, 41.4180213], [60.3351275, 41.4173946], [60.3333213, 41.417411], [60.3290431, 41.4184249], [60.3279159, 41.4179048], [60.3270165, 41.4164944], [60.3275872, 41.4156829], [60.3238162, 41.4140805], [60.3234159, 41.4136299], [60.3233067, 41.4130271], [60.3250385, 41.4109808], [60.3257525, 41.4099711], [60.3256199, 41.4081059], [60.3254704, 41.4069531], [60.3246132, 41.4054763], [60.3200999, 41.3983162], [60.3345014, 41.3933092], [60.3385518, 41.3919347], [60.3428625, 41.3907675], [60.3424906, 41.3899118], [60.3418476, 41.3898789]]]}}, {"type": "Feature", "properties": {"name_uz": "Pitnak", "name_en": "Pitnak", "name_ru": "Питнак", "osm_name": "Pitnak", "osm_id": 394570342, "osm_type": "way", "place": "town", "admin_level": null, "source": "overpass", "bbox": [61.284022, 41.20465, 61.34059, 41.23274]}, "geometry": {"type": "Polygon", "coordinates": [[[61.3009802, 41.2327397], [61.2994903, 41.2303243], [61.2984355, 41.2299466], [61.2976445, 41.2276732], [61.2925064, 41.2286392], [61.2909783, 41.2255571], [61.2860816, 41.2265235], [61.2840223, 41.2200705], [61.3020589, 41.2162082], [61.3053234, 41.2115842], [61.3069128, 41.2115286], [61.3098034, 41.2114274], [61.3176868, 41.2099382], [61.3230536, 41.2094578], [61.325693, 41.2097974], [61.3376396, 41.2046503], [61.3405902, 41.2079174], [61.3299789, 41.2146776], [61.3258375, 41.2174206], [61.323544, 41.2185058], [61.3221809, 41.2189499], [61.3009802, 41.2327397]]]}}, {"type": "Feature", "properties": {"name_uz": "Xazorasp", "name_en": "Khazarasp", "name_ru": "Хазарасп", "osm_name": "Hazorasp", "osm_id": 1383476052, "osm_type": "way", "place": "town", "admin_level": null, "source": "overpass", "bbox": [61.063192, 41.302163, 61.105414, 41.331726]}, "geometry": {"type": "Polygon", "coordinates": [[[61.0669045, 41.3317259], [61.0719359, 41.3315513], [61.0716087, 41.3310162], [61.072132, 41.3308471], [61.0718929, 41.3301133], [61.0764027, 41.3284853], [61.0799147, 41.3272175], [61.0828978, 41.3266452], [61.0921275, 41.3251261], [61.0912102, 41.321029], [61.0956573, 41.3195222], [61.0989726, 41.3203488], [61.101703, 41.3208195], [61.1028993, 41.3207254], [61.1050504, 41.3195833], [61.1054045, 41.3195651], [61.1054141, 41.3187932], [61.1032787, 41.312789], [61.1031621, 41.3118305], [61.1032641, 41.3111382], [61.1034626, 41.3105257], [61.1041224, 41.3093283], [61.1053991, 41.3078131], [61.1026364, 41.3058185], [61.1016172, 41.3064431], [61.1009118, 41.3059239], [61.0995519, 41.3040292], [61.100319, 41.3037149], [61.0992193, 41.3021634], [61.0967678, 41.3022198], [61.0963815, 41.3033361], [61.0868382, 41.3041743], [61.0852611, 41.3046176], [61.0802507, 41.3037794], [61.0806048, 41.30984], [61.0814416, 41.311484], [61.065799, 41.317834], [61.0668075, 41.3192361], [61.0653484, 41.3195101], [61.0657239, 41.3208114], [61.0676443, 41.3241995], [61.0631919, 41.3262702], [61.0643013, 41.3281219], [61.0660458, 41.3275841], [61.0686207, 41.3310243], [61.0667968, 41.3313385], [61.0669045, 41.3317259]]]}}, {"type": "Feature", "properties": {"name_uz": "Shovot", "name_en": "Shovot", "name_ru": "Шовот", "osm_name": "Shovot", "osm_id": 176115574, "osm_type": "way", "place": "town", "admin_level": null, "source": "overpass", "bbox": [60.261316, 41.631878, 60.332112, 41.675479]}, "geometry": {"type": "Polygon", "coordinates": [[[60.2725747, 41.6749133], [60.2781115, 41.6754789], [60.2877179, 41.672333], [60.2961414, 41.6686213], [60.3038549, 41.6684446], [60.3071675, 41.6677022], [60.3110953, 41.6599246], [60.3091045, 41.6544436], [60.3163992, 41.6527435], [60.3200196, 41.6550236], [60.329768, 41.6527254], [60.3321121, 41.651016], [60.3302428, 41.6484347], [60.3258679, 41.6446315], [60.3196774, 41.6452316], [60.29973, 41.6444618], [60.3054186, 41.6383601], [60.300623, 41.6326566], [60.2965532, 41.6318784], [60.2931121, 41.6422193], [60.2796051, 41.6382688], [60.274659, 41.6465733], [60.2673462, 41.6575589], [60.2613157, 41.6635147], [60.2624859, 41.6673187], [60.2685432, 41.6737558], [60.2725747, 41.6749133]]]}}, {"type": "Feature", "properties": {"name_uz": "Bog'ot", "name_en": "Bogot", "name_ru": "Богот", "osm_name": "Bog'ot", "osm_id": 186086433, "osm_type": "way", "place": "town", "admin_level": null, "source": "overpass", "bbox": [60.773266, 41.332955, 60.842287, 41.371015]}, "geometry": {"type": "Polygon", "coordinates": [[[60.8035586, 41.3705725], [60.8128017, 41.3710145], [60.8172686, 41.3661636], [60.8234521, 41.3665243], [60.8215618, 41.3601401], [60.8214213, 41.3590573], [60.8278143, 41.351704], [60.8253921, 41.3504473], [60.8260851, 41.3461427], [60.83512, 41.3455273], [60.8355117, 41.3430747], [60.8287606, 41.3420201], [60.8305277, 41.3410336], [60.835557, 41.3415779], [60.8422875, 41.340803], [60.8358403, 41.334894], [60.8279111, 41.3329548], [60.8265971, 41.3354043], [60.8240145, 41.3377857], [60.821915, 41.342458], [60.8150715, 41.3408079], [60.8140783, 41.3430811], [60.7945795, 41.3418306], [60.7931815, 41.3467325], [60.783174, 41.3466086], [60.7750137, 41.3456561], [60.7732665, 41.3459349], [60.7738357, 41.3473229], [60.7751043, 41.3509964], [60.7765542, 41.3507243], [60.7778701, 41.3562863], [60.7820351, 41.3554687], [60.7855473, 41.3582566], [60.7925958, 41.3591705], [60.7972735, 41.3575352], [60.8023356, 41.358449], [60.8029737, 41.3627453], [60.8035586, 41.3705725]]]}}, {"type": "Feature", "properties": {"name_uz": "Gurlan", "name_en": "Gurlan", "name_ru": "Гурлен", "osm_name": "Gurlan", "osm_id": 169834202, "osm_type": "way", "place": "town", "admin_level": null, "source": "overpass", "bbox": [60.369001, 41.819405, 60.422171, 41.86371]}, "geometry": {"type": "Polygon", "coordinates": [[[60.383392, 41.8637098], [60.3902277, 41.8580182], [60.3924704, 41.8569562], [60.3955715, 41.8554878], [60.4008011, 41.8509101], [60.404805, 41.8503509], [60.4092593, 41.846399], [60.4126534, 41.8419483], [60.4137044, 41.8404569], [60.4131625, 41.8391145], [60.4211702, 41.8390773], [60.4221712, 41.8353111], [60.4176953, 41.8350342], [60.4167312, 41.8327391], [60.415881, 41.8310823], [60.4143602, 41.8312442], [60.4140973, 41.8312162], [60.418807, 41.8256573], [60.4175252, 41.8250404], [60.4139113, 41.8232901], [60.4123914, 41.8238091], [60.4113615, 41.8238931], [60.4100899, 41.8247942], [60.4099451, 41.8245735], [60.4065549, 41.819405], [60.4040593, 41.8257699], [60.4010537, 41.8245586], [60.3987712, 41.8234534], [60.3975349, 41.8225741], [60.3974311, 41.822628], [60.3937823, 41.8250963], [60.391019, 41.8268038], [60.3890884, 41.8261197], [60.3888845, 41.8257], [60.388391, 41.8254201], [60.3876095, 41.8247189], [60.3862989, 41.824081], [60.3852636, 41.8231655], [60.384357, 41.8227858], [60.3829201, 41.8218556], [60.3822917, 41.822374], [60.3739178, 41.8246366], [60.371528, 41.8252742], [60.3701413, 41.825674], [60.3692159, 41.8250204], [60.3690013, 41.8251843], [60.3699803, 41.8257879], [60.3753984, 41.8296413], [60.3753058, 41.8334886], [60.3752445, 41.8358378], [60.3750282, 41.8397095], [60.374618, 41.8451422], [60.3745107, 41.8463669], [60.3719232, 41.8558954], [60.3729522, 41.8558456], [60.3746581, 41.856333], [60.3750672, 41.8569257], [60.3755593, 41.8564209], [60.3764485, 41.8567495], [60.3767301, 41.8566437], [60.3771123, 41.8562851], [60.3770372, 41.8560254], [60.3776863, 41.8557407], [60.3795558, 41.8579592], [60.3785886, 41.8589261], [60.3801674, 41.8594894], [60.3803846, 41.859785], [60.3799045, 41.8602685], [60.3795665, 41.8611155], [60.379934, 41.8611794], [60.3805804, 41.8611794], [60.3806663, 41.8608078], [60.3808862, 41.8603204], [60.3808379, 41.8597171], [60.3807038, 41.8596492], [60.3810579, 41.8584386], [60.3813261, 41.8579951], [60.3806399, 41.8570572], [60.3820986, 41.8555858], [60.3828388, 41.8560973], [60.3829595, 41.8560253], [60.3836869, 41.855733], [60.383392, 41.8637098]]]}}, {"type": "Feature", "properties": {"name_uz": "Yangiariq", "name_en": "Yangiariq", "name_ru": "Янгиарык", "osm_name": "Yangiariq", "osm_id": 239155272, "osm_type": "way", "place": "town", "admin_level": null, "source": "overpass", "bbox": [60.580263, 41.346102, 60.630605, 41.386087]}, "geometry": {"type": "Polygon", "coordinates": [[[60.5968135, 41.3768018], [60.597963, 41.3749476], [60.5928683, 41.3738776], [60.5883349, 41.3699782], [60.5836432, 41.3707636], [60.5802625, 41.3650494], [60.5858516, 41.3634814], [60.5876397, 41.3629001], [60.5894444, 41.3622887], [60.5920144, 41.3614458], [60.5940891, 41.3613079], [60.5945028, 41.3612089], [60.5992794, 41.3599587], [60.5963849, 41.3529876], [60.5966621, 41.3490728], [60.5969386, 41.3465022], [60.6014075, 41.3461843], [60.6030247, 41.3462656], [60.6053414, 41.3461015], [60.6059279, 41.3469162], [60.6091401, 41.3552303], [60.6158264, 41.354603], [60.6163045, 41.3578686], [60.6188065, 41.3572025], [60.6264422, 41.3538532], [60.6306052, 41.3571604], [60.6261283, 41.3597125], [60.6289538, 41.3630324], [60.6297683, 41.3709941], [60.62659, 41.3758235], [60.6170108, 41.3722083], [60.6119146, 41.370314], [60.6086635, 41.3742872], [60.6192983, 41.3807588], [60.6153147, 41.3860866], [60.600214, 41.3816904], [60.6025776, 41.3795431], [60.5994051, 41.3779861], [60.5968135, 41.3768018]]]}}, {"type": "Feature", "properties": {"name_uz": "Xonqa", "name_en": "Khanka", "name_ru": "Ханка", "osm_name": "Xonqa", "osm_id": 186112624, "osm_type": "way", "place": "town", "admin_level": null, "source": "overpass", "bbox": [60.740864, 41.451815, 60.827927, 41.500189]}, "geometry": {"type": "Polygon", "coordinates": [[[60.7541101, 41.5001888], [60.751406, 41.4967766], [60.7467619, 41.4987579], [60.7451489, 41.4948154], [60.7496119, 41.4917753], [60.7476852, 41.4901008], [60.744825, 41.4866989], [60.7408641, 41.4839502], [60.7468014, 41.4824309], [60.7536499, 41.4846328], [60.7485604, 41.4787189], [60.7482288, 41.4783269], [60.7555341, 41.4734621], [60.7559185, 41.4732587], [60.7564277, 41.4730391], [60.7581719, 41.4722868], [60.7685151, 41.467678], [60.7791403, 41.4625063], [60.7829749, 41.4597884], [60.7958285, 41.4542984], [60.8078852, 41.4518152], [60.8187561, 41.4518668], [60.825105, 41.452704], [60.8279267, 41.4644228], [60.8244583, 41.466273], [60.8218718, 41.4646871], [60.8102257, 41.4685317], [60.7980464, 41.4675973], [60.7940785, 41.4694716], [60.7958244, 41.4742369], [60.7985263, 41.4735517], [60.8032119, 41.4764207], [60.8082086, 41.4816617], [60.8078521, 41.4821336], [60.8066392, 41.4837392], [60.7978684, 41.485483], [60.798097, 41.4888958], [60.7946885, 41.4919317], [60.7898734, 41.4932651], [60.7831539, 41.4944065], [60.773954, 41.4949789], [60.7626098, 41.4999511], [60.7541101, 41.5001888]]]}}, {"type": "Feature", "properties": {"name_uz": "Qo'shko'pir", "name_en": "Kushkupir", "name_ru": "Кушкупир", "osm_name": "Qoshkopir", "osm_id": 175997499, "osm_type": "way", "place": "town", "admin_level": null, "source": "overpass", "bbox": [60.319733, 41.511064, 60.378594, 41.549535]}, "geometry": {"type": "Polygon", "coordinates": [[[60.3447294, 41.549535], [60.336052, 41.5471298], [60.3338023, 41.540807], [60.324574, 41.5428002], [60.3225538, 41.5369581], [60.3197328, 41.5304625], [60.3210184, 41.5216632], [60.3275379, 41.520632], [60.3399341, 41.5244131], [60.3432398, 41.5132753], [60.3576996, 41.511064], [60.3589852, 41.5184897], [60.3659179, 41.5190054], [60.3657801, 41.5209304], [60.3737688, 41.5204492], [60.3719324, 41.5237835], [60.3772582, 41.525124], [60.3751677, 41.5310655], [60.3785944, 41.5316604], [60.3781678, 41.5330694], [60.3754105, 41.5326517], [60.3750672, 41.5338404], [60.3720049, 41.5348346], [60.369342, 41.540992], [60.3629912, 41.5453321], [60.3447294, 41.549535]]]}}, {"type": "Feature", "properties": {"name_uz": "Nukus", "name_en": "Nukus", "name_ru": "Нукус", "osm_name": "Nókis", "osm_id": 7284011, "osm_type": "relation", "place": "city", "admin_level": null, "source": "overpass", "bbox": [59.542781, 42.354399, 59.680198, 42.558516]}, "geometry": {"type": "MultiPolygon", "coordinates": [[[[59.543227, 42.4830245], [59.5433436, 42.4823641], [59.5437678, 42.4813827], [59.5446921, 42.4799253], [59.5452531, 42.4790179], [59.5457312, 42.4780024], [59.5459288, 42.4779742], [59.5478603, 42.4767518], [59.5489376, 42.4761406], [59.5492181, 42.4760371], [59.5495687, 42.4757785], [59.5503209, 42.474857], [59.5505122, 42.4742317], [59.5508628, 42.4734794], [59.5509201, 42.4731455], [59.5508373, 42.4726001], [59.5523489, 42.47092], [59.5534126, 42.4695156], [59.5547322, 42.4682177], [59.5539864, 42.4677569], [59.5546238, 42.467155], [59.5547832, 42.4672538], [59.5558159, 42.4660123], [59.5553952, 42.4658901], [59.5551912, 42.4657772], [59.5551784, 42.4655421], [59.5552167, 42.4643241], [59.5555354, 42.4633789], [59.5556756, 42.463085], [59.5562749, 42.4620904], [59.5565235, 42.4615754], [59.556482, 42.4615072], [59.5557139, 42.4614038], [59.555376, 42.461265], [59.5562693, 42.4589169], [59.5571418, 42.4590711], [59.5580725, 42.4563057], [59.5589504, 42.4550458], [59.5590032, 42.45497], [59.5592454, 42.4530228], [59.5594112, 42.4517153], [59.5597512, 42.4506929], [59.5595642, 42.4501537], [59.5595387, 42.4498056], [59.5594877, 42.4469081], [59.5595514, 42.4465036], [59.5596534, 42.4452711], [59.5595259, 42.4447066], [59.5601251, 42.4439634], [59.5606351, 42.4434459], [59.560971, 42.4433359], [59.5613937, 42.4437047], [59.5634336, 42.4421241], [59.5645045, 42.4414984], [59.5651675, 42.4411879], [59.5660472, 42.4409245], [59.5665954, 42.4406328], [59.567507, 42.4403082], [59.5679532, 42.4400306], [59.5685652, 42.4398754], [59.5708944, 42.4382817], [59.5756155, 42.437048], [59.5796953, 42.4373115], [59.5828061, 42.4376502], [59.5840556, 42.4369915], [59.5835966, 42.4365587], [59.5836986, 42.4362952], [59.5845401, 42.4356366], [59.5858405, 42.4340181], [59.5870644, 42.4314775], [59.5873194, 42.4305365], [59.5875658, 42.4294218], [59.5875362, 42.4261794], [59.5876764, 42.4256524], [59.5876254, 42.4247771], [59.5877529, 42.4240901], [59.587533, 42.4234384], [59.5875202, 42.4232643], [59.5877083, 42.4223349], [59.5874768, 42.4213394], [59.5870517, 42.4206314], [59.5872111, 42.4192808], [59.587039, 42.4191773], [59.5872429, 42.4177561], [59.586784, 42.4163819], [59.585917, 42.4142923], [59.5852585, 42.4122069], [59.5849481, 42.4100565], [59.5850513, 42.4068742], [59.5853305, 42.4063664], [59.58556, 42.40454], [59.586019, 42.4029396], [59.5865545, 42.4025254], [59.5866019, 42.4018836], [59.5882964, 42.3992443], [59.5891769, 42.3972259], [59.5912997, 42.3943871], [59.5919092, 42.3933739], [59.5924192, 42.3929784], [59.5941658, 42.3895227], [59.5945738, 42.3887788], [59.5947523, 42.3883645], [59.5946375, 42.3879784], [59.5945738, 42.3867731], [59.5948925, 42.3861045], [59.5959982, 42.3844276], [59.5962631, 42.3843294], [59.5966583, 42.384367], [59.5971364, 42.3844283], [59.5983327, 42.3841073], [59.5987683, 42.3847955], [59.5990106, 42.3849839], [59.599393, 42.3848709], [59.5998775, 42.3849556], [59.600158, 42.3855866], [59.6009995, 42.3857466], [59.6029246, 42.3858691], [59.6038681, 42.3857749], [59.6066984, 42.3852099], [59.6071446, 42.3852287], [59.6099877, 42.3841175], [59.6116961, 42.3837502], [59.6116196, 42.3813582], [59.6118109, 42.3799926], [59.6124101, 42.376216], [59.6122826, 42.3758958], [59.6124323, 42.3742153], [59.6128818, 42.3725144], [59.6128181, 42.3716667], [59.6121361, 42.3705419], [59.6126587, 42.3703528], [59.6131049, 42.3702162], [59.6131496, 42.3697546], [59.6135703, 42.3695097], [59.616203, 42.3686902], [59.6165575, 42.3685071], [59.6177393, 42.3678048], [59.6189173, 42.366994], [59.6200087, 42.365902], [59.6202254, 42.3653745], [59.6202382, 42.364489], [59.6206632, 42.3633244], [59.6206334, 42.3611259], [59.6203402, 42.359449], [59.6197155, 42.357301], [59.6197282, 42.3569148], [59.6220996, 42.356943], [59.6240415, 42.3568634], [59.6241522, 42.3570373], [59.6250447, 42.3569336], [59.6255164, 42.3570373], [59.6258222, 42.3568809], [59.6262049, 42.3565191], [59.6266766, 42.3561799], [59.6284023, 42.3560671], [59.6296727, 42.3558879], [59.632758, 42.3550776], [59.6343644, 42.3544558], [59.6361801, 42.354606], [59.6375517, 42.3543993], [59.6383422, 42.3544746], [59.6405351, 42.3544935], [59.6414785, 42.354908], [59.6430594, 42.3553791], [59.6470966, 42.3586928], [59.6486181, 42.3588838], [59.6499696, 42.3588838], [59.6529019, 42.3597128], [59.6551968, 42.3611825], [59.6571347, 42.3623129], [59.6578231, 42.3631231], [59.6640126, 42.389031], [59.6661783, 42.3982565], [59.6701076, 42.4147546], [59.6712609, 42.4197138], [59.6731733, 42.4251536], [59.6726889, 42.4248618], [59.6718092, 42.4256429], [59.6735048, 42.4267535], [59.6766578, 42.4444948], [59.6801595, 42.4656583], [59.6801982, 42.4663415], [59.6796981, 42.4682416], [59.6787881, 42.4695674], [59.6772525, 42.4716978], [59.674007, 42.4758016], [59.6735777, 42.4769713], [59.6732752, 42.4777463], [59.6727377, 42.4788047], [59.6722144, 42.4792883], [59.6715938, 42.4798631], [59.6703325, 42.4808214], [59.6699377, 42.4812575], [59.6628829, 42.490561], [59.6622137, 42.4912819], [59.6617627, 42.4919738], [59.661309, 42.4925021], [59.6585886, 42.4963278], [59.6559595, 42.4996505], [59.651372, 42.5055568], [59.6500988, 42.5071656], [59.6476139, 42.510428], [59.6420751, 42.5149203], [59.6386618, 42.5176367], [59.6390307, 42.5176497], [59.6392219, 42.5177178], [59.6395056, 42.5178212], [59.6397383, 42.5178729], [59.6409941, 42.5205745], [59.6415805, 42.5212323], [59.6421415, 42.5218806], [59.6428427, 42.5226511], [59.6435184, 42.523572], [59.6444746, 42.5247371], [59.6451758, 42.5263438], [59.6452141, 42.5266727], [59.6463615, 42.5279787], [59.6473687, 42.5294631], [59.6474962, 42.5297732], [59.6483632, 42.5313328], [59.6489624, 42.5319247], [59.649404, 42.5322543], [59.6501736, 42.5340385], [59.650964, 42.5352316], [59.6513083, 42.5355886], [59.6516052, 42.5363262], [59.6380745, 42.5408211], [59.6252614, 42.5452266], [59.6246055, 42.5454451], [59.6262303, 42.5471897], [59.6275941, 42.5491725], [59.6278857, 42.5495073], [59.6281937, 42.5497069], [59.6286017, 42.550308], [59.6288312, 42.551003], [59.6295643, 42.55244], [59.629781, 42.5528297], [59.6299787, 42.5538018], [59.6301635, 42.5542479], [59.6303675, 42.5545108], [59.6303675, 42.5546329], [59.6301826, 42.5548207], [59.6298894, 42.5549569], [59.6296535, 42.5549992], [59.6294177, 42.5549569], [59.6290798, 42.5549006], [59.6293157, 42.5556613], [59.6290033, 42.5568211], [59.6284487, 42.5568728], [59.6275754, 42.5570324], [59.6268806, 42.5570747], [59.6257714, 42.5570042], [59.625408, 42.5570512], [59.6251849, 42.5572015], [59.6244072, 42.5573423], [59.6235275, 42.5572202], [59.6221633, 42.5576147], [59.6211306, 42.5585162], [59.6178541, 42.5570982], [59.6145449, 42.5558041], [59.6106889, 42.5549475], [59.6094268, 42.5546], [59.6084706, 42.5543559], [59.6064548, 42.5540945], [59.6044617, 42.5541478], [59.6035876, 42.5540459], [59.6027023, 42.5538085], [59.6004385, 42.5530128], [59.5999752, 42.5526319], [59.5993696, 42.5518756], [59.5989213, 42.5508433], [59.5979626, 42.5499929], [59.5963633, 42.5485349], [59.5948237, 42.547094], [59.5940883, 42.5462267], [59.5936304, 42.5456868], [59.5928144, 42.5448884], [59.5925325, 42.5443429], [59.5920557, 42.5432078], [59.5921859, 42.5422479], [59.5922386, 42.5411382], [59.5920349, 42.5405997], [59.5914548, 42.5398136], [59.590126, 42.539058], [59.5886114, 42.5383004], [59.5882119, 42.537862], [59.5878843, 42.5372814], [59.5878828, 42.53645], [59.5886709, 42.5351283], [59.5895173, 42.533962], [59.5898183, 42.5329299], [59.589944, 42.53234], [59.5898566, 42.5317368], [59.5893721, 42.530506], [59.5888239, 42.5281572], [59.5889131, 42.5276122], [59.5887219, 42.5264847], [59.5888111, 42.5261841], [59.5886709, 42.5248311], [59.5884565, 42.5218121], [59.5881206, 42.5202934], [59.5875489, 42.5170695], [59.5873856, 42.5167473], [59.5877529, 42.5159042], [59.5877402, 42.5152558], [59.5871664, 42.5150396], [59.586478, 42.5152652], [59.585458, 42.5156692], [59.5853178, 42.5149644], [59.5854963, 42.5135736], [59.5858825, 42.5125637], [59.5867097, 42.5103564], [59.5867911, 42.5097317], [59.5869115, 42.5074084], [59.5870007, 42.5066847], [59.5870682, 42.5043575], [59.5873258, 42.504349], [59.5878422, 42.504255], [59.5887107, 42.5039861], [59.5892482, 42.49889], [59.5775923, 42.4992582], [59.5768395, 42.4988738], [59.5762193, 42.4905224], [59.5784459, 42.4904227], [59.584729, 42.4901065], [59.5847352, 42.4898737], [59.5854708, 42.4898586], [59.586733, 42.4897552], [59.5896714, 42.4896327], [59.5902327, 42.4882462], [59.5905228, 42.4869285], [59.5907139, 42.4862779], [59.5908064, 42.4860744], [59.5922522, 42.4839538], [59.5911187, 42.4835453], [59.5905131, 42.4833196], [59.5899901, 42.482825], [59.5884553, 42.4823865], [59.5877934, 42.4820469], [59.5829719, 42.480654], [59.5808173, 42.4799958], [59.5803328, 42.4797937], [59.5783969, 42.4791936], [59.577171, 42.4789098], [59.5762763, 42.4787502], [59.5751591, 42.4791139], [59.5714147, 42.4804519], [59.5647881, 42.4827397], [59.5647547, 42.4832613], [59.5645938, 42.4832726], [59.5632392, 42.483322], [59.5629874, 42.4833431], [59.5623435, 42.4833737], [59.561697, 42.4833467], [59.5612248, 42.4833267], [59.560157, 42.4833737], [59.5598128, 42.4833455], [59.5591562, 42.4833619], [59.557537, 42.483376], [59.5564502, 42.483416], [59.5550446, 42.4834254], [59.5542923, 42.4834607], [59.5527107, 42.483482], [59.5486093, 42.4835852], [59.5476372, 42.4836628], [59.5444371, 42.4837474], [59.5439845, 42.4837615], [59.5432961, 42.4839214], [59.5427808, 42.4840946], [59.543227, 42.4830245]]]]}}, {"type": "Feature", "properties": {"name_uz": "Chimboy", "name_en": "Chimbay", "name_ru": "Чимбай", "osm_name": "Shımbay", "osm_id": 888538221, "osm_type": "way", "place": "town", "admin_level": null, "source": "overpass", "bbox": [59.743137, 42.899374, 59.814276, 42.958375]}, "geometry": {"type": "Polygon", "coordinates": [[[59.7485447, 42.9233562], [59.7473645, 42.9261687], [59.7454333, 42.931102], [59.7431373, 42.9389569], [59.7439313, 42.9453029], [59.7442317, 42.9469521], [59.7531903, 42.9483343], [59.7550357, 42.9477218], [59.7565001, 42.9468422], [59.7632757, 42.9423071], [59.7640556, 42.9428102], [59.7645094, 42.9433108], [59.7640615, 42.9439637], [59.762841, 42.944793], [59.7621045, 42.9451702], [59.7589731, 42.9476746], [59.7592009, 42.949879], [59.7598653, 42.9583753], [59.7640908, 42.9576422], [59.7670177, 42.9570715], [59.7699039, 42.95593], [59.7692503, 42.9499056], [59.7693291, 42.9484609], [59.7701263, 42.948956], [59.7738291, 42.9480167], [59.7760381, 42.947453], [59.7781186, 42.9469549], [59.7788194, 42.9469148], [59.7820542, 42.9464343], [59.7831588, 42.9459179], [59.7852576, 42.9480672], [59.7911959, 42.9459727], [59.7944247, 42.9448927], [59.7960311, 42.9443492], [59.7973128, 42.9440189], [59.7982901, 42.9438893], [59.8044528, 42.9436158], [59.8057518, 42.9435732], [59.8065585, 42.9433479], [59.8068452, 42.9431353], [59.8075157, 42.9427544], [59.8081917, 42.9422242], [59.8087013, 42.9417294], [59.8091519, 42.9408655], [59.809404, 42.94019], [59.8094496, 42.9391474], [59.8094255, 42.9384738], [59.809463, 42.9326338], [59.8095274, 42.9316598], [59.8095368, 42.9277787], [59.8094303, 42.9266349], [59.809124, 42.9258261], [59.8083134, 42.9241911], [59.8142756, 42.9224251], [59.8139906, 42.9219577], [59.8118663, 42.9195221], [59.8097634, 42.9170393], [59.8073172, 42.9141321], [59.8063516, 42.9129692], [59.8045492, 42.9104822], [59.8041898, 42.9095274], [59.8036319, 42.9082112], [59.8020816, 42.9042072], [59.8007941, 42.9006864], [59.7989595, 42.9009772], [59.7984981, 42.9010872], [59.7979349, 42.9008436], [59.7956765, 42.9013387], [59.7951615, 42.9013466], [59.7947645, 42.9006707], [59.7941771, 42.9000812], [59.7937533, 42.8998337], [59.7931686, 42.8996254], [59.7927421, 42.8995763], [59.7913983, 42.8995625], [59.7907197, 42.8996234], [59.7902369, 42.8995782], [59.788861, 42.899478], [59.7867447, 42.8993739], [59.7849905, 42.8994328], [59.7825873, 42.8996647], [59.7786605, 42.9000144], [59.7776145, 42.9001362], [59.7763109, 42.9002934], [59.774884, 42.9005331], [59.773398, 42.9009182], [59.7663599, 42.9028751], [59.7655445, 42.9030795], [59.7650832, 42.9033074], [59.7648042, 42.9035078], [59.7652119, 42.9043251], [59.7658235, 42.9058576], [59.7665852, 42.9077672], [59.767288, 42.9094449], [59.7673738, 42.9106825], [59.7674328, 42.912097], [59.7673577, 42.9128906], [59.7674489, 42.9142657], [59.7674882, 42.9155755], [59.7679595, 42.9170651], [59.7683072, 42.9180717], [59.7691885, 42.9201977], [59.7694937, 42.9208155], [59.7695304, 42.9215759], [59.7693897, 42.9220982], [59.7675048, 42.9222701], [59.7663211, 42.9224978], [59.7658984, 42.9223835], [59.7644207, 42.9179226], [59.7631475, 42.9182952], [59.762299, 42.9186264], [59.7541237, 42.9217063], [59.749918, 42.9229948], [59.7485447, 42.9233562]]]}}, {"type": "Feature", "properties": {"name_uz": "To'rtko'l", "name_en": "Turtkul", "name_ru": "Турткул", "osm_name": "Tórtkúl", "osm_id": 173162672, "osm_type": "way", "place": "town", "admin_level": null, "source": "overpass", "bbox": [60.952036, 41.541351, 61.036093, 41.583691]}, "geometry": {"type": "Polygon", "coordinates": [[[60.9665983, 41.5558244], [60.9633634, 41.5572852], [60.9596136, 41.5591359], [60.9569596, 41.5603591], [60.9556039, 41.5612858], [60.9546369, 41.5628743], [60.9520357, 41.5673584], [60.9520597, 41.5675807], [60.9537188, 41.5670945], [60.9534084, 41.5704264], [60.9533741, 41.5711956], [60.9587685, 41.5711099], [60.9592389, 41.5756618], [60.9647707, 41.5747603], [60.96817, 41.5796067], [60.9701708, 41.5834631], [60.971362, 41.5834558], [60.9739478, 41.5836914], [60.9740769, 41.5835306], [60.9714505, 41.5780997], [60.9680141, 41.5719831], [60.9709519, 41.571042], [60.9715385, 41.5719522], [60.9738138, 41.5711866], [60.9742288, 41.5718634], [60.9755208, 41.5745641], [60.9759872, 41.5742926], [60.9769773, 41.5765086], [60.9786247, 41.576348], [60.9780531, 41.5738306], [60.9790926, 41.5736097], [60.9788433, 41.5721117], [60.9821567, 41.5715453], [60.9957933, 41.5695537], [60.998295, 41.5693238], [60.9999185, 41.5693596], [61.002936, 41.5692303], [61.004231, 41.5692522], [61.0084385, 41.5710973], [61.0148019, 41.5727701], [61.0267408, 41.5716418], [61.0251308, 41.5685145], [61.0267576, 41.5681455], [61.0259156, 41.5657838], [61.0270203, 41.5641152], [61.0293699, 41.5651053], [61.0296329, 41.5652253], [61.0305407, 41.5637066], [61.0310919, 41.5626703], [61.0266088, 41.560637], [61.0278828, 41.5584497], [61.0290486, 41.5588036], [61.0309519, 41.5568826], [61.0311494, 41.5566917], [61.0305241, 41.5562228], [61.0322625, 41.5536953], [61.0308355, 41.5525874], [61.0314784, 41.5517054], [61.0352323, 41.5467926], [61.0351164, 41.5462592], [61.0352196, 41.5460749], [61.0355864, 41.5457068], [61.0360932, 41.545095], [61.0359244, 41.5429833], [61.0358991, 41.5420652], [61.0322264, 41.5416033], [61.0309861, 41.5415366], [61.023291, 41.5415159], [61.0155839, 41.5415673], [61.0074255, 41.5415384], [61.0040513, 41.5414919], [60.9957583, 41.5414514], [60.9931323, 41.5413603], [60.9897083, 41.5413509], [60.9893416, 41.5413846], [60.9885896, 41.5414179], [60.9879989, 41.5415317], [60.9844389, 41.5426891], [60.9807308, 41.5446107], [60.9801772, 41.5448571], [60.9773929, 41.5457281], [60.9747648, 41.5466609], [60.9742808, 41.5469409], [60.9739731, 41.5471425], [60.9737816, 41.5473766], [60.9734437, 41.5476944], [60.9727051, 41.5486838], [60.9716208, 41.5521395], [60.9712778, 41.5528092], [60.9702356, 41.5539657], [60.9693685, 41.5544528], [60.9665983, 41.5558244]]]}}, {"type": "Feature", "properties": {"name_uz": "Beruniy", "name_en": "Beruniy", "name_ru": "Беруний", "osm_name": "Beruniy", "osm_id": 173133221, "osm_type": "way", "place": "town", "admin_level": null, "source": "overpass", "bbox": [60.694735, 41.667056, 60.785831, 41.721728]}, "geometry": {"type": "Polygon", "coordinates": [[[60.7485091, 41.6671702], [60.7490942, 41.6682679], [60.7495191, 41.6701296], [60.7501163, 41.6714317], [60.7518227, 41.6746766], [60.7526748, 41.6761611], [60.7693096, 41.6746958], [60.7703472, 41.6737072], [60.7734715, 41.6773227], [60.7751904, 41.6769604], [60.775566, 41.6776224], [60.7763028, 41.6793587], [60.7777722, 41.6826171], [60.778344, 41.682618], [60.778918, 41.6825779], [60.7791916, 41.6825579], [60.7794893, 41.6825278], [60.7797575, 41.6824898], [60.7800195, 41.6824294], [60.7810473, 41.6820439], [60.7819512, 41.6815511], [60.7829256, 41.680652], [60.7839413, 41.6814973], [60.7821774, 41.6829995], [60.7809405, 41.6841272], [60.7793472, 41.6847247], [60.7852998, 41.6893425], [60.7858308, 41.689722], [60.7836233, 41.692084], [60.7800405, 41.6946587], [60.7730412, 41.6998491], [60.7719469, 41.6996728], [60.7711341, 41.699389], [60.7674008, 41.7023696], [60.7652052, 41.7039803], [60.7630669, 41.7056195], [60.758267, 41.7093153], [60.7579988, 41.7094478], [60.7578086, 41.7092357], [60.7557942, 41.7068072], [60.7555125, 41.7068894], [60.7550474, 41.7070483], [60.7482234, 41.7083877], [60.7461611, 41.7090837], [60.7435785, 41.7097246], [60.7431337, 41.7094133], [60.7416821, 41.7092885], [60.7414071, 41.7086275], [60.7420415, 41.7046821], [60.7421822, 41.7040198], [60.7419832, 41.7039282], [60.7382438, 41.7041393], [60.7361239, 41.7040201], [60.7346885, 41.7039837], [60.7342824, 41.7044843], [60.7339558, 41.7044702], [60.7333249, 41.7044575], [60.7258507, 41.7049809], [60.7256492, 41.7034306], [60.7254149, 41.7030491], [60.7184229, 41.7051111], [60.7173152, 41.7054673], [60.7160805, 41.7044551], [60.7086968, 41.7105159], [60.7059323, 41.7128394], [60.694998, 41.7217279], [60.6947353, 41.7216072], [60.6958408, 41.7199089], [60.7031378, 41.7096345], [60.706257, 41.7063163], [60.7118157, 41.7013347], [60.7139083, 41.6991194], [60.7159394, 41.6965616], [60.7176681, 41.6944727], [60.7184954, 41.6930496], [60.7186759, 41.6924199], [60.7193714, 41.6899531], [60.7197032, 41.6891029], [60.7202597, 41.6885421], [60.720427, 41.6884049], [60.7192175, 41.6878332], [60.7167, 41.6871333], [60.7163379, 41.687091], [60.7147346, 41.6872896], [60.7151826, 41.6851125], [60.7152446, 41.6837221], [60.7152769, 41.683718], [60.7155401, 41.6825813], [60.7177567, 41.6829228], [60.719227, 41.6828432], [60.7194004, 41.6827731], [60.7187102, 41.6818295], [60.7180963, 41.6807821], [60.7177147, 41.6797703], [60.7169651, 41.6755413], [60.7200817, 41.6743124], [60.7195303, 41.6732893], [60.7194351, 41.6728398], [60.7203007, 41.6728627], [60.7214023, 41.6728147], [60.7218524, 41.6727479], [60.7227997, 41.6726514], [60.7240994, 41.6726701], [60.7251783, 41.67311], [60.7254091, 41.6735547], [60.7281525, 41.6743396], [60.7288945, 41.6742636], [60.7298429, 41.6742832], [60.7314724, 41.6739015], [60.7336652, 41.6734978], [60.7362431, 41.672898], [60.736963, 41.6726343], [60.7386904, 41.6723969], [60.7405371, 41.67233], [60.7420236, 41.6723268], [60.7440144, 41.6718672], [60.7445551, 41.6713795], [60.7456201, 41.669855], [60.7465312, 41.6689681], [60.7467677, 41.6685219], [60.7480321, 41.6675522], [60.7483495, 41.6670562], [60.7485091, 41.6671702]]]}}, {"type": "Feature", "properties": {"name_uz": "Taxiatosh", "name_en": "Takhiatash", "name_ru": "Тахиаташ", "osm_name": "Taqıyatas", "osm_id": 255652945, "osm_type": "way", "place": "town", "admin_level": null, "source": "overpass", "bbox": [59.547083, 42.304535, 59.622157, 42.361979]}, "geometry": {"type": "Polygon", "coordinates": [[[59.5535071, 42.3469901], [59.5524048, 42.3472906], [59.552105, 42.344907], [59.5508231, 42.3397096], [59.5543855, 42.3380333], [59.5530826, 42.333488], [59.5514615, 42.3259328], [59.5509508, 42.3235772], [59.5501348, 42.3202793], [59.5491455, 42.3159221], [59.5479195, 42.3099868], [59.5470826, 42.3060549], [59.5482202, 42.3053043], [59.5487982, 42.3045346], [59.5549575, 42.3061249], [59.5555163, 42.3073776], [59.555835, 42.3090377], [59.5564677, 42.3096451], [59.5572271, 42.3125231], [59.5578876, 42.312795], [59.5615442, 42.3125787], [59.5626843, 42.3142387], [59.5651428, 42.3199977], [59.5652682, 42.3210895], [59.5657712, 42.3221979], [59.5682542, 42.3233516], [59.5710111, 42.3251405], [59.5752058, 42.3254862], [59.5782902, 42.3248852], [59.5788567, 42.324327], [59.5777005, 42.3225341], [59.5805726, 42.3205725], [59.5827494, 42.3220578], [59.5838107, 42.3214094], [59.5883785, 42.3209622], [59.5912576, 42.3205845], [59.5940415, 42.3184067], [59.5952886, 42.3177793], [59.5964048, 42.3169045], [59.5974938, 42.3161464], [59.5986539, 42.3155437], [59.5993385, 42.3142713], [59.6015656, 42.3134483], [59.6035694, 42.3115012], [59.6072366, 42.3096878], [59.6098012, 42.3091407], [59.6149101, 42.3071529], [59.6183638, 42.3060725], [59.6192786, 42.3071036], [59.620108, 42.3086675], [59.6203901, 42.3108693], [59.6212461, 42.3110254], [59.6216328, 42.3116985], [59.6221573, 42.3141776], [59.6159008, 42.3176686], [59.6145964, 42.3214497], [59.6189989, 42.3235431], [59.6191165, 42.3250391], [59.6150299, 42.3287921], [59.6117744, 42.328381], [59.609825, 42.3275792], [59.6055228, 42.3340151], [59.6061294, 42.3341916], [59.6106162, 42.3385824], [59.607658, 42.341904], [59.6075338, 42.3479646], [59.6074045, 42.3495974], [59.6078596, 42.3515751], [59.6089128, 42.3535615], [59.6114087, 42.3563548], [59.6109502, 42.3567006], [59.6069037, 42.3583134], [59.5992195, 42.3619794], [59.5955495, 42.3611242], [59.5948273, 42.361608], [59.5935818, 42.3613696], [59.5926261, 42.3604324], [59.5896224, 42.3595196], [59.584034, 42.3579409], [59.579837, 42.3570074], [59.5763277, 42.3569983], [59.5747426, 42.3570349], [59.5720498, 42.3572461], [59.5692261, 42.3573879], [59.5594058, 42.3582824], [59.5583306, 42.3556981], [59.5603815, 42.3540576], [59.5570249, 42.3536181], [59.5571269, 42.3502038], [59.5559335, 42.3499745], [59.5535071, 42.3469901]]]}}, {"type": "Feature", "properties": {"name_uz": "Qo'ng'irot", "name_en": "Kungrad", "name_ru": "Кунград", "osm_name": "Qońırat", "osm_id": 253277785, "osm_type": "way", "place": "town", "admin_level": null, "source": "overpass", "bbox": [58.818571, 43.017946, 58.88482, 43.074569]}, "geometry": {"type": "Polygon", "coordinates": [[[58.8799219, 43.0701415], [58.8828104, 43.0700448], [58.88482, 43.0677298], [58.8798971, 43.0673518], [58.8757186, 43.0667173], [58.8783475, 43.0627451], [58.8796446, 43.0604135], [58.880469, 43.058543], [58.8777686, 43.0548221], [58.8794612, 43.0530285], [58.8781215, 43.0514283], [58.8785337, 43.0503363], [58.8799764, 43.0482465], [58.8809039, 43.0472298], [58.8730718, 43.0418449], [58.8695486, 43.045652], [58.8656557, 43.0509218], [58.8651758, 43.0525861], [58.8626138, 43.0564285], [58.8591916, 43.0537799], [58.858749, 43.0524055], [58.8583526, 43.0513274], [58.859525, 43.0510269], [58.8605566, 43.0493858], [58.8605208, 43.0490727], [58.861398, 43.0466559], [58.863506, 43.045897], [58.8647302, 43.0451257], [58.8669427, 43.0427093], [58.8685347, 43.0415342], [58.8706362, 43.0408244], [58.8713931, 43.0394585], [58.8601925, 43.0297696], [58.859926, 43.0284604], [58.8559649, 43.0244252], [58.8395278, 43.0179458], [58.8381623, 43.0188499], [58.8365908, 43.0250468], [58.8326489, 43.0253105], [58.8276323, 43.0312523], [58.8247138, 43.0312619], [58.8185712, 43.0388886], [58.8208803, 43.0399468], [58.8244889, 43.0437678], [58.8257742, 43.0451584], [58.8257203, 43.0457355], [58.8258294, 43.0463698], [58.8265057, 43.0475481], [58.8277268, 43.0486859], [58.823294, 43.0508297], [58.8187367, 43.0534144], [58.8197059, 43.0557362], [58.8246768, 43.0606967], [58.8293075, 43.0656708], [58.8335667, 43.0678036], [58.8343785, 43.0696784], [58.8379644, 43.0718021], [58.8443814, 43.0695174], [58.846801, 43.0682152], [58.8470928, 43.0679518], [58.8493802, 43.0693433], [58.8571748, 43.0670055], [58.8572434, 43.0699812], [58.8654766, 43.0716133], [58.8682698, 43.0745689], [58.86913, 43.0742228], [58.8701605, 43.0705341], [58.8738705, 43.0709105], [58.8748309, 43.0693607], [58.8799219, 43.0701415]]]}}, {"type": "Feature", "properties": {"name_uz": "Mo'ynoq", "name_en": "Muynak", "name_ru": "Муйнак", "osm_name": "Moynaq", "osm_id": 185039339, "osm_type": "way", "place": "town", "admin_level": null, "source": "overpass", "bbox": [59.005932, 43.749101, 59.039307, 43.793439]}, "geometry": {"type": "Polygon", "coordinates": [[[59.0150825, 43.7552117], [59.0169489, 43.7534985], [59.0167598, 43.7528369], [59.0166682, 43.7515526], [59.0172554, 43.7511578], [59.0184494, 43.7502018], [59.0188164, 43.7500035], [59.0182345, 43.7495579], [59.0189479, 43.7492114], [59.0191885, 43.7492808], [59.0196183, 43.7491006], [59.0237892, 43.7522724], [59.024422, 43.7526695], [59.0249002, 43.7537385], [59.0253753, 43.7547733], [59.0269474, 43.7556697], [59.0281054, 43.7571348], [59.0298159, 43.7584539], [59.030116, 43.758335], [59.0307084, 43.7586394], [59.0326707, 43.7592305], [59.0350516, 43.7595548], [59.0361585, 43.7598716], [59.0373089, 43.7605841], [59.0381645, 43.7611227], [59.0380433, 43.7613015], [59.0386297, 43.7622535], [59.0390941, 43.7630987], [59.0393067, 43.7642557], [59.0390959, 43.7666432], [59.0374125, 43.7697975], [59.0365484, 43.7708859], [59.0357872, 43.7741167], [59.0356908, 43.7770695], [59.0357388, 43.7783205], [59.0357343, 43.7807313], [59.0355557, 43.7813608], [59.0350803, 43.7820904], [59.0335778, 43.7827025], [59.032185, 43.7838992], [59.031902, 43.7844391], [59.0321382, 43.7856421], [59.0334791, 43.7889582], [59.0335516, 43.7908153], [59.0326467, 43.7921098], [59.0307068, 43.7920897], [59.0259868, 43.7903003], [59.0252812, 43.7901295], [59.0222183, 43.79124], [59.0214853, 43.7904899], [59.01876, 43.7922253], [59.0172335, 43.7922985], [59.013509, 43.7925477], [59.0119338, 43.7921453], [59.0117647, 43.7919561], [59.0097525, 43.7929528], [59.0090865, 43.7927472], [59.0065022, 43.7934394], [59.0059321, 43.7927754], [59.0071565, 43.7919795], [59.0148822, 43.7876831], [59.0163319, 43.7868759], [59.019814, 43.7842181], [59.0242559, 43.7807931], [59.0249928, 43.7788178], [59.0244886, 43.7757466], [59.0239252, 43.7733923], [59.0201015, 43.7654185], [59.0180493, 43.7610889], [59.0150825, 43.7552117]]]}}, {"type": "Feature", "properties": {"name_uz": "Kegeyli", "name_en": "Kegeyli", "name_ru": "Кегейли", "osm_name": "Kegeyli", "osm_id": 174309387, "osm_type": "way", "place": "town", "admin_level": null, "source": "overpass", "bbox": [59.592653, 42.759773, 59.629685, 42.789757]}, "geometry": {"type": "Polygon", "coordinates": [[[59.5983593, 42.7849375], [59.6022078, 42.7841175], [59.6040669, 42.7859352], [59.6070578, 42.7862888], [59.6081551, 42.7875772], [59.610722, 42.7867065], [59.6111397, 42.7860311], [59.6135635, 42.7856331], [59.61474, 42.787586], [59.616678, 42.7893886], [59.6195453, 42.7876582], [59.6217155, 42.7897567], [59.6233232, 42.7888406], [59.6261512, 42.7874129], [59.6292118, 42.785923], [59.6281553, 42.783299], [59.6260567, 42.7798225], [59.6256934, 42.7788269], [59.6228412, 42.7797679], [59.6227934, 42.7795116], [59.6211749, 42.7780779], [59.6246004, 42.7769378], [59.6217108, 42.7742944], [59.623907, 42.7717189], [59.6251156, 42.7709924], [59.623309, 42.7683531], [59.6246936, 42.7675692], [59.6258224, 42.767957], [59.627425, 42.766604], [59.6276845, 42.7663849], [59.6276155, 42.7642658], [59.6296846, 42.7622532], [59.6251285, 42.7602233], [59.6240733, 42.7616133], [59.6223663, 42.7604512], [59.6201938, 42.7617272], [59.6210628, 42.7641197], [59.6188536, 42.7644564], [59.6197563, 42.7659143], [59.6183484, 42.766552], [59.6179223, 42.7665991], [59.6155316, 42.7665802], [59.6154834, 42.7660535], [59.6156238, 42.7636094], [59.6115934, 42.7634791], [59.6109007, 42.7633202], [59.6077123, 42.7623461], [59.6074451, 42.7631351], [59.6073472, 42.7642068], [59.6066522, 42.7662085], [59.6039793, 42.7654832], [59.6045958, 42.7634921], [59.6040241, 42.7625703], [59.6033802, 42.7597727], [59.60011, 42.7597944], [59.5998214, 42.7620013], [59.5997456, 42.7625813], [59.5985197, 42.7630485], [59.5973595, 42.7625918], [59.5955989, 42.763553], [59.5954616, 42.7642157], [59.5933767, 42.7651824], [59.5944521, 42.7666162], [59.5951543, 42.7665035], [59.5956371, 42.7673896], [59.5943643, 42.7684529], [59.5943862, 42.7695967], [59.5950665, 42.7703539], [59.5926534, 42.7713891], [59.5927702, 42.7726004], [59.593542, 42.7738288], [59.5946972, 42.7767113], [59.5950101, 42.7774167], [59.5950188, 42.7775138], [59.5979362, 42.7769443], [59.5988362, 42.7783566], [59.5960098, 42.7817664], [59.5983593, 42.7849375]]]}}, {"type": "Feature", "properties": {"name_uz": "Mang'it", "name_en": "Mangit", "name_ru": "Мангит", "osm_name": "Mańǵıt", "osm_id": 223641513, "osm_type": "way", "place": "town", "admin_level": null, "source": "overpass", "bbox": [60.038883, 42.084352, 60.096696, 42.140483]}, "geometry": {"type": "Polygon", "coordinates": [[[60.0472676, 42.1387601], [60.0509827, 42.1370325], [60.0515528, 42.1351503], [60.0550841, 42.1344456], [60.0556929, 42.1374883], [60.0523003, 42.1393618], [60.0542655, 42.1404826], [60.0581735, 42.138543], [60.0584125, 42.1382337], [60.0583039, 42.1367321], [60.0604111, 42.1355059], [60.0631259, 42.1350008], [60.0637944, 42.1400524], [60.065618, 42.139919], [60.0655979, 42.1394391], [60.068163, 42.1390703], [60.0686973, 42.140076], [60.0723311, 42.1372076], [60.0883769, 42.1167931], [60.0918254, 42.1099032], [60.0934124, 42.107313], [60.0879836, 42.1055618], [60.0867605, 42.1060713], [60.0828686, 42.1039209], [60.0893783, 42.0996075], [60.0926009, 42.1017582], [60.0949489, 42.1024501], [60.0966964, 42.098989], [60.0950003, 42.0973945], [60.0940088, 42.0967601], [60.0889322, 42.0925327], [60.0884428, 42.0916528], [60.0878811, 42.0899079], [60.0860219, 42.0857518], [60.0795748, 42.0843521], [60.0788106, 42.0864498], [60.078536, 42.0879155], [60.0790547, 42.0897141], [60.0770834, 42.0930983], [60.0761527, 42.0945025], [60.0719059, 42.0931864], [60.063148, 42.0923378], [60.0531459, 42.0945306], [60.0502712, 42.0976667], [60.0437152, 42.1001154], [60.0426254, 42.1011413], [60.041234, 42.104273], [60.0406894, 42.1116895], [60.0395937, 42.1184962], [60.0439763, 42.1245911], [60.0439052, 42.1257486], [60.0388827, 42.1282646], [60.0401974, 42.1307503], [60.0408945, 42.1302966], [60.0472676, 42.1387601]]]}}, {"type": "Feature", "properties": {"name_uz": "Xo'jayli", "name_en": "Khodjeyli", "name_ru": "Ходжейли", "osm_name": "Xojeli", "osm_id": 273457023, "osm_type": "way", "place": "town", "admin_level": null, "source": "overpass", "bbox": [59.404378, 42.387477, 59.506884, 42.442318]}, "geometry": {"type": "Polygon", "coordinates": [[[59.4772381, 42.4006234], [59.480257, 42.4033385], [59.4824636, 42.405323], [59.4839551, 42.4069659], [59.4903073, 42.4139629], [59.4944618, 42.4182236], [59.5010667, 42.4131903], [59.5068839, 42.4169252], [59.4990225, 42.4235736], [59.4986021, 42.4239907], [59.4935356, 42.4274389], [59.4934708, 42.428321], [59.492929, 42.4308579], [59.4904482, 42.4303576], [59.4887458, 42.4315756], [59.4867583, 42.4334152], [59.4847218, 42.4348992], [59.4816671, 42.4362323], [59.4804, 42.4365595], [59.4790661, 42.4380693], [59.4786124, 42.4423183], [59.4681628, 42.437845], [59.4666769, 42.4397157], [59.4633718, 42.4384846], [59.4633992, 42.4356518], [59.4632326, 42.4329289], [59.456953, 42.4313295], [59.4566689, 42.4301037], [59.4551611, 42.4295715], [59.4511186, 42.4322327], [59.4506378, 42.4322811], [59.4491519, 42.4318617], [59.4475786, 42.4309747], [59.445896, 42.4322004], [59.4453073, 42.4322076], [59.4403004, 42.4314048], [59.4377672, 42.4284908], [59.4358491, 42.4241656], [59.4360397, 42.4224233], [59.4366445, 42.4211646], [59.4372865, 42.4204258], [59.4346731, 42.4191897], [59.4331566, 42.4189256], [59.431474, 42.4191191], [59.429521, 42.4187587], [59.4292014, 42.4186997], [59.4258066, 42.4183552], [59.4251589, 42.4181028], [59.4223128, 42.4169353], [59.414204, 42.4208586], [59.4124477, 42.4187015], [59.4112394, 42.4167316], [59.4088139, 42.4149571], [59.4060695, 42.4121971], [59.404378, 42.4106656], [59.4074297, 42.4070931], [59.4086305, 42.4054061], [59.4097075, 42.4037061], [59.4119168, 42.4000488], [59.4144515, 42.3980962], [59.4167622, 42.3963232], [59.4223291, 42.3920365], [59.4262405, 42.3890347], [59.4266885, 42.3887603], [59.4271037, 42.3884859], [59.4281369, 42.3879754], [59.4297914, 42.3874772], [59.4390565, 42.3877355], [59.4473435, 42.3882157], [59.447723, 42.3882971], [59.4507764, 42.3894259], [59.4536428, 42.390643], [59.4537826, 42.3907178], [59.4553975, 42.3917437], [59.4575395, 42.3922347], [59.4602264, 42.3928149], [59.4662881, 42.3939683], [59.4672904, 42.394159], [59.4682284, 42.3943927], [59.4697309, 42.3946421], [59.4750777, 42.3957393], [59.4757672, 42.3957079], [59.4772381, 42.4006234]]]}}, {"type": "Feature", "properties": {"name_uz": "Qorao'zak", "name_en": "Karauzak", "name_ru": "Карауузак", "osm_name": "Qaraózek", "osm_id": 168387543, "osm_type": "way", "place": "town", "admin_level": null, "source": "overpass", "bbox": [59.993623, 43.008475, 60.037321, 43.042573]}, "geometry": {"type": "Polygon", "coordinates": [[[60.0089048, 43.0409129], [60.0122005, 43.0397065], [60.0179878, 43.036731], [60.0199217, 43.0376495], [60.0214635, 43.0399273], [60.0229156, 43.0425734], [60.0261477, 43.0424103], [60.0274776, 43.0425419], [60.0286291, 43.0419357], [60.0291942, 43.0414405], [60.0329607, 43.0348817], [60.0373211, 43.0321152], [60.0356124, 43.027194], [60.0351349, 43.0258185], [60.0308338, 43.0206314], [60.0276573, 43.0169516], [60.0245314, 43.0132855], [60.0244392, 43.010864], [60.0230605, 43.0084746], [60.0174456, 43.0090769], [60.0153557, 43.0098326], [60.0144129, 43.0108501], [60.0118746, 43.0118243], [60.0101608, 43.0094644], [60.0080204, 43.0103844], [60.0040646, 43.0130492], [60.000934, 43.0155126], [60.0019691, 43.0165423], [59.9979835, 43.0181009], [59.9936228, 43.0202852], [59.9939502, 43.0232545], [59.9941509, 43.0255614], [59.9945889, 43.0272645], [59.9968531, 43.0279665], [59.997438, 43.0288632], [59.9997831, 43.0324006], [60.0026493, 43.0323107], [60.0031573, 43.0349549], [60.0050457, 43.0387422], [60.0089048, 43.0409129]]]}}, {"type": "Feature", "properties": {"name_uz": "Shumanay", "name_en": "Shumanay", "name_ru": "Шуманай", "osm_name": "Shomanay", "osm_id": 132788962, "osm_type": "way", "place": "town", "admin_level": null, "source": "overpass", "bbox": [58.905537, 42.623918, 58.955877, 42.65462]}, "geometry": {"type": "Polygon", "coordinates": [[[58.9082796, 42.6412068], [58.9085626, 42.6387576], [58.908391, 42.6377079], [58.9079682, 42.6368796], [58.907479, 42.6370922], [58.9061228, 42.6352154], [58.9075649, 42.6346375], [58.9065134, 42.6330905], [58.9060199, 42.6317012], [58.9055871, 42.6299034], [58.9055371, 42.6294989], [58.9064813, 42.6283149], [58.9104402, 42.6281807], [58.9107027, 42.6282723], [58.9117062, 42.6303515], [58.9122534, 42.6315907], [58.9127584, 42.6314934], [58.9169864, 42.6302879], [58.9167304, 42.6298782], [58.9217948, 42.6284912], [58.9227247, 42.6281333], [58.9229822, 42.6274307], [58.9232443, 42.6267213], [58.9236397, 42.6260101], [58.9242375, 42.6256704], [58.9254273, 42.6253216], [58.928237, 42.6242733], [58.9301771, 42.6245249], [58.9311361, 42.6239178], [58.9318871, 42.6245415], [58.9333999, 42.6240994], [58.9343518, 42.6260772], [58.9364595, 42.626374], [58.9368331, 42.6272255], [58.9372301, 42.6290174], [58.9377558, 42.6305093], [58.9384547, 42.6303785], [58.9386248, 42.6304856], [58.9397299, 42.6327905], [58.9402449, 42.6326327], [58.9447671, 42.630789], [58.9488816, 42.6287806], [58.9491389, 42.6289181], [58.9503086, 42.628599], [58.9509588, 42.6291684], [58.9512767, 42.6301133], [58.9510918, 42.6318118], [58.9514065, 42.6336122], [58.9515638, 42.6345428], [58.9518461, 42.635233], [58.9537525, 42.6351506], [58.9555981, 42.6353117], [58.9554691, 42.6366818], [58.9558768, 42.6371317], [58.9557933, 42.6380865], [58.9557781, 42.6393145], [58.9551687, 42.6394048], [58.9539456, 42.6394206], [58.9541924, 42.640857], [58.9533741, 42.6415207], [58.9533126, 42.6426722], [58.9516067, 42.6429563], [58.9513492, 42.6423565], [58.9484954, 42.6433903], [58.9478087, 42.6421986], [58.9448403, 42.6427127], [58.9451282, 42.6444057], [58.9432061, 42.6465234], [58.9399874, 42.6468311], [58.9395797, 42.6482043], [58.936758, 42.648149], [58.9365435, 42.6468233], [58.9365005, 42.6454975], [58.9365843, 42.6442574], [58.9367151, 42.6424749], [58.936035, 42.6425496], [58.9343011, 42.6427669], [58.9323622, 42.6430026], [58.930546, 42.644582], [58.9296019, 42.6457184], [58.9280677, 42.645316], [58.9278338, 42.6439007], [58.9262802, 42.6443323], [58.9263028, 42.6450515], [58.9251816, 42.6455922], [58.924967, 42.6462708], [58.9237654, 42.6466496], [58.9234543, 42.6461209], [58.9223979, 42.6464449], [58.9213514, 42.6466812], [58.9219201, 42.6477781], [58.9224565, 42.6489934], [58.9222634, 42.64953], [58.9221024, 42.6501218], [58.922714, 42.6505637], [58.9231861, 42.6510845], [58.922564, 42.6515454], [58.9203215, 42.6544381], [58.9179718, 42.6546196], [58.9156034, 42.651675], [58.9137769, 42.649238], [58.9137983, 42.6486383], [58.9138305, 42.6480464], [58.9127684, 42.6471152], [58.9129722, 42.6469258], [58.9131385, 42.6467798], [58.9126879, 42.64633], [58.9117058, 42.6453672], [58.9104027, 42.644219], [58.90948, 42.643927], [58.9085627, 42.643414], [58.908093, 42.6428396], [58.9082569, 42.6422657], [58.9082515, 42.641366], [58.9082796, 42.6412068]]]}}, {"type": "Feature", "properties": {"name_uz": "Ellikqal'a", "name_en": "Ellikkala", "name_ru": "Элликкала", "osm_name": "Ellikqala", "osm_id": 441112932, "osm_type": "way", "place": "village", "admin_level": null, "source": "overpass", "bbox": [60.912121, 41.817695, 60.94515, 41.831829]}, "geometry": {"type": "Polygon", "coordinates": [[[60.9121209, 41.8243849], [60.9130192, 41.8221024], [60.9151456, 41.8176953], [60.9224634, 41.8192465], [60.9218942, 41.8205433], [60.9220412, 41.8205737], [60.9289356, 41.8219975], [60.9451496, 41.8252457], [60.9439727, 41.8293102], [60.9357909, 41.827278], [60.9342404, 41.8308274], [60.9314198, 41.8302567], [60.9310088, 41.8318295], [60.9258187, 41.8303565], [60.9249444, 41.830118], [60.9256663, 41.8274032], [60.9121209, 41.8243849]]]}}, {"type": "Feature", "properties": {"name_uz": "Taxtako'pir", "name_en": "Takhtakupyr", "name_ru": "Тахтакупыр", "osm_name": "Taxtakópir", "osm_id": 168387544, "osm_type": "way", "place": "town", "admin_level": null, "source": "overpass", "bbox": [60.257604, 43.00137, 60.309988, 43.038006]}, "geometry": {"type": "Polygon", "coordinates": [[[60.2704112, 43.0373547], [60.2754693, 43.0375666], [60.2782001, 43.0375343], [60.285055, 43.0380056], [60.2863753, 43.037983], [60.290765, 43.03719], [60.2935818, 43.0362333], [60.3027055, 43.0314125], [60.3044878, 43.0304696], [60.3099879, 43.0275868], [60.3070241, 43.0252421], [60.3064372, 43.0184918], [60.3063503, 43.0163295], [60.3061643, 43.0138946], [60.303144, 43.0087649], [60.302631, 43.0077411], [60.3024127, 43.007401], [60.2989085, 43.0025566], [60.2823525, 43.0020815], [60.2794279, 43.0058158], [60.2752896, 43.0013703], [60.2633595, 43.0052837], [60.2633595, 43.0067691], [60.2639364, 43.0151491], [60.2639654, 43.0172275], [60.2604741, 43.0199235], [60.2619084, 43.0238344], [60.2576035, 43.0239635], [60.2587966, 43.0253897], [60.2595243, 43.0285147], [60.259979, 43.0291131], [60.2625387, 43.0339668], [60.2597505, 43.035609], [60.261351, 43.0367954], [60.2621683, 43.0374012], [60.263893, 43.0366282], [60.2662851, 43.0373016], [60.2704112, 43.0373547]]]}}, {"type": "Feature", "properties": {"name_uz": "Qanliko'l", "name_en": "Kanlikol", "name_ru": "Канликол", "osm_name": "Qanliko'l", "osm_id": 542205846, "osm_type": "way", "place": "town", "admin_level": null, "source": "overpass", "bbox": [58.991019, 42.823409, 59.019109, 42.846811]}, "geometry": {"type": "Polygon", "coordinates": [[[59.0086546, 42.8252039], [59.0041981, 42.8234093], [59.0017116, 42.8264775], [58.9977003, 42.8324307], [58.9910188, 42.8426011], [59.0004545, 42.8468106], [59.0067803, 42.8405031], [59.0075121, 42.840515], [59.0117239, 42.8416955], [59.0129599, 42.8411351], [59.0145653, 42.8385491], [59.0151091, 42.837473], [59.0122024, 42.836294], [59.0128205, 42.8354478], [59.0165778, 42.8312801], [59.0191087, 42.8278285], [59.0132682, 42.8254946], [59.0123789, 42.8266079], [59.0086546, 42.8252039]]]}}, {"type": "Feature", "properties": {"name_uz": "Amudaryo", "name_en": "Amudarya", "name_ru": "Амударья", "osm_name": "Amudaryo", "osm_id": 10653543076, "osm_type": "node", "place": "village", "admin_level": null, "source": "overpass-node", "bbox": [61.248715, 41.276278, 61.284685, 41.303305]}, "geometry": {"type": "Point", "coordinates": [61.2666999, 41.2897917]}}, {"type": "Feature", "properties": {"name_uz": "Chirchiq", "name_en": "Chirchiq", "name_ru": "Чирчик", "osm_name": "Chirchiq shahri", "osm_id": 7723809, "osm_type": "relation", "place": "town", "admin_level": "6", "source": "overpass", "bbox": [69.524576, 41.42216, 69.642696, 41.529444]}, "geometry": {"type": "MultiPolygon", "coordinates": [[[[69.5763794, 41.4287131], [69.5803035, 41.4308965], [69.580734, 41.4305146], [69.582916, 41.4306773], [69.583838, 41.4306266], [69.5861668, 41.4304985], [69.5863291, 41.4304896], [69.5864271, 41.4316557], [69.5874695, 41.431541], [69.5882111, 41.4317656], [69.5893704, 41.432617], [69.5896317, 41.4332076], [69.5895721, 41.4339636], [69.5890273, 41.4347683], [69.5884505, 41.4368023], [69.5888304, 41.4372713], [69.5894869, 41.438041], [69.5928102, 41.4409438], [69.5938738, 41.4427182], [69.5950938, 41.445431], [69.5968163, 41.4480596], [69.5971895, 41.4488792], [69.5974978, 41.4500799], [69.5974024, 41.4510391], [69.5979547, 41.4525963], [69.5983232, 41.4528994], [69.5988951, 41.4550399], [69.5996859, 41.4563711], [69.6002124, 41.4576216], [69.6005253, 41.4587792], [69.6004153, 41.459816], [69.6020435, 41.4629296], [69.6018629, 41.4647838], [69.6021281, 41.4657573], [69.6027043, 41.4669498], [69.6031087, 41.46918], [69.6034476, 41.4700649], [69.6038953, 41.4708445], [69.6052778, 41.4726864], [69.6066213, 41.4753495], [69.6089355, 41.4830994], [69.6087715, 41.4840214], [69.6088711, 41.4846361], [69.6091929, 41.48516], [69.6097681, 41.4859112], [69.610438, 41.4869291], [69.6114065, 41.4880814], [69.6129519, 41.4889321], [69.6146718, 41.4892525], [69.6161444, 41.4901129], [69.6165839, 41.4908636], [69.6167012, 41.4916652], [69.6165533, 41.4931747], [69.6163816, 41.4937714], [69.6182727, 41.4965995], [69.6197481, 41.4969053], [69.6215485, 41.4980541], [69.6237156, 41.501363], [69.6293109, 41.5052808], [69.6307245, 41.506656], [69.6324346, 41.5083105], [69.6328931, 41.508982], [69.6333076, 41.5098966], [69.6337982, 41.5112926], [69.6341544, 41.5117939], [69.6374484, 41.5123271], [69.6382805, 41.5125453], [69.6392672, 41.5129789], [69.6400506, 41.5133414], [69.6404233, 41.5134789], [69.6418103, 41.5138012], [69.6422459, 41.5138387], [69.6425709, 41.5137959], [69.6426959, 41.5144186], [69.6426249, 41.5149156], [69.6425989, 41.5153974], [69.6425418, 41.5159845], [69.64254, 41.5161968], [69.6424235, 41.5163211], [69.6424806, 41.5164881], [69.6423794, 41.5166561], [69.6422401, 41.5167777], [69.6422174, 41.5168938], [69.6421916, 41.5169248], [69.642021, 41.5170099], [69.6419568, 41.5170232], [69.6418146, 41.5171782], [69.6416458, 41.5172639], [69.6406894, 41.5180322], [69.6397263, 41.5187315], [69.6391887, 41.5191899], [69.6384606, 41.5199216], [69.6378941, 41.5207586], [69.6373795, 41.5213246], [69.6371443, 41.5215529], [69.6367095, 41.5220335], [69.636374, 41.5218882], [69.6363076, 41.5220002], [69.6360805, 41.5219212], [69.6352455, 41.5219229], [69.6341276, 41.5220524], [69.6340724, 41.5220279], [69.6335143, 41.5220918], [69.6333431, 41.5222314], [69.6327308, 41.5232647], [69.6308126, 41.523461], [69.6291291, 41.5248076], [69.6294514, 41.5250758], [69.6304554, 41.526868], [69.6306987, 41.5267726], [69.6312485, 41.5274202], [69.6313082, 41.5274684], [69.63242, 41.5279945], [69.6321124, 41.5283648], [69.6317334, 41.5286179], [69.6320726, 41.5291715], [69.6313223, 41.5294441], [69.629144, 41.5259887], [69.6286196, 41.5253824], [69.6275154, 41.5244353], [69.6263019, 41.5234064], [69.6257193, 41.522828], [69.6248772, 41.5216367], [69.6225297, 41.5184662], [69.622298, 41.5182155], [69.6200559, 41.5163629], [69.6194901, 41.5155164], [69.6190156, 41.5145906], [69.6180803, 41.5149033], [69.6179523, 41.5147247], [69.6177836, 41.5145912], [69.6175282, 41.5145526], [69.616446, 41.514511], [69.6133585, 41.5142672], [69.6107549, 41.5138419], [69.6066409, 41.5132544], [69.6063814, 41.5131797], [69.6061364, 41.5130913], [69.6056978, 41.512889], [69.6046176, 41.5122425], [69.6008993, 41.5101748], [69.6003266, 41.5098809], [69.5997487, 41.5096048], [69.5953868, 41.5077353], [69.5928389, 41.5066777], [69.5922667, 41.5063932], [69.5920741, 41.5061959], [69.5919212, 41.5059905], [69.5907124, 41.5038404], [69.5906423, 41.5037312], [69.5905979, 41.5036805], [69.5905494, 41.5036334], [69.5904905, 41.5035886], [69.5904263, 41.5035473], [69.5902955, 41.5034762], [69.5829595, 41.5006196], [69.5767015, 41.4981908], [69.5722729, 41.4962952], [69.5700063, 41.4953089], [69.5680646, 41.4944492], [69.5654489, 41.493562], [69.5646853, 41.4933505], [69.5634983, 41.493171], [69.5626313, 41.4931671], [69.5620266, 41.4932626], [69.5617498, 41.4933443], [69.5617897, 41.492808], [69.5619573, 41.4921792], [69.5620544, 41.492026], [69.5622219, 41.4918744], [69.5625377, 41.4916453], [69.5629048, 41.4914419], [69.5629781, 41.4913572], [69.5629895, 41.4912392], [69.5628811, 41.4903857], [69.5627866, 41.4901455], [69.5627567, 41.4896815], [69.5599238, 41.4873477], [69.5313741, 41.4627462], [69.5351465, 41.4575377], [69.5345963, 41.4572321], [69.5342409, 41.4569792], [69.5341738, 41.4568609], [69.533908, 41.456216], [69.5332677, 41.4555102], [69.5330459, 41.4551954], [69.5331346, 41.4547758], [69.5332304, 41.4546059], [69.5339218, 41.4541682], [69.5348174, 41.4536953], [69.5336632, 41.4534251], [69.5327764, 41.4532007], [69.5323883, 41.4530713], [69.5321642, 41.4529603], [69.5316733, 41.4495252], [69.5337929, 41.4493208], [69.5337628, 41.4491646], [69.531473, 41.4480732], [69.5322563, 41.446629], [69.5325759, 41.4460495], [69.5329883, 41.445422], [69.5337876, 41.4445798], [69.5339148, 41.4442968], [69.5341, 41.4441972], [69.5343495, 41.4440239], [69.5343986, 41.4433036], [69.5342512, 41.4432547], [69.534106, 41.4431817], [69.5340088, 41.443094], [69.5331981, 41.4421474], [69.5329065, 41.4415718], [69.5329755, 41.4414337], [69.5314543, 41.438879], [69.5308291, 41.4376903], [69.5306865, 41.4377363], [69.530192, 41.4367282], [69.5300811, 41.4367472], [69.5294828, 41.4352326], [69.5291862, 41.4335874], [69.529114, 41.4332792], [69.528441, 41.4327368], [69.5279461, 41.4327054], [69.5245764, 41.4303861], [69.5298555, 41.4260971], [69.5316946, 41.4273553], [69.5330085, 41.426454], [69.5331221, 41.4265444], [69.533332, 41.4264252], [69.5336668, 41.4254401], [69.5340292, 41.4243872], [69.5340423, 41.4241922], [69.5338277, 41.4235314], [69.5338222, 41.4232892], [69.5344379, 41.42216], [69.5497561, 41.4319159], [69.5539189, 41.434948], [69.5542264, 41.4347482], [69.5565316, 41.435663], [69.557844, 41.4360759], [69.5588107, 41.4352025], [69.5597219, 41.434411], [69.560088, 41.4343163], [69.5603697, 41.4344914], [69.5609789, 41.4348911], [69.5615983, 41.4351559], [69.562238, 41.4353383], [69.5625549, 41.4354984], [69.564197, 41.4360703], [69.5646022, 41.4361878], [69.5654662, 41.4364421], [69.5665559, 41.4358971], [69.5672446, 41.4351822], [69.5666234, 41.4348486], [69.5669271, 41.4343603], [69.56727, 41.4342691], [69.5677365, 41.4338824], [69.5688522, 41.4343696], [69.569192, 41.4341252], [69.5704411, 41.4346378], [69.5706278, 41.4348336], [69.570843, 41.4352601], [69.570991, 41.4354214], [69.5714275, 41.435576], [69.5717269, 41.4355898], [69.5720443, 41.4357298], [69.5722649, 41.435715], [69.5738153, 41.4350968], [69.5748897, 41.4345598], [69.5749672, 41.4342292], [69.5735852, 41.4323364], [69.5732806, 41.4320255], [69.5707331, 41.4308723], [69.5695404, 41.4297482], [69.5690295, 41.4286602], [69.5683828, 41.4263228], [69.5681365, 41.4250113], [69.5680977, 41.4245806], [69.5722797, 41.4273123], [69.5746643, 41.4287421], [69.5752326, 41.4287325], [69.5763794, 41.4287131]]]]}}, {"type": "Feature", "properties": {"name_uz": "Angren", "name_en": "Angren", "name_ru": "Ангрен", "osm_name": "Angren", "osm_id": 245941430, "osm_type": "way", "place": "town", "admin_level": null, "source": "overpass", "bbox": [70.004823, 40.975465, 70.166101, 41.060189]}, "geometry": {"type": "Polygon", "coordinates": [[[70.0142545, 40.9796818], [70.0143383, 40.9808124], [70.0120842, 40.9808418], [70.0094948, 40.9814767], [70.0096765, 40.9823222], [70.0080632, 40.9823347], [70.0080435, 40.9837892], [70.0098009, 40.9839634], [70.0152521, 40.9852539], [70.0206278, 40.9857072], [70.0230418, 40.9876985], [70.0237946, 40.9879558], [70.0275214, 40.9892201], [70.0296934, 40.9894343], [70.0308348, 40.9884163], [70.0360474, 40.9897964], [70.03863, 40.9917063], [70.045442, 40.9939558], [70.0455483, 40.9941119], [70.0457275, 40.9951533], [70.0491963, 40.9950719], [70.0484241, 40.997964], [70.0475884, 40.9996623], [70.0481017, 41.0007343], [70.0482044, 41.0032327], [70.0484234, 41.0037359], [70.048569, 41.00641], [70.0481069, 41.0079753], [70.0483696, 41.0107527], [70.0486255, 41.0123051], [70.0499934, 41.0149476], [70.0498455, 41.0159931], [70.0503824, 41.0169207], [70.0518395, 41.019592], [70.0523378, 41.0229686], [70.051882, 41.024535], [70.0521016, 41.0248794], [70.0518254, 41.0256572], [70.0515901, 41.0263101], [70.0516408, 41.0270169], [70.0507345, 41.0286841], [70.050204, 41.0293783], [70.0500083, 41.0307488], [70.0539094, 41.03172], [70.0543277, 41.0321841], [70.0548934, 41.0318737], [70.0553014, 41.0320277], [70.0551876, 41.0328046], [70.0552709, 41.0329173], [70.0566783, 41.0324627], [70.0581651, 41.0323599], [70.0582776, 41.0324791], [70.0578289, 41.0335287], [70.056741, 41.0344294], [70.0562504, 41.0351484], [70.0588766, 41.0362696], [70.0591864, 41.0365653], [70.0601792, 41.0369751], [70.0606696, 41.0376162], [70.0612885, 41.0375983], [70.0622942, 41.0379354], [70.0616351, 41.0392864], [70.0615036, 41.0397602], [70.0617743, 41.040014], [70.0618084, 41.0403536], [70.0618698, 41.0404822], [70.0623542, 41.0409608], [70.0623951, 41.0410534], [70.0623951, 41.0411614], [70.0622928, 41.0415113], [70.0622808, 41.0416477], [70.0623149, 41.0417506], [70.0631267, 41.0416219], [70.0632973, 41.0415087], [70.0630722, 41.040845], [70.0629767, 41.0401812], [70.0629425, 41.0398005], [70.0629562, 41.0394918], [70.0629016, 41.0393014], [70.0629289, 41.0391985], [70.0631336, 41.0389412], [70.0632607, 41.0388177], [70.0634111, 41.0387963], [70.063628, 41.0389333], [70.0637701, 41.0389906], [70.0639425, 41.039032], [70.0640523, 41.0390755], [70.0641724, 41.0391111], [70.0645364, 41.03938], [70.0643274, 41.0396718], [70.0642319, 41.0400114], [70.0641978, 41.0402584], [70.0642455, 41.0405311], [70.06415, 41.0408913], [70.0643001, 41.0409685], [70.0641159, 41.0417557], [70.0640068, 41.0417712], [70.0639726, 41.0418998], [70.0643683, 41.042013], [70.0648731, 41.0423423], [70.0651, 41.0426947], [70.0654411, 41.0425198], [70.0657412, 41.041959], [70.0660073, 41.0418715], [70.0661522, 41.0400243], [70.0661113, 41.0395458], [70.0666517, 41.0394998], [70.0666809, 41.0396826], [70.0668797, 41.0409369], [70.0673729, 41.0412485], [70.0674908, 41.0415063], [70.0674453, 41.041805], [70.067508, 41.0418809], [70.0676857, 41.0419242], [70.0681051, 41.042204], [70.0682706, 41.0422364], [70.0690148, 41.0418895], [70.0701421, 41.0432303], [70.071471, 41.0437482], [70.0718913, 41.0442051], [70.0719894, 41.0443595], [70.0721625, 41.0444158], [70.0722283, 41.044413], [70.0722612, 41.0445212], [70.0726444, 41.0445573], [70.07261, 41.0448832], [70.0726315, 41.0450565], [70.0728902, 41.0449936], [70.0730452, 41.0449977], [70.0730881, 41.0456034], [70.0731415, 41.0456672], [70.0732087, 41.0456951], [70.0732862, 41.0456735], [70.0736597, 41.045368], [70.0737587, 41.0453261], [70.073844, 41.0452652], [70.0739948, 41.0452194], [70.073995, 41.045176], [70.0740668, 41.045087], [70.0742581, 41.0450625], [70.0742941, 41.0452107], [70.0739166, 41.0458573], [70.0733854, 41.0465635], [70.0731186, 41.0468123], [70.0727999, 41.0470332], [70.0725002, 41.0472051], [70.0717088, 41.0475355], [70.0710454, 41.0476255], [70.070225, 41.0476713], [70.0701446, 41.0480245], [70.0700212, 41.0481441], [70.0697491, 41.0482487], [70.0698036, 41.0484494], [70.0699401, 41.0485831], [70.0700561, 41.0486037], [70.0705609, 41.0485265], [70.0709702, 41.0485111], [70.0712567, 41.0484288], [70.071666, 41.0484134], [70.0725324, 41.0485317], [70.0726893, 41.0485317], [70.0733374, 41.0484082], [70.0735079, 41.0482847], [70.0740912, 41.0476725], [70.0744732, 41.0477754], [70.0749235, 41.0480892], [70.0752646, 41.0479143], [70.0755784, 41.0478577], [70.0756534, 41.0478732], [70.0758581, 41.0481098], [70.0757824, 41.0488574], [70.0761992, 41.0487683], [70.0761173, 41.0492777], [70.0767176, 41.0490565], [70.0770382, 41.0493703], [70.0760491, 41.0500391], [70.0762469, 41.0502243], [70.0766699, 41.0504609], [70.0767927, 41.0504712], [70.077509, 41.050322], [70.0778023, 41.050214], [70.0778432, 41.0502963], [70.0773179, 41.0505175], [70.0769632, 41.0508648], [70.0766562, 41.0510911], [70.0752714, 41.0517136], [70.075401, 41.0522795], [70.0755033, 41.052439], [70.0755647, 41.052511], [70.0762196, 41.0525728], [70.0767244, 41.052547], [70.077161, 41.052403], [70.0777, 41.0523515], [70.0778569, 41.0523207], [70.078389, 41.05212], [70.0785868, 41.0521046], [70.0790371, 41.0521663], [70.0799427, 41.0528737], [70.0800313, 41.0534422], [70.0799086, 41.0537148], [70.0797926, 41.0538331], [70.0794037, 41.0540389], [70.0791172, 41.0540955], [70.0787625, 41.0548414], [70.0787625, 41.054898], [70.0788512, 41.0550112], [70.0794992, 41.0552118], [70.0799563, 41.0552993], [70.0799699, 41.0549186], [70.0804748, 41.0547797], [70.0806399, 41.0549285], [70.0807067, 41.0551089], [70.0807067, 41.0552993], [70.0806385, 41.0555256], [70.0806385, 41.0556645], [70.0807886, 41.055932], [70.0807886, 41.0560503], [70.0809516, 41.0560788], [70.0811501, 41.0563024], [70.081232, 41.0564515], [70.0813684, 41.0568425], [70.081614, 41.0568322], [70.0815731, 41.0570688], [70.0817368, 41.0572849], [70.0818818, 41.0575421], [70.0819227, 41.0579485], [70.08195, 41.0580719], [70.0820591, 41.0583497], [70.0820455, 41.058504], [70.0820046, 41.0585812], [70.0817249, 41.0589155], [70.0819295, 41.0590544], [70.0818954, 41.0591419], [70.0818204, 41.0592139], [70.0817249, 41.0592705], [70.0814793, 41.0593579], [70.0813974, 41.0593579], [70.0812511, 41.059293], [70.0811518, 41.0592499], [70.0810427, 41.059255], [70.0808039, 41.059327], [70.0804424, 41.0593733], [70.0803946, 41.0594196], [70.080381, 41.0595534], [70.0807835, 41.0595894], [70.0810768, 41.0597694], [70.0811791, 41.0597951], [70.081336, 41.0598106], [70.0814929, 41.05979], [70.0816225, 41.0597951], [70.0817522, 41.0598363], [70.0819159, 41.0598414], [70.0820728, 41.059826], [70.0822774, 41.0597746], [70.0826595, 41.0597951], [70.0828641, 41.0597849], [70.0830961, 41.059862], [70.0833348, 41.05979], [70.083468, 41.0597756], [70.0836828, 41.0597849], [70.0838669, 41.0598363], [70.084377, 41.0600615], [70.0865939, 41.0601888], [70.0869736, 41.0601534], [70.0871883, 41.0601395], [70.0876114, 41.0590997], [70.08776, 41.0586526], [70.087742, 41.0580805], [70.0882505, 41.0574627], [70.0883536, 41.0565069], [70.087956, 41.0554348], [70.0881225, 41.0532289], [70.0888713, 41.0515295], [70.0887813, 41.0508821], [70.0902857, 41.0489365], [70.0911143, 41.0483322], [70.0919176, 41.0469726], [70.0935195, 41.0440505], [70.1000817, 41.0365453], [70.1031113, 41.0332968], [70.1040574, 41.0308331], [70.107489, 41.0330531], [70.1079683, 41.0334781], [70.1095936, 41.0344112], [70.1122756, 41.0356131], [70.1150351, 41.0364879], [70.1163461, 41.0341503], [70.1187197, 41.0353638], [70.1243458, 41.0357589], [70.1354529, 41.035492], [70.1405682, 41.0330938], [70.1406603, 41.0330506], [70.1474769, 41.0284935], [70.1554973, 41.0314112], [70.15544, 41.0303059], [70.1552554, 41.0297078], [70.1555087, 41.0289521], [70.1552664, 41.0280034], [70.1550307, 41.0274562], [70.156446, 41.0249704], [70.1581325, 41.0255341], [70.1659745, 41.0249815], [70.1661014, 41.0227315], [70.1615115, 41.0227475], [70.1574586, 41.0220109], [70.1401542, 41.0170069], [70.1339435, 41.0125281], [70.1307319, 41.0116729], [70.1288249, 41.0156764], [70.1240017, 41.0151889], [70.1214323, 41.0141507], [70.1204337, 41.0158105], [70.1127707, 41.0128292], [70.1089698, 41.0109353], [70.1021085, 41.007786], [70.0917702, 41.0033361], [70.0870807, 41.0012255], [70.084431, 40.9999446], [70.0799767, 40.9977911], [70.0783768, 40.9970585], [70.0716483, 40.9940424], [70.0696029, 40.9934168], [70.0603753, 40.9913314], [70.0559368, 40.9903283], [70.0519396, 40.989533], [70.0488398, 40.9888793], [70.0448556, 40.987306], [70.044325, 40.9879991], [70.0383241, 40.9866768], [70.0313875, 40.9815729], [70.0309965, 40.9814767], [70.0259853, 40.9803105], [70.0223806, 40.9795529], [70.0052977, 40.9754651], [70.0048228, 40.9760149], [70.0104683, 40.9782098], [70.0142545, 40.9796818]]]}}, {"type": "Feature", "properties": {"name_uz": "Olmaliq", "name_en": "Almalyk", "name_ru": "Алмалык", "osm_name": "Olmaliq shahri", "osm_id": 7726941, "osm_type": "relation", "place": "town", "admin_level": "6", "source": "overpass", "bbox": [69.499755, 40.702908, 69.68948, 40.898876]}, "geometry": {"type": "MultiPolygon", "coordinates": [[[[69.5653776, 40.7869466], [69.5648183, 40.786771], [69.5648827, 40.7865095], [69.5647956, 40.7864115], [69.5647317, 40.7863101], [69.5647318, 40.7862138], [69.5649001, 40.7855727], [69.5654186, 40.7856347], [69.5656505, 40.7856966], [69.5657187, 40.785645], [69.5655141, 40.7855004], [69.5654868, 40.7854074], [69.5655141, 40.7853454], [69.5657051, 40.7852524], [69.5659643, 40.7850975], [69.5661826, 40.7848082], [69.5663191, 40.7846636], [69.566783, 40.7844466], [69.566933, 40.784333], [69.5673287, 40.7836925], [69.5670831, 40.7837235], [69.5669057, 40.7838061], [69.566832, 40.7838153], [69.5665018, 40.783703], [69.5662033, 40.7835396], [69.5662735, 40.7834569], [69.5666323, 40.782634], [69.5675174, 40.7827583], [69.5676721, 40.7825016], [69.5679729, 40.7821424], [69.5681621, 40.7821096], [69.5681445, 40.7818032], [69.5681634, 40.7816312], [69.568347, 40.7813659], [69.5685821, 40.780867], [69.5686273, 40.7807007], [69.5687988, 40.7801371], [69.5690223, 40.7801389], [69.5697363, 40.7801173], [69.5696475, 40.7795316], [69.5700643, 40.7791158], [69.5703372, 40.7789608], [69.5704736, 40.7789195], [69.57061, 40.7789402], [69.5720699, 40.77956], [69.573714, 40.7795807], [69.5744576, 40.7792398], [69.5746076, 40.7790331], [69.5749924, 40.7788437], [69.5753581, 40.7786509], [69.5756937, 40.7783924], [69.5760402, 40.777938], [69.5763813, 40.7776694], [69.5766815, 40.7775144], [69.5768452, 40.7775454], [69.5778139, 40.7768015], [69.5780186, 40.7765845], [69.5780732, 40.7764812], [69.5781823, 40.7763676], [69.5786053, 40.7761093], [69.5786871, 40.7760369], [69.5787008, 40.7759439], [69.5786598, 40.7757683], [69.5786871, 40.775603], [69.5787826, 40.775386], [69.5787826, 40.7752414], [69.5789259, 40.7750141], [69.5791442, 40.7747661], [69.5793216, 40.7746524], [69.5794716, 40.7745181], [69.5798264, 40.7742288], [69.580013, 40.7743296], [69.5801263, 40.7742898], [69.5802371, 40.7742353], [69.5806041, 40.7739292], [69.58145, 40.7736399], [69.5822277, 40.7731852], [69.5825278, 40.7730613], [69.5826643, 40.7729683], [69.5827734, 40.772741], [69.5829508, 40.772586], [69.583401, 40.7723896], [69.5836603, 40.7722037], [69.5837831, 40.7720693], [69.5838786, 40.7719247], [69.5841651, 40.7717077], [69.58482, 40.7714597], [69.5852157, 40.7712221], [69.5855431, 40.7709947], [69.5861434, 40.7703851], [69.5864572, 40.7701888], [69.5869075, 40.7697961], [69.587003, 40.7694448], [69.5869552, 40.7685613], [69.5869552, 40.7683443], [69.5870507, 40.7679413], [69.5870507, 40.767807], [69.5869962, 40.7676623], [69.5869143, 40.7675487], [69.5869007, 40.7674453], [69.5869552, 40.7669803], [69.5868461, 40.7667943], [69.5868324, 40.7666187], [69.5869117, 40.7662647], [69.5870831, 40.7657305], [69.5871733, 40.7655757], [69.5873751, 40.7653701], [69.5874873, 40.765141], [69.5876785, 40.7648307], [69.5876982, 40.764698], [69.5880331, 40.7641593], [69.5881422, 40.7633532], [69.5881559, 40.7629295], [69.58795, 40.7603244], [69.5883795, 40.7585325], [69.5886636, 40.7571975], [69.5890471, 40.753305], [69.5891037, 40.7530166], [69.5892289, 40.7526924], [69.5899274, 40.7515321], [69.5900831, 40.7512649], [69.5901742, 40.7510284], [69.5903655, 40.7499582], [69.5905099, 40.7490894], [69.5905253, 40.7488147], [69.5905, 40.7483657], [69.5904278, 40.7479063], [69.5902621, 40.7472309], [69.5895614, 40.7448811], [69.5894779, 40.7447036], [69.5886166, 40.7428425], [69.5883805, 40.7422373], [69.5883219, 40.7419935], [69.5883033, 40.7418318], [69.5882882, 40.7414978], [69.5883183, 40.7410683], [69.5884786, 40.7395991], [69.5887625, 40.7369946], [69.5888429, 40.7363678], [69.5889695, 40.7357542], [69.5908734, 40.7285378], [69.5913819, 40.7265732], [69.591517, 40.7261497], [69.5916385, 40.7258566], [69.5925894, 40.7240262], [69.592883, 40.7235474], [69.5931495, 40.7231918], [69.5933513, 40.7229598], [69.5929918, 40.7231105], [69.5929048, 40.7231182], [69.5927348, 40.7232466], [69.5923506, 40.7232572], [69.5922695, 40.7232191], [69.5920725, 40.7232195], [69.5919576, 40.7231427], [69.5918896, 40.7229852], [69.5918887, 40.7228018], [69.5919233, 40.7226807], [69.5920427, 40.7225619], [69.5921038, 40.7225493], [69.5922819, 40.7224022], [69.5924463, 40.7222817], [69.5925568, 40.7221071], [69.5927129, 40.7220046], [69.5925776, 40.7218146], [69.5924418, 40.7218034], [69.5922389, 40.7217923], [69.5922121, 40.7217278], [69.5922211, 40.7215091], [69.592285, 40.7213043], [69.5924274, 40.7211022], [69.5923677, 40.7210356], [69.5922833, 40.7210209], [69.5922414, 40.7209995], [69.5921411, 40.7207366], [69.5920978, 40.7206486], [69.5920921, 40.7202858], [69.5920355, 40.7200954], [69.5919843, 40.7200321], [69.5919363, 40.7199564], [69.591923, 40.719868], [69.5919391, 40.7198082], [69.5919751, 40.7197456], [69.5920336, 40.7197092], [69.5922984, 40.7196764], [69.59255, 40.7205172], [69.5926638, 40.7207653], [69.5928774, 40.7210364], [69.5929406, 40.7210619], [69.5930117, 40.7210425], [69.5933698, 40.7208605], [69.5937543, 40.7207221], [69.5938382, 40.7206839], [69.5940636, 40.7204225], [69.5939211, 40.7203456], [69.5937446, 40.7203692], [69.5934546, 40.720193], [69.5933759, 40.7200516], [69.5933646, 40.7199382], [69.5934467, 40.7196858], [69.5935208, 40.719464], [69.5936127, 40.719116], [69.5934485, 40.7190446], [69.5934561, 40.7189493], [69.5935698, 40.7187782], [69.5936668, 40.7186484], [69.5936978, 40.71856], [69.5937055, 40.7184402], [69.5937312, 40.7183156], [69.5938018, 40.7181886], [69.5938898, 40.7180795], [69.5938521, 40.7180625], [69.5937445, 40.7180443], [69.5935428, 40.717756], [69.5933554, 40.7176474], [69.5932405, 40.717608], [69.5930822, 40.7173865], [69.5932121, 40.7172299], [69.5932858, 40.7172058], [69.5930355, 40.7171331], [69.5931488, 40.7169607], [69.59321, 40.7168093], [69.593512, 40.7168157], [69.5934051, 40.7165677], [69.5934223, 40.7163561], [69.5937861, 40.7161746], [69.5938317, 40.7162447], [69.5942029, 40.7166146], [69.5945226, 40.7172038], [69.5945843, 40.7177198], [69.5947732, 40.7177956], [69.594828, 40.717939], [69.5949064, 40.7180313], [69.5949789, 40.7180612], [69.5950579, 40.7180523], [69.5951065, 40.7180123], [69.5952438, 40.7178545], [69.5954239, 40.7176013], [69.595563, 40.7173421], [69.5958275, 40.7170158], [69.5959846, 40.7168529], [69.5960144, 40.7168015], [69.5960275, 40.7167179], [69.5960233, 40.7165617], [69.5960963, 40.7163709], [69.5962801, 40.7160428], [69.5963432, 40.7157967], [69.5963714, 40.7157398], [69.5964119, 40.7156982], [69.5964918, 40.7156682], [69.5965783, 40.7156593], [69.5966475, 40.7156794], [69.5970242, 40.7159018], [69.5973242, 40.7159167], [69.5974435, 40.7157092], [69.597324, 40.7152429], [69.5976311, 40.7148582], [69.5984626, 40.7143465], [69.5988049, 40.7142269], [69.5988785, 40.7141694], [69.5989924, 40.7137711], [69.5990203, 40.7137235], [69.5989805, 40.7135294], [69.5989908, 40.7133099], [69.5992616, 40.7128615], [69.5993842, 40.7125711], [69.5994351, 40.7118763], [69.5992209, 40.7111092], [69.5992263, 40.7106557], [69.599094, 40.7103322], [69.5989005, 40.7099925], [69.5988516, 40.7098421], [69.5988586, 40.7097698], [69.598905, 40.7097349], [69.5990279, 40.7097015], [69.5991074, 40.7097051], [69.5992888, 40.709821], [69.599823, 40.7103535], [69.6000619, 40.7105071], [69.600176, 40.7106051], [69.6005645, 40.7111937], [69.6010726, 40.7109339], [69.6013396, 40.7106972], [69.6014312, 40.710752], [69.6015955, 40.7104897], [69.6016318, 40.7103673], [69.6016993, 40.7102768], [69.6018639, 40.7099794], [69.6019275, 40.7099177], [69.6022021, 40.7098502], [69.6023249, 40.7099828], [69.6024204, 40.7099518], [69.6024341, 40.7099207], [69.6024247, 40.7097309], [69.6024902, 40.7096752], [69.6025553, 40.7096711], [69.6026198, 40.7096886], [69.6027638, 40.7099183], [69.6028434, 40.7099621], [69.6033482, 40.7097139], [69.6035256, 40.7095691], [69.6036757, 40.7093416], [69.6037873, 40.7092211], [69.603923, 40.7091418], [69.6040337, 40.7090434], [69.604182, 40.7087786], [69.6044534, 40.7088555], [69.6045502, 40.7089084], [69.6049976, 40.7088227], [69.6050578, 40.7088302], [69.6050912, 40.7088662], [69.605015, 40.7091043], [69.6048823, 40.7093372], [69.6048513, 40.7093832], [69.6048346, 40.7095643], [69.6051109, 40.7096225], [69.605205, 40.7095852], [69.6052712, 40.709574], [69.6054571, 40.7096334], [69.6055165, 40.7096601], [69.6058164, 40.709654], [69.606189, 40.7096887], [69.6063716, 40.7096398], [69.6066226, 40.7096379], [69.6068223, 40.7096149], [69.6069985, 40.7095456], [69.6072571, 40.7095173], [69.6074984, 40.7094128], [69.6076207, 40.7096116], [69.6079486, 40.7094881], [69.6077656, 40.7092163], [69.6079939, 40.708902], [69.6080942, 40.7086898], [69.6084228, 40.7084786], [69.6088199, 40.7083141], [69.609104, 40.7082467], [69.6092442, 40.708278], [69.6093173, 40.7084469], [69.609522, 40.7084159], [69.6096039, 40.7081263], [69.6096039, 40.7079712], [69.6095356, 40.7078574], [69.6095356, 40.7077643], [69.6096448, 40.7075265], [69.6097949, 40.7074644], [69.6098631, 40.7075265], [69.6098631, 40.7077023], [69.6099586, 40.7079298], [69.6100201, 40.7080992], [69.6099995, 40.7083228], [69.6101087, 40.7081677], [69.6102315, 40.708116], [69.6105453, 40.7080746], [69.6111456, 40.7080643], [69.6117187, 40.7076195], [69.6119506, 40.707423], [69.6122635, 40.7070362], [69.6125032, 40.706818], [69.6126764, 40.7064534], [69.6130112, 40.7062623], [69.6134128, 40.706188], [69.6136004, 40.7062227], [69.6138278, 40.7062239], [69.6140924, 40.7061856], [69.6143314, 40.7062388], [69.6147407, 40.706156], [69.6146407, 40.7060067], [69.614959, 40.7058354], [69.6153138, 40.705794], [69.6155594, 40.705732], [69.6160642, 40.705432], [69.6162006, 40.7053907], [69.61676, 40.705432], [69.6170602, 40.7053803], [69.6176605, 40.7052562], [69.6184518, 40.7050493], [69.6186156, 40.7049563], [69.6188884, 40.7048321], [69.619134, 40.7047494], [69.6193796, 40.7046977], [69.6200072, 40.7046046], [69.6202801, 40.7045219], [69.6204438, 40.7043977], [69.6205393, 40.7042529], [69.620744, 40.7040874], [69.6214076, 40.7038173], [69.622122, 40.7036117], [69.6223949, 40.7035703], [69.6226814, 40.7034772], [69.6230975, 40.7034565], [69.6243664, 40.7030738], [69.6250486, 40.7030635], [69.6256626, 40.7029083], [69.6262765, 40.7036117], [69.6258672, 40.7038392], [69.6256626, 40.7040254], [69.6247562, 40.7044117], [69.6243428, 40.7047863], [69.6241345, 40.7048735], [69.624254, 40.7050579], [69.6240935, 40.7051011], [69.6237661, 40.7048528], [69.6232613, 40.7047494], [69.6221599, 40.7047198], [69.6218423, 40.7047908], [69.6213375, 40.7049873], [69.6213394, 40.7050747], [69.6209964, 40.7052252], [69.6209145, 40.7051528], [69.6206553, 40.7052976], [69.6195229, 40.7056182], [69.6190931, 40.7056234], [69.6188066, 40.7057165], [69.6182881, 40.7057992], [69.617988, 40.7059544], [69.6174335, 40.7061483], [69.617374, 40.706244], [69.6165679, 40.7066252], [69.6161003, 40.7067669], [69.6159536, 40.7067727], [69.6157146, 40.7068616], [69.6156919, 40.7069], [69.6154813, 40.7070012], [69.6151183, 40.707069], [69.6147544, 40.7070921], [69.614577, 40.7071438], [69.6146316, 40.7072369], [69.6144679, 40.7072886], [69.6143687, 40.7071174], [69.6142453, 40.7070393], [69.6139708, 40.7070897], [69.6137079, 40.7071912], [69.6135128, 40.7072369], [69.6133491, 40.7071438], [69.6132126, 40.7071231], [69.6129023, 40.7072716], [69.6125239, 40.707561], [69.6123572, 40.7077504], [69.6121342, 40.7078892], [69.6119142, 40.7082055], [69.6117346, 40.7083448], [69.6115016, 40.7084547], [69.6103278, 40.7091984], [69.6096493, 40.7095391], [69.6089629, 40.7098064], [69.6084133, 40.7099868], [69.6078074, 40.7102361], [69.6074946, 40.7103425], [69.6069497, 40.7103642], [69.6067941, 40.7104343], [69.6060471, 40.7106335], [69.6052565, 40.7108902], [69.6043972, 40.7114462], [69.6040798, 40.7118852], [69.6035498, 40.7122093], [69.6033932, 40.7122329], [69.6032478, 40.7123165], [69.6030396, 40.712567], [69.6029624, 40.7126992], [69.6028047, 40.7127593], [69.6027329, 40.7128654], [69.6025724, 40.7130024], [69.6025311, 40.713206], [69.6024721, 40.7133651], [69.6024337, 40.7138171], [69.6021799, 40.714203], [69.6019706, 40.7146218], [69.6018172, 40.7148252], [69.6016221, 40.7149587], [69.60156, 40.7150497], [69.6015318, 40.7152092], [69.6014877, 40.7153232], [69.6014209, 40.7154052], [69.6015061, 40.7155202], [69.6012641, 40.7158207], [69.6009094, 40.7162861], [69.6007184, 40.7164309], [69.600541, 40.7164826], [69.6002681, 40.7165136], [69.5998725, 40.7165963], [69.5995521, 40.7167677], [69.5990551, 40.7172328], [69.5985898, 40.7175674], [69.5982558, 40.7177391], [69.5980291, 40.7177934], [69.5978161, 40.7178132], [69.5976601, 40.7178584], [69.597516, 40.7179645], [69.5974302, 40.7181061], [69.5974029, 40.7182509], [69.597362, 40.7185715], [69.5973347, 40.7187059], [69.5972256, 40.718861], [69.5970755, 40.7190678], [69.5969982, 40.7192166], [69.5969476, 40.7193775], [69.5970323, 40.7194596], [69.5970539, 40.7195685], [69.5970636, 40.7196591], [69.5968352, 40.7206715], [69.5967867, 40.7208763], [69.5967171, 40.721025], [69.5958348, 40.7224268], [69.5957742, 40.7225466], [69.5957525, 40.7226732], [69.5957111, 40.7230386], [69.5962944, 40.7232971], [69.5964445, 40.7235453], [69.5965127, 40.7236487], [69.5965263, 40.7237934], [69.5966764, 40.7239175], [69.5965324, 40.7244093], [69.5962671, 40.7243621], [69.5961307, 40.724724], [69.5960761, 40.7250135], [69.5960352, 40.7251169], [69.5958987, 40.7252514], [69.595544, 40.7254995], [69.5952848, 40.7261096], [69.5952848, 40.7265748], [69.5952575, 40.7268333], [69.5950801, 40.7276502], [69.5950766, 40.7282256], [69.5952029, 40.7286324], [69.5951756, 40.7287978], [69.5949709, 40.729139], [69.5947936, 40.7293355], [69.5940328, 40.7298697], [69.5937942, 40.7301579], [69.5935677, 40.7305746], [69.5932107, 40.7308299], [69.5930725, 40.7308725], [69.592641, 40.73185], [69.5921763, 40.7327765], [69.5921371, 40.7328588], [69.5921118, 40.7329362], [69.5918229, 40.7340352], [69.5917841, 40.7341727], [69.5915922, 40.7346753], [69.5915156, 40.7349344], [69.5914884, 40.7350396], [69.5914796, 40.7351265], [69.5914731, 40.7354654], [69.5914681, 40.7356216], [69.5914299, 40.7358119], [69.5911858, 40.7369261], [69.5910402, 40.7375317], [69.5910225, 40.7376261], [69.5909803, 40.7380838], [69.5909547, 40.7382248], [69.5908268, 40.73862], [69.5908086, 40.7387192], [69.5907714, 40.7392365], [69.590749, 40.73952], [69.5907028, 40.7397348], [69.5906483, 40.7399129], [69.5905875, 40.740049], [69.5905163, 40.7401862], [69.5903223, 40.7404944], [69.5902808, 40.7405695], [69.5902611, 40.7406374], [69.5902591, 40.7406897], [69.5902684, 40.7407544], [69.5904607, 40.7414658], [69.5905452, 40.7418988], [69.5905695, 40.7420664], [69.5905739, 40.7421925], [69.5905587, 40.7427058], [69.5905656, 40.7429869], [69.5906075, 40.7433615], [69.590677, 40.7436025], [69.5910534, 40.7445402], [69.5912599, 40.7451434], [69.591338, 40.7454497], [69.591434, 40.7460043], [69.5915442, 40.7466914], [69.5915853, 40.7468854], [69.5916245, 40.7470222], [69.5916899, 40.7471832], [69.5919345, 40.7476949], [69.5919946, 40.7478218], [69.5922068, 40.7481942], [69.5922677, 40.7483254], [69.592302, 40.7484261], [69.5924212, 40.749099], [69.5924414, 40.7503396], [69.5924075, 40.7505108], [69.592256, 40.7508954], [69.5921601, 40.751104], [69.5916681, 40.7519555], [69.5916035, 40.7520547], [69.5915137, 40.7521428], [69.5910423, 40.752493], [69.5909842, 40.752589], [69.5909459, 40.7527043], [69.5909335, 40.752805], [69.5909306, 40.7529262], [69.5910138, 40.7534428], [69.5910168, 40.7535492], [69.5909918, 40.7536508], [69.5908436, 40.7540166], [69.5906845, 40.7543713], [69.5906504, 40.7544854], [69.5905363, 40.7552203], [69.5901614, 40.7575507], [69.5901198, 40.7578152], [69.5901076, 40.757949], [69.5901004, 40.7580697], [69.5901105, 40.7581621], [69.590137, 40.7582566], [69.5902912, 40.7585918], [69.5903277, 40.7587078], [69.59033, 40.7587853], [69.5903175, 40.7588695], [69.5902761, 40.7590015], [69.5898073, 40.7602024], [69.5896864, 40.7604691], [69.5896507, 40.7605702], [69.5896387, 40.7606606], [69.5896403, 40.7607511], [69.5896757, 40.761321], [69.589687, 40.7615838], [69.5896525, 40.7619035], [69.5895989, 40.7621157], [69.5893965, 40.7625193], [69.5896431, 40.762786], [69.5897711, 40.7629597], [69.5899464, 40.7633109], [69.5900249, 40.7635606], [69.5900587, 40.7637418], [69.5900617, 40.7638982], [69.5900242, 40.764261], [69.5892856, 40.766036], [69.5882928, 40.7697718], [69.5877241, 40.7707571], [69.5873519, 40.7711849], [69.5868084, 40.7716592], [69.5855869, 40.7726583], [69.5850777, 40.773175], [69.5847246, 40.7737579], [69.5843549, 40.774417], [69.5840231, 40.7749857], [69.582968, 40.7765968], [69.5825475, 40.7769099], [69.5786721, 40.7791464], [69.5782183, 40.7795061], [69.5772444, 40.7805866], [69.5760114, 40.7818561], [69.5748085, 40.7834465], [69.575208, 40.7834962], [69.5755496, 40.7838903], [69.5759993, 40.7843847], [69.5759857, 40.7847359], [69.5760272, 40.7851852], [69.5762091, 40.7861171], [69.5764267, 40.7869991], [69.5764003, 40.7870675], [69.575059, 40.7872166], [69.5742617, 40.7872744], [69.5740078, 40.7867533], [69.5738059, 40.7864339], [69.5737754, 40.7863991], [69.5735025, 40.7866574], [69.5730659, 40.7869053], [69.5726293, 40.7870293], [69.5723988, 40.7871759], [69.5719693, 40.7876727], [69.5707132, 40.788924], [69.5714014, 40.7887544], [69.5717425, 40.7886614], [69.5718653, 40.7886614], [69.5719744, 40.7887027], [69.5720426, 40.788806], [69.5723564, 40.7890333], [69.572411, 40.7891882], [69.5725884, 40.7899423], [69.5726975, 40.7902212], [69.5727112, 40.7903762], [69.5726702, 40.7905828], [69.5726975, 40.7910786], [69.5728612, 40.7911199], [69.5731887, 40.7911199], [69.5737072, 40.7912335], [69.5748259, 40.7916777], [69.5749078, 40.7918946], [69.5751943, 40.7932065], [69.5759516, 40.7926487], [69.5761153, 40.7924628], [69.5762926, 40.7923285], [69.5766474, 40.7921942], [69.5767565, 40.7921116], [69.5770431, 40.7916674], [69.577657, 40.7914815], [69.5779708, 40.791688], [69.5782437, 40.7918017], [69.5784484, 40.7919979], [69.5785848, 40.7920496], [69.5787349, 40.7920702], [69.5789122, 40.7919979], [69.5791442, 40.7918327], [69.5792397, 40.7917294], [69.5794034, 40.7913782], [69.5795671, 40.7911819], [69.5796763, 40.7909753], [69.5796354, 40.7907687], [69.5796354, 40.7906344], [69.5796763, 40.7906034], [69.5798127, 40.7906034], [69.5803585, 40.7907377], [69.5804813, 40.7907274], [69.5806041, 40.7906448], [69.5807269, 40.7904691], [69.5809315, 40.7902832], [69.5810407, 40.7902316], [69.5811498, 40.7902212], [69.5813272, 40.7902832], [69.5814363, 40.7904072], [69.5817501, 40.7907067], [69.5820367, 40.7909133], [69.5822004, 40.7909546], [69.5825278, 40.790965], [69.5825961, 40.7910373], [69.5826097, 40.7911302], [69.5824323, 40.7914505], [69.5824187, 40.7915434], [69.5826097, 40.7916984], [69.5827052, 40.7916674], [69.5828826, 40.7915744], [69.5831009, 40.7915538], [69.583442, 40.7915538], [69.5837421, 40.7915951], [69.5839604, 40.7916674], [69.5840559, 40.7916571], [69.5840832, 40.7916261], [69.5841242, 40.7915228], [69.584206, 40.7914401], [69.5844516, 40.7913265], [69.5845471, 40.7912542], [69.5846017, 40.7911612], [69.5846017, 40.7910889], [69.5845471, 40.7910166], [69.5845471, 40.790934], [69.584588, 40.7908307], [69.5846426, 40.7907274], [69.5849155, 40.7905724], [69.5850246, 40.7904795], [69.5850792, 40.7904072], [69.5851679, 40.7902419], [69.5851679, 40.7901593], [69.5852498, 40.7901076], [69.5853453, 40.7900973], [69.5855636, 40.7902522], [69.5857546, 40.7903039], [69.5860002, 40.7903555], [69.5862048, 40.7904382], [69.5864914, 40.7906964], [69.5866687, 40.7907997], [69.586928, 40.7908307], [69.5870098, 40.7907894], [69.5870371, 40.7906138], [69.5871053, 40.7905105], [69.5872963, 40.7903452], [69.5873782, 40.7903142], [69.5875146, 40.7903349], [69.5880195, 40.7904691], [69.5882241, 40.7904795], [69.5883469, 40.7904588], [69.5884697, 40.7903865], [69.588688, 40.7902316], [69.5888654, 40.7901593], [69.5896703, 40.7899113], [69.5901069, 40.7897874], [69.5902161, 40.7897047], [69.5903116, 40.7895085], [69.590489, 40.7896738], [69.5905026, 40.7897874], [69.5904344, 40.790056], [69.5904208, 40.7902522], [69.5905163, 40.7905105], [69.5906254, 40.7906757], [69.5907571, 40.7912635], [69.5909301, 40.7914675], [69.5920687, 40.791812], [69.5926012, 40.7921086], [69.5934481, 40.7924991], [69.5944646, 40.7929235], [69.5949953, 40.7929623], [69.5951892, 40.7930205], [69.5952984, 40.7931135], [69.5953803, 40.7932994], [69.5954894, 40.793475], [69.5960352, 40.7939192], [69.5963899, 40.7941258], [69.5966082, 40.794322], [69.5967173, 40.7945596], [69.596922, 40.7948901], [69.5971812, 40.7953653], [69.597304, 40.7957887], [69.5973722, 40.7959437], [69.5974541, 40.7960263], [69.5976315, 40.7961141], [69.5984637, 40.7961761], [69.598682, 40.7962277], [69.5987912, 40.796269], [69.5988731, 40.7963827], [69.5990368, 40.7967752], [69.5991459, 40.7967648], [69.5993233, 40.797209], [69.5995051, 40.7973384], [69.6002511, 40.7975601], [69.6012198, 40.7979113], [69.6015472, 40.7980146], [69.6016564, 40.7981282], [69.601711, 40.7982625], [69.6019565, 40.7985827], [69.6019702, 40.7987273], [69.6019429, 40.7988719], [69.6016155, 40.7991301], [69.6015199, 40.7992747], [69.6015199, 40.7994296], [69.6015745, 40.7997291], [69.601479, 40.8000906], [69.6014517, 40.8005141], [69.601288, 40.8007516], [69.6012607, 40.8008652], [69.6013289, 40.8009478], [69.6014108, 40.8010098], [69.6014244, 40.8010924], [69.6013835, 40.8012164], [69.6013699, 40.8013403], [69.6014244, 40.8015056], [69.6014244, 40.8016295], [69.6013289, 40.801898], [69.6013289, 40.8019806], [69.6013699, 40.8020426], [69.6016291, 40.8021252], [69.6018338, 40.8022182], [69.6019293, 40.8023111], [69.6019293, 40.8024144], [69.601902, 40.80259], [69.6016427, 40.8028482], [69.6014718, 40.8030367], [69.6014523, 40.8031398], [69.6014772, 40.8032476], [69.6015532, 40.8033684], [69.6015882, 40.8034472], [69.6015609, 40.8036951], [69.6015882, 40.8038087], [69.6016399, 40.8040036], [69.6016346, 40.8040655], [69.6015609, 40.8042734], [69.6015745, 40.804356], [69.6016291, 40.8044903], [69.6018338, 40.8047588], [69.6020947, 40.8049606], [69.6021568, 40.8050296], [69.6021793, 40.8050795], [69.6021689, 40.8051629], [69.6021319, 40.8055723], [69.6021265, 40.8057034], [69.6021512, 40.8057881], [69.6022407, 40.805878], [69.6023687, 40.8059411], [69.6024844, 40.8059825], [69.6025314, 40.8060173], [69.602546, 40.8060938], [69.6024954, 40.8062017], [69.6024287, 40.8063149], [69.6024229, 40.8063712], [69.6024722, 40.8065152], [69.6025636, 40.806654], [69.6026616, 40.8067704], [69.6028877, 40.8069895], [69.6029455, 40.8070841], [69.6029601, 40.8071472], [69.6029423, 40.8072477], [69.6029504, 40.8073013], [69.6030269, 40.8074038], [69.603106, 40.8075472], [69.6030749, 40.8076645], [69.6029969, 40.8078053], [69.6030378, 40.807888], [69.6032152, 40.8080119], [69.6032561, 40.8081152], [69.6031743, 40.8082494], [69.6031743, 40.8083733], [69.6032698, 40.8085179], [69.6033243, 40.8089413], [69.603297, 40.8091272], [69.6033243, 40.8093131], [69.6040475, 40.8091788], [69.6041566, 40.8091169], [69.6041975, 40.8090136], [69.6041566, 40.8088174], [69.6041702, 40.8086935], [69.6044977, 40.8081978], [69.6046205, 40.8078673], [69.6047296, 40.8077227], [69.6047979, 40.8075781], [69.6048797, 40.8074542], [69.6050571, 40.80732], [69.605289, 40.807196], [69.6057263, 40.8070451], [69.6063669, 40.8069172], [69.6065306, 40.8069998], [69.6067353, 40.8071754], [69.6070081, 40.807258], [69.607704, 40.8073923], [69.608509, 40.8077434], [69.6088501, 40.8078363], [69.6090684, 40.8077434], [69.6092184, 40.8077331], [69.6102281, 40.8079086], [69.610651, 40.8080429], [69.6106647, 40.8077847], [69.6107329, 40.8076608], [69.610883, 40.8074645], [69.6109921, 40.8072683], [69.6110467, 40.8071134], [69.611074, 40.8069688], [69.611074, 40.8066074], [69.6111149, 40.8064215], [69.6114014, 40.8060497], [69.611456, 40.8059155], [69.6115106, 40.8056883], [69.6115106, 40.8055953], [69.6115924, 40.8054714], [69.6117152, 40.8053578], [69.6121109, 40.8051512], [69.6122473, 40.8051306], [69.6123156, 40.8051512], [69.6123974, 40.8052132], [69.6125339, 40.8052545], [69.6129295, 40.8052752], [69.6130796, 40.8054714], [69.6136254, 40.8057502], [69.6136936, 40.8058742], [69.6137345, 40.8061633], [69.6141165, 40.8061427], [69.6146896, 40.8061943], [69.6151398, 40.8062976], [69.6154809, 40.8063595], [69.6157811, 40.8064525], [69.6163268, 40.8064835], [69.6169681, 40.8064628], [69.6177321, 40.8064112], [69.6182506, 40.8063182], [69.6184143, 40.8062976], [69.6185644, 40.8062976], [69.6187691, 40.8063492], [69.6189874, 40.8064628], [69.6191511, 40.8066281], [69.6197651, 40.8070205], [69.6199629, 40.8072167], [69.6201812, 40.807289], [69.6205632, 40.807289], [69.6207542, 40.8073096], [69.621682, 40.807795], [69.6220094, 40.8078467], [69.6221732, 40.8078467], [69.6226234, 40.8077847], [69.6229099, 40.8077744], [69.6231555, 40.807795], [69.6234148, 40.8079086], [69.6235512, 40.8080738], [69.6236058, 40.808363], [69.6237286, 40.8090136], [69.6236876, 40.8095093], [69.6268838, 40.8085038], [69.6298614, 40.8014229], [69.6285243, 40.799347], [69.6275829, 40.7983244], [69.627351, 40.7978906], [69.6271088, 40.7978029], [69.6260413, 40.7975587], [69.6265895, 40.796108], [69.6273278, 40.7962563], [69.6275613, 40.7956517], [69.6277228, 40.7954582], [69.6276136, 40.7953704], [69.6279357, 40.7946751], [69.6282549, 40.7947713], [69.6294377, 40.7940681], [69.6295765, 40.7940123], [69.62969, 40.7939715], [69.6298182, 40.7939461], [69.630588, 40.7938806], [69.6310398, 40.7938842], [69.6311466, 40.7938821], [69.6312512, 40.7938654], [69.6313825, 40.7938221], [69.6315521, 40.793721], [69.6317914, 40.7935461], [69.6318711, 40.7935079], [69.6320737, 40.7934725], [69.6323352, 40.7934612], [69.632487, 40.7934614], [69.632697, 40.7934733], [69.6330133, 40.7935329], [69.6333464, 40.7936638], [69.6335055, 40.7937415], [69.6335879, 40.7938157], [69.6336337, 40.7938866], [69.6336594, 40.7939714], [69.6336944, 40.7942443], [69.6337212, 40.7943515], [69.6337729, 40.7945485], [69.633778, 40.7946181], [69.6337729, 40.7947053], [69.6337563, 40.7948079], [69.6337339, 40.7949027], [69.6337064, 40.7949933], [69.6336691, 40.7950718], [69.6335083, 40.7953051], [69.633348, 40.7956022], [69.6332922, 40.7956815], [69.6331516, 40.7958402], [69.6330952, 40.7959353], [69.6330684, 40.79599], [69.6330553, 40.7960463], [69.6330516, 40.796096], [69.6330618, 40.7961628], [69.6330764, 40.7962187], [69.6330945, 40.7962712], [69.6331289, 40.7963527], [69.6331719, 40.7964447], [69.6332168, 40.7965398], [69.633382, 40.7968436], [69.6334005, 40.7968909], [69.6334098, 40.7969392], [69.6334142, 40.7969829], [69.6334135, 40.7970287], [69.633402, 40.7971044], [69.6333911, 40.7972052], [69.6333883, 40.7972617], [69.6333903, 40.7973267], [69.633398, 40.7974263], [69.6333972, 40.7974867], [69.6333861, 40.7975454], [69.6333632, 40.7976162], [69.6331642, 40.7980089], [69.6330889, 40.7981396], [69.6330618, 40.7982323], [69.6330648, 40.7983178], [69.6330752, 40.7983915], [69.6330994, 40.798461], [69.6331751, 40.7985421], [69.6335256, 40.7988462], [69.6338352, 40.799161], [69.6339443, 40.7991714], [69.6347971, 40.798908], [69.6350426, 40.7988873], [69.6351654, 40.7988873], [69.635411, 40.7989596], [69.6357385, 40.7989906], [69.6363252, 40.799001], [69.6369937, 40.7990939], [69.637212, 40.7991146], [69.6390539, 40.7997136], [69.6391085, 40.7996103], [69.6393268, 40.7996723], [69.6394905, 40.7996516], [69.6396952, 40.7995174], [69.6398316, 40.7994657], [69.6401727, 40.7993831], [69.6402273, 40.7993211], [69.6402409, 40.7991765], [69.6403228, 40.7990836], [69.6406639, 40.7990526], [69.6408003, 40.7990733], [69.6410186, 40.7990526], [69.6412506, 40.7989803], [69.6413461, 40.7989287], [69.6413733, 40.798877], [69.6413597, 40.798815], [69.6413188, 40.7987531], [69.6412369, 40.7985982], [69.6412506, 40.7984432], [69.6413461, 40.7983193], [69.6414416, 40.7982263], [69.6416462, 40.7981644], [69.6418236, 40.7981437], [69.6421783, 40.7981437], [69.6425331, 40.7980714], [69.6430925, 40.7979061], [69.6433863, 40.7977481], [69.6435325, 40.7974672], [69.6436416, 40.7970334], [69.6436825, 40.7967752], [69.6436825, 40.7964963], [69.6437508, 40.7961864], [69.6437508, 40.7958249], [69.6436825, 40.7955563], [69.643841, 40.7948156], [69.6443238, 40.7943685], [69.6443647, 40.7942962], [69.6443784, 40.7942136], [69.6443511, 40.793945], [69.6445557, 40.7939037], [69.6446649, 40.7938417], [69.6450196, 40.7934285], [69.6450879, 40.7932736], [69.6450606, 40.7931187], [69.6448559, 40.7926435], [69.6447331, 40.7924782], [69.6442556, 40.792127], [69.6439145, 40.7917345], [69.6437098, 40.7915383], [69.6435461, 40.791218], [69.6435325, 40.7909288], [69.6434506, 40.7907532], [69.6434506, 40.7906189], [69.6434915, 40.7905053], [69.6436007, 40.7903813], [69.643587, 40.790278], [69.643587, 40.7901231], [69.6436689, 40.7900301], [69.6439554, 40.7898132], [69.6439418, 40.7897616], [69.6437781, 40.7895859], [69.6436962, 40.7895136], [69.6436416, 40.7894413], [69.6436416, 40.7892451], [69.6437371, 40.7891108], [69.6439827, 40.7889765], [69.6451355, 40.7885385], [69.6454819, 40.7867604], [69.6458949, 40.7866366], [69.6462766, 40.786611], [69.6465962, 40.7865607], [69.6469672, 40.7863152], [69.6469775, 40.7861873], [69.6474005, 40.786115], [69.6477279, 40.786115], [69.6479599, 40.786146], [69.6481645, 40.7862493], [69.6486557, 40.7864353], [69.6491297, 40.7866923], [69.6493945, 40.7869111], [69.6496592, 40.7871868], [69.6498106, 40.7875079], [69.6502716, 40.7881691], [69.650895, 40.7892675], [69.651057, 40.7893587], [69.651248, 40.7894413], [69.6515482, 40.7894826], [69.6520589, 40.7894637], [69.6522576, 40.7894517], [69.6523804, 40.789524], [69.6524558, 40.7898138], [69.6527147, 40.7896428], [69.6529739, 40.7894155], [69.6531786, 40.7891882], [69.6534242, 40.7886201], [69.6535061, 40.7885581], [69.6540927, 40.7883618], [69.6542428, 40.7882792], [69.6544065, 40.7881346], [69.6548977, 40.7874735], [69.6550751, 40.7873495], [69.655498, 40.7872462], [69.6556618, 40.7871429], [69.6557949, 40.7870116], [69.6559619, 40.7869466], [69.6561257, 40.7869156], [69.656303, 40.7868536], [69.6563849, 40.78674], [69.6564122, 40.7863888], [69.6566305, 40.7861408], [69.6567051, 40.7860089], [69.6567806, 40.7859549], [69.6569852, 40.7859342], [69.6571899, 40.7858723], [69.6576188, 40.7857061], [69.6580442, 40.7850838], [69.6580075, 40.7843646], [69.6579407, 40.7842365], [69.6571876, 40.7834814], [69.6568169, 40.7830442], [69.6565563, 40.7827839], [69.6564898, 40.7826657], [69.6565104, 40.7824875], [69.65662, 40.7822953], [69.6568257, 40.7820817], [69.656995, 40.781889], [69.6570279, 40.7814326], [69.6572772, 40.7809789], [69.6574718, 40.7807372], [69.6579457, 40.7802955], [69.6582713, 40.7795601], [69.6584374, 40.7789703], [69.6587007, 40.7781833], [69.658909, 40.7778243], [69.6590224, 40.7776706], [69.6591572, 40.7773353], [69.6591955, 40.7770495], [69.6592228, 40.7765845], [69.6609419, 40.7768635], [69.6608327, 40.7772871], [69.661051, 40.7772148], [69.6612693, 40.7771734], [69.6614876, 40.7771838], [69.6616514, 40.7772251], [69.6618833, 40.7773284], [69.6622926, 40.7771631], [69.6627565, 40.7771425], [69.6630567, 40.7771838], [69.6632204, 40.7772354], [69.663466, 40.7773801], [69.6638753, 40.7777107], [69.6639845, 40.7779483], [69.6639981, 40.7781033], [69.6639299, 40.7782273], [69.6638617, 40.7784133], [69.6638889, 40.7785682], [69.6642573, 40.7790951], [69.6642983, 40.7793947], [69.6644074, 40.779622], [69.6643119, 40.7800456], [69.6643528, 40.7803246], [69.6642846, 40.7803969], [69.6641618, 40.7804692], [69.6640936, 40.7806138], [69.6641209, 40.7809444], [69.6639299, 40.781399], [69.6639435, 40.7819156], [69.6637389, 40.7822565], [69.6637013, 40.7828402], [69.6646426, 40.7829848], [69.6648201, 40.7831398], [69.6649839, 40.7832224], [69.6651885, 40.7832844], [69.6653113, 40.7833671], [69.6653522, 40.7835014], [69.6654477, 40.7836563], [69.6658707, 40.7838423], [69.6659935, 40.7839766], [69.6660071, 40.7841419], [69.6659662, 40.7843485], [69.6659116, 40.784896], [69.6659389, 40.7851543], [69.6659799, 40.7852989], [69.6666211, 40.7867555], [69.6665392, 40.7869311], [69.6659799, 40.7874786], [69.6661481, 40.7876396], [69.6660145, 40.7877137], [69.6658815, 40.7877748], [69.6650477, 40.7880165], [69.6646451, 40.7880953], [69.6647237, 40.7881873], [69.6650221, 40.7882704], [69.6651956, 40.7884651], [69.6652554, 40.7889986], [69.6652148, 40.789555], [69.6651749, 40.7902161], [69.6651749, 40.7903813], [69.6652294, 40.7904846], [69.6653529, 40.790732], [69.6654477, 40.7910115], [69.6655131, 40.7912618], [69.6656142, 40.7914126], [69.6658298, 40.7915796], [69.6660929, 40.7916016], [69.6660978, 40.7918697], [69.6669727, 40.7924897], [69.6670475, 40.7924318], [69.6672248, 40.7922355], [69.6672931, 40.7920702], [69.6673067, 40.7916674], [69.6673067, 40.7914711], [69.6673749, 40.7913575], [69.6674568, 40.7912749], [69.6676205, 40.7911819], [69.6685756, 40.790903], [69.6694761, 40.79081], [69.6698308, 40.7907894], [69.6700218, 40.7908307], [69.6701582, 40.7909133], [69.6704594, 40.7912642], [69.6705266, 40.7913575], [69.6706631, 40.7914195], [69.6709632, 40.7914608], [69.671318, 40.7915744], [69.6717819, 40.7918017], [69.6719865, 40.7919979], [69.6726721, 40.7923904], [69.6729313, 40.7925144], [69.6732588, 40.792628], [69.6735044, 40.7927313], [69.673709, 40.7928346], [69.6738591, 40.7929586], [69.6739819, 40.7931755], [69.6741183, 40.793568], [69.6742548, 40.7936713], [69.6744185, 40.7937023], [69.6743366, 40.7940535], [69.674323, 40.7942291], [69.6744458, 40.7946474], [69.6744731, 40.794823], [69.6745686, 40.7950296], [69.6745686, 40.7951638], [69.6744322, 40.795484], [69.6744208, 40.7956668], [69.6744516, 40.7958792], [69.6744867, 40.7960211], [69.674514, 40.7965066], [69.6744594, 40.7967235], [69.6744049, 40.7971057], [69.6744049, 40.7973949], [69.6743366, 40.7975705], [69.6741183, 40.7977564], [69.6736545, 40.7979423], [69.6734771, 40.7981075], [69.6732724, 40.7982521], [69.6731005, 40.798417], [69.6728899, 40.7986711], [69.6727676, 40.7988099], [69.6726585, 40.7989028], [69.6724811, 40.7989751], [69.6721809, 40.7990578], [69.6721946, 40.7992747], [69.672331, 40.799316], [69.6728085, 40.7999873], [69.6730678, 40.8002868], [69.6732588, 40.8003798], [69.6734634, 40.8004211], [69.6736545, 40.8004314], [69.6740774, 40.8003798], [69.6741729, 40.8004934], [69.6752235, 40.8009065], [69.6756192, 40.8010718], [69.6767652, 40.8017328], [69.677277, 40.802109], [69.6770245, 40.802497], [69.6768744, 40.802621], [69.6765742, 40.8027552], [69.6764105, 40.8028792], [69.6760148, 40.8034265], [69.676506, 40.8035195], [69.6771063, 40.8035608], [69.6781569, 40.8038396], [69.6783206, 40.8039119], [69.6783479, 40.8039842], [69.6783206, 40.8040875], [69.678266, 40.8041908], [69.6783616, 40.804356], [69.6785526, 40.8040669], [69.6786208, 40.803881], [69.6787878, 40.8039444], [69.6786943, 40.8040761], [69.6786126, 40.8044761], [69.6785886, 40.8047924], [69.6784108, 40.8051052], [69.6784396, 40.8052579], [69.6783305, 40.8054271], [69.6780179, 40.8055814], [69.6779806, 40.8057897], [69.6777869, 40.8058874], [69.6776952, 40.8059902], [69.6775288, 40.806052], [69.67693, 40.8059957], [69.6768245, 40.8061295], [69.6767459, 40.8067889], [69.6766672, 40.8070425], [69.6770079, 40.8073521], [69.6768511, 40.8082615], [69.6765375, 40.8090474], [69.6763551, 40.8093944], [69.6760988, 40.8099378], [69.6758808, 40.8104818], [69.6757921, 40.8114597], [69.6756323, 40.8122148], [69.6756493, 40.8125276], [69.6757247, 40.8131504], [69.675685, 40.8132773], [69.6754958, 40.8134328], [69.675045, 40.8136306], [69.6749891, 40.8137138], [69.6749816, 40.8138384], [69.6750249, 40.8140971], [69.6750156, 40.8141782], [69.6748511, 40.8143515], [69.6746294, 40.8144565], [69.6744437, 40.8144831], [69.6742391, 40.8144481], [69.6740143, 40.8142877], [69.6733889, 40.813714], [69.6732131, 40.8136255], [69.6730553, 40.8136254], [69.672955, 40.813694], [69.672926, 40.8137904], [69.6728725, 40.8140585], [69.6728301, 40.8146476], [69.6727484, 40.8148824], [69.6725947, 40.8149983], [69.6723333, 40.815067], [69.6721242, 40.8150892], [69.6719502, 40.815046], [69.6717789, 40.8149309], [69.671309, 40.8142343], [69.6711066, 40.8139494], [69.6709413, 40.8138646], [69.6707781, 40.8138654], [69.6706607, 40.8139129], [69.670537, 40.8139974], [69.6703705, 40.8141798], [69.6702569, 40.8142674], [69.670143, 40.8143041], [69.6699812, 40.8143189], [69.6697596, 40.8143333], [69.6695346, 40.8143769], [69.6693529, 40.8143855], [69.6691706, 40.8143499], [69.6690536, 40.8143067], [69.6689438, 40.8142118], [69.6688199, 40.8139959], [69.6687536, 40.8139102], [69.6686457, 40.8138702], [69.6685222, 40.8138497], [69.6679255, 40.8138393], [69.667822, 40.8138391], [69.6676666, 40.8138872], [69.6675347, 40.8139676], [69.6674286, 40.8140722], [69.6671236, 40.8144445], [69.6669247, 40.8145744], [69.6668155, 40.8147809], [69.6667473, 40.8149977], [69.6665017, 40.8153695], [69.6663789, 40.8159477], [69.6662561, 40.8162988], [69.6662152, 40.8165982], [69.6661333, 40.8169287], [69.6660105, 40.8171971], [69.6657209, 40.81784], [69.6655813, 40.8184224], [69.6655824, 40.8184939], [69.6656842, 40.8186756], [69.6657994, 40.8187538], [69.6659562, 40.8184987], [69.666263, 40.8181935], [69.6667043, 40.8179337], [69.6669451, 40.8178425], [69.6672317, 40.8178012], [69.6669997, 40.8181109], [69.6670434, 40.8181991], [69.6671366, 40.8182872], [69.6673152, 40.818346], [69.6678044, 40.8184282], [69.6681383, 40.8187867], [69.6680839, 40.8190276], [69.6681619, 40.8191821], [69.6683989, 40.8192664], [69.6687903, 40.8194386], [69.6688979, 40.8194673], [69.6691002, 40.8194658], [69.6693866, 40.8194284], [69.6695204, 40.8194507], [69.6696466, 40.8194843], [69.6697246, 40.8195751], [69.6698066, 40.8197596], [69.6699277, 40.8199355], [69.6700772, 40.8201193], [69.6702253, 40.8205288], [69.670227, 40.8206906], [69.6702406, 40.8208702], [69.6702969, 40.8209433], [69.6706733, 40.8211168], [69.6709651, 40.821174], [69.670902, 40.8210494], [69.670773, 40.8208873], [69.670762, 40.8208208], [69.6709267, 40.8207336], [69.6710228, 40.8207814], [69.6710969, 40.8208561], [69.6711875, 40.8209205], [69.6713138, 40.8208852], [69.6714456, 40.8207564], [69.6715087, 40.8205154], [69.671376, 40.8203294], [69.6712787, 40.8202229], [69.6711898, 40.8201774], [69.671171, 40.8200895], [69.6713223, 40.8199825], [69.6714621, 40.8199179], [69.6716407, 40.8199296], [69.6719901, 40.8199414], [69.6724419, 40.8200019], [69.6727122, 40.820053], [69.6728831, 40.8201647], [69.6730151, 40.8202881], [69.6731859, 40.8205231], [69.6733101, 40.8206642], [69.673613, 40.8208228], [69.6737009, 40.8210555], [69.6739513, 40.8214225], [69.6742919, 40.8217315], [69.6748074, 40.8221016], [69.6751212, 40.8222048], [69.6755237, 40.8223236], [69.6758647, 40.8224991], [69.6766424, 40.8227572], [69.6773383, 40.8229121], [69.678075, 40.8231805], [69.6788937, 40.8235832], [69.6792484, 40.8238516], [69.6793712, 40.8239445], [69.6797396, 40.8243988], [69.6800397, 40.8247292], [69.6803399, 40.8248944], [69.6805718, 40.8249563], [69.6807083, 40.8249563], [69.6811722, 40.824915], [69.6815269, 40.824946], [69.6822125, 40.824946], [69.6823217, 40.824915], [69.6824581, 40.8248118], [69.6826764, 40.8246879], [69.6828401, 40.8246569], [69.6830584, 40.8246569], [69.6833176, 40.8246982], [69.6835632, 40.8247602], [69.6837679, 40.8247705], [69.6841363, 40.8246879], [69.6844637, 40.8246673], [69.6849413, 40.824533], [69.6850913, 40.825008], [69.6852414, 40.8253383], [69.6853096, 40.8256481], [69.6854188, 40.8258958], [69.6855552, 40.8261023], [69.6856234, 40.8264327], [69.6857326, 40.8267528], [69.6855723, 40.8269747], [69.6859816, 40.8273464], [69.6861862, 40.8274496], [69.6864318, 40.8275425], [69.6866911, 40.827718], [69.6869776, 40.8279245], [69.6871822, 40.8281826], [69.6874415, 40.8284614], [69.6875233, 40.8285853], [69.687728, 40.8287711], [69.6880691, 40.8290189], [69.6885651, 40.8292691], [69.6886477, 40.8293807], [69.6886363, 40.829508], [69.6887315, 40.8295706], [69.6887394, 40.8296701], [69.6887586, 40.8298854], [69.6887229, 40.8299944], [69.688616, 40.8300683], [69.6886307, 40.8302032], [69.6885043, 40.8302997], [69.6883757, 40.8305824], [69.6882465, 40.8307635], [69.6882965, 40.8308056], [69.688367, 40.8308324], [69.6885172, 40.8310368], [69.6885738, 40.8310483], [69.6886557, 40.8310706], [69.6887405, 40.8311374], [69.6888574, 40.8311832], [69.688938, 40.8312326], [69.6890157, 40.8312753], [69.6891106, 40.8313882], [69.689184, 40.8314306], [69.689215, 40.8314655], [69.6892305, 40.8315483], [69.6893223, 40.8316796], [69.689331, 40.8317255], [69.6892638, 40.8318912], [69.6892623, 40.8319669], [69.6893022, 40.8320492], [69.6894797, 40.8321249], [69.6893789, 40.8322811], [69.6892739, 40.8326964], [69.6891399, 40.8333358], [69.6891209, 40.8334507], [69.6890578, 40.8335408], [69.6890379, 40.8336588], [69.6889241, 40.8336982], [69.6887676, 40.8336672], [69.6886474, 40.8336992], [69.6885774, 40.833761], [69.6885875, 40.833845], [69.688533, 40.8339173], [69.6884238, 40.8339483], [69.6883139, 40.8340825], [69.6881329, 40.8343448], [69.6880964, 40.834516], [69.6880554, 40.8346399], [69.6880554, 40.8347741], [69.6883965, 40.8352386], [69.6884102, 40.8353935], [69.688342, 40.8355173], [69.6880691, 40.8356928], [69.6880282, 40.835796], [69.6881373, 40.8360541], [69.6880964, 40.8361367], [69.6878099, 40.8362193], [69.6877416, 40.8364257], [69.6876461, 40.8365083], [69.6874142, 40.8366425], [69.687346, 40.8367354], [69.6873869, 40.8368696], [69.6874142, 40.8370451], [69.6870185, 40.8379947], [69.6870185, 40.8382115], [69.6868002, 40.838676], [69.6865956, 40.8388618], [69.6865683, 40.838965], [69.6866638, 40.8390992], [69.6866228, 40.8394295], [69.6865001, 40.8396463], [69.6864182, 40.8397495], [69.6862818, 40.8397908], [69.6860362, 40.8398424], [69.685736, 40.8400179], [69.6854597, 40.8402708], [69.685296, 40.8404979], [69.6852278, 40.8406424], [69.6851459, 40.8407146], [69.6849958, 40.8407353], [69.6848594, 40.8407353], [69.6847775, 40.8407662], [69.6845456, 40.8411068], [69.6843037, 40.8413303], [69.684723, 40.8420977], [69.6830103, 40.843203], [69.6814075, 40.8442343], [69.6806435, 40.8445233], [69.6796202, 40.8452045], [69.6793473, 40.8453903], [69.6791699, 40.845607], [69.6786788, 40.8459992], [69.678133, 40.8463605], [69.6779011, 40.8466082], [69.6771097, 40.8471758], [69.6743191, 40.8492575], [69.6738141, 40.8486859], [69.6736506, 40.8483952], [69.673547, 40.8483451], [69.6733294, 40.8483194], [69.6730488, 40.8482334], [69.672771, 40.8481267], [69.6724399, 40.847915], [69.6723179, 40.8478806], [69.672176, 40.8479232], [69.6720083, 40.8480328], [69.6718862, 40.8480875], [69.6717417, 40.8480706], [69.6713009, 40.8478828], [69.6703842, 40.8477363], [69.6703022, 40.8475405], [69.6699777, 40.8475816], [69.6697621, 40.8475988], [69.669268, 40.8477177], [69.6691179, 40.8476764], [69.6687905, 40.8475216], [69.6683162, 40.8470447], [69.6681219, 40.8470158], [69.667849, 40.8470158], [69.6674179, 40.847135], [69.6673264, 40.8472333], [69.6672988, 40.8474433], [69.6672567, 40.8475372], [69.6669946, 40.8476228], [69.6664983, 40.847697], [69.666089, 40.8477029], [69.6659992, 40.8476314], [69.6659304, 40.8474869], [69.6658707, 40.8473048], [69.6656933, 40.8470984], [69.6655116, 40.8469977], [69.6652975, 40.8469364], [69.6648627, 40.8468678], [69.6644362, 40.8468178], [69.6642439, 40.8467639], [69.663928, 40.846555], [69.6634796, 40.8463703], [69.6632354, 40.846312], [69.6630361, 40.8463153], [69.6627365, 40.8463698], [69.6620046, 40.8465639], [69.6611273, 40.8467142], [69.660775, 40.8467803], [69.6605321, 40.8468606], [69.6603569, 40.8469909], [69.6602172, 40.847207], [69.6597779, 40.8478987], [69.6595661, 40.8482058], [69.6593971, 40.8484239], [69.6590247, 40.8488163], [69.6588165, 40.8490428], [69.6586216, 40.8492424], [69.6581548, 40.8495719], [69.6567224, 40.85031], [69.6546647, 40.8511589], [69.6526786, 40.8521187], [69.6505695, 40.8530654], [69.6505328, 40.8544988], [69.6504525, 40.8545393], [69.650227, 40.8545512], [69.6491242, 40.8545306], [69.6491137, 40.8551018], [69.6493624, 40.8551204], [69.6496059, 40.855153], [69.6498535, 40.8552012], [69.651881, 40.855684], [69.6524579, 40.8557404], [69.6531425, 40.8557717], [69.6582288, 40.855785], [69.6582005, 40.8564402], [69.6583039, 40.8566283], [69.6584873, 40.8568276], [69.6590216, 40.8571981], [69.6592752, 40.8575394], [69.6593629, 40.8577441], [69.6594696, 40.8581575], [69.6594062, 40.8589274], [69.6594091, 40.8590578], [69.6594707, 40.8591652], [69.659856, 40.8595717], [69.659793, 40.8597895], [69.6597733, 40.8599604], [69.6598087, 40.8601309], [69.6598132, 40.8602336], [69.659776, 40.8603552], [69.659775, 40.8605192], [69.6596535, 40.8607948], [69.6592252, 40.8608321], [69.6591044, 40.8609103], [69.6591109, 40.8610445], [69.6589495, 40.8610859], [69.6587295, 40.8610458], [69.6584515, 40.8610468], [69.6580857, 40.8609732], [69.6581038, 40.8612635], [69.6571725, 40.861321], [69.6569481, 40.8613672], [69.6566043, 40.86151], [69.6559777, 40.8617361], [69.6554593, 40.8618431], [69.6552136, 40.8618542], [69.6550306, 40.8618322], [69.6547395, 40.8617641], [69.6543618, 40.8616086], [69.6540384, 40.8614174], [69.6538745, 40.8612874], [69.6537323, 40.8612469], [69.6535794, 40.861255], [69.6530183, 40.8614764], [69.6525243, 40.8617532], [69.6521941, 40.8619552], [69.65184, 40.8620232], [69.651561, 40.8621399], [69.6514411, 40.8622207], [69.6512881, 40.8622474], [69.6510105, 40.8622973], [69.6507852, 40.8623269], [69.6505611, 40.8622975], [69.6503132, 40.8621195], [69.6502353, 40.8619109], [69.6500713, 40.8617202], [69.6501445, 40.861483], [69.6498048, 40.8613976], [69.6495833, 40.861401], [69.6493154, 40.8614053], [69.6491989, 40.8613741], [69.6491161, 40.8613198], [69.6489493, 40.8612873], [69.6488802, 40.861218], [69.6488312, 40.8611273], [69.6487141, 40.8610906], [69.648604, 40.8610315], [69.6485203, 40.8608292], [69.6483968, 40.8603265], [69.6482968, 40.8600127], [69.6480894, 40.8598059], [69.6473863, 40.8593894], [69.6484519, 40.8585736], [69.6483244, 40.8582995], [69.6483163, 40.8580258], [69.6481861, 40.8579474], [69.6479696, 40.8579348], [69.6477422, 40.8579806], [69.6474312, 40.8580575], [69.6471183, 40.8581987], [69.6469107, 40.8582918], [69.6466482, 40.8582865], [69.6463764, 40.8582032], [69.6461615, 40.858165], [69.6460053, 40.8582191], [69.6458273, 40.8584022], [69.6457678, 40.8585693], [69.6458028, 40.859474], [69.6457673, 40.8603118], [69.6448541, 40.8600578], [69.6444531, 40.8598831], [69.6442219, 40.859809], [69.6435624, 40.8597449], [69.6433105, 40.8596641], [69.6429202, 40.8596436], [69.642199, 40.8596598], [69.6415293, 40.8597695], [69.6408717, 40.8597514], [69.6401321, 40.8597128], [69.6397419, 40.859679], [69.6395076, 40.8596807], [69.6391777, 40.8597919], [69.6389205, 40.8599967], [69.638778, 40.8600861], [69.6382476, 40.8602855], [69.6368813, 40.8606095], [69.6365274, 40.8606792], [69.6362691, 40.8606822], [69.6359435, 40.8606767], [69.6356781, 40.8606487], [69.63548, 40.8606307], [69.6353455, 40.8606396], [69.6351864, 40.8606922], [69.634988, 40.8607758], [69.6347897, 40.8608301], [69.634496, 40.8608592], [69.6342479, 40.8609413], [69.6339654, 40.861057], [69.6336533, 40.8612355], [69.6334225, 40.861419], [69.6332298, 40.861516], [69.6329412, 40.8615453], [69.6330305, 40.8618631], [69.6330722, 40.8621906], [69.6332266, 40.8632675], [69.6332383, 40.8634631], [69.6331858, 40.8636402], [69.6326546, 40.8641477], [69.6325057, 40.8643276], [69.6323437, 40.8646218], [69.6322177, 40.8649994], [69.63223, 40.8650589], [69.6323253, 40.8651691], [69.6325042, 40.8653885], [69.6325742, 40.8655731], [69.6326163, 40.8657518], [69.6325596, 40.8660462], [69.632485, 40.8662652], [69.6322705, 40.866588], [69.6360875, 40.8663384], [69.646319, 40.8673923], [69.6461603, 40.8675991], [69.6461089, 40.8677326], [69.646102, 40.867835], [69.6458601, 40.8683534], [69.6458541, 40.8685355], [69.6459032, 40.8690379], [69.6459849, 40.8692863], [69.6461752, 40.8706754], [69.6465378, 40.8716644], [69.6466067, 40.871956], [69.6469659, 40.873476], [69.6466627, 40.8751843], [69.6465378, 40.8759664], [69.6465018, 40.876276], [69.6465345, 40.8764198], [69.6467156, 40.8764914], [69.6463485, 40.8776996], [69.6499937, 40.8785009], [69.6498698, 40.8788493], [69.6498706, 40.8790407], [69.6498548, 40.8802983], [69.6497045, 40.8803372], [69.6494499, 40.8803543], [69.6486188, 40.8803001], [69.6461531, 40.8801934], [69.6453297, 40.8801883], [69.6449733, 40.8802231], [69.6432699, 40.8805016], [69.6421962, 40.880659], [69.6415418, 40.8807916], [69.6410853, 40.8809369], [69.6382845, 40.8818256], [69.6358902, 40.8825906], [69.6357866, 40.8826128], [69.6356789, 40.8826159], [69.6355775, 40.8825921], [69.635476, 40.8825491], [69.6345531, 40.8819969], [69.6319294, 40.881513], [69.6313814, 40.8814148], [69.6290655, 40.881316], [69.6283714, 40.8812824], [69.6283134, 40.8812868], [69.6293282, 40.8847419], [69.6300822, 40.8872771], [69.6300771, 40.8874746], [69.6300006, 40.8876862], [69.6299056, 40.8878318], [69.6297673, 40.8880101], [69.6296305, 40.8881571], [69.6294654, 40.8883104], [69.6291884, 40.8885616], [69.6289515, 40.8887335], [69.6287481, 40.8888561], [69.6232466, 40.8910472], [69.6149664, 40.8939602], [69.6093463, 40.895818], [69.608068, 40.8961975], [69.6076443, 40.8962869], [69.6071601, 40.8963606], [69.6066786, 40.8963945], [69.6060823, 40.8964138], [69.605336, 40.896425], [69.6026484, 40.8964282], [69.6006775, 40.8966769], [69.5964025, 40.8974238], [69.5923851, 40.8980693], [69.5882688, 40.8986684], [69.5872325, 40.8987772], [69.586479, 40.8988259], [69.5858936, 40.8988584], [69.5854613, 40.8988761], [69.584908, 40.8988619], [69.5844161, 40.8988153], [69.5835278, 40.8986802], [69.582536, 40.8985], [69.5814474, 40.8982507], [69.5807818, 40.89808], [69.5800269, 40.8977912], [69.5762926, 40.8958845], [69.5759276, 40.8956947], [69.5755728, 40.8954661], [69.5747725, 40.8947404], [69.5743131, 40.8941905], [69.5738681, 40.8935566], [69.5735364, 40.8931093], [69.5733709, 40.8931616], [69.5730199, 40.8934307], [69.572376, 40.8940172], [69.5717156, 40.8946642], [69.5711256, 40.8949543], [69.5699584, 40.8954234], [69.5694735, 40.895633], [69.5692086, 40.8957188], [69.5689371, 40.8957748], [69.5684402, 40.8958121], [69.5677547, 40.895805], [69.567316, 40.8958735], [69.5670879, 40.8959401], [69.5669371, 40.8957223], [69.5667323, 40.8954779], [69.5664637, 40.8952824], [69.5662573, 40.8951769], [69.5661663, 40.895098], [69.5661048, 40.8949464], [69.5665088, 40.8948329], [69.5653151, 40.8924832], [69.5651896, 40.8922362], [69.5629693, 40.8928582], [69.5628519, 40.892635], [69.5625698, 40.8922904], [69.5622987, 40.8920897], [69.5619961, 40.8919118], [69.5613774, 40.8920673], [69.553576, 40.8942221], [69.5524942, 40.8943432], [69.5472911, 40.894642], [69.5438073, 40.8948642], [69.5387883, 40.895144], [69.5295635, 40.8957477], [69.522367, 40.8961704], [69.5222394, 40.8959401], [69.5216141, 40.8957481], [69.521147, 40.8954938], [69.5209069, 40.8954232], [69.5202317, 40.8954982], [69.5200177, 40.8954395], [69.5197898, 40.8952825], [69.5196931, 40.8951449], [69.5191718, 40.8950637], [69.513863, 40.895147], [69.5121217, 40.8951751], [69.5091878, 40.8932032], [69.5067391, 40.8834191], [69.5080404, 40.8832368], [69.5083141, 40.8815967], [69.5084006, 40.8795285], [69.5084189, 40.8793085], [69.5084594, 40.8792014], [69.5085755, 40.8790927], [69.5084874, 40.8790382], [69.5083271, 40.8790354], [69.5082293, 40.8788111], [69.5080807, 40.8785644], [69.5078837, 40.8784084], [69.5077642, 40.8783795], [69.5065572, 40.8784694], [69.5064752, 40.8759969], [69.5093159, 40.8759392], [69.5093841, 40.8754322], [69.5094467, 40.8750187], [69.5095425, 40.8745895], [69.5096442, 40.8742269], [69.5093625, 40.8737426], [69.5093084, 40.873385], [69.5091161, 40.8729028], [69.5088702, 40.8723655], [69.5089365, 40.8722474], [69.5089939, 40.8721466], [69.5089396, 40.8719721], [69.5090307, 40.8717956], [69.509019, 40.871658], [69.5089032, 40.8715897], [69.5088521, 40.8714881], [69.5089193, 40.8711515], [69.5045113, 40.8711206], [69.503944, 40.8642683], [69.5039541, 40.8637949], [69.5041027, 40.862255], [69.520839, 40.8617156], [69.5207974, 40.8611329], [69.520032, 40.8609279], [69.5193235, 40.8608104], [69.5172168, 40.8604669], [69.5167923, 40.8603303], [69.5157801, 40.8600487], [69.5154204, 40.8599796], [69.5149939, 40.8599667], [69.5144662, 40.859982], [69.5134816, 40.8601352], [69.5133428, 40.8601453], [69.5129754, 40.8600842], [69.5118559, 40.8601282], [69.5115952, 40.8601197], [69.5107237, 40.8601701], [69.5105078, 40.8601596], [69.5095404, 40.8598588], [69.5091877, 40.8596667], [69.5081892, 40.8594381], [69.5079152, 40.8593349], [69.5075492, 40.859253], [69.5072581, 40.8592077], [69.5068732, 40.8592382], [69.5055893, 40.8592615], [69.5047729, 40.8592304], [69.5044281, 40.8592727], [69.5040205, 40.8594188], [69.5040236, 40.8589847], [69.5040781, 40.8586097], [69.5041413, 40.8584057], [69.5040891, 40.8581677], [69.5039769, 40.857988], [69.5037751, 40.857891], [69.5034151, 40.8577892], [69.5020667, 40.8574418], [69.5016547, 40.8573987], [69.5012898, 40.8573539], [69.500775, 40.8572243], [69.5000637, 40.8570487], [69.4998986, 40.8569939], [69.4998388, 40.8569439], [69.4997637, 40.8568245], [69.4997618, 40.856683], [69.4997547, 40.8565405], [69.4998174, 40.8563502], [69.4998073, 40.8561923], [69.5000133, 40.8557141], [69.5000891, 40.8553477], [69.5001786, 40.8550129], [69.5001997, 40.8547625], [69.5001947, 40.8544386], [69.5002325, 40.8541639], [69.5002916, 40.8540018], [69.5008711, 40.8530851], [69.501132, 40.8526335], [69.5013787, 40.8523831], [69.5016084, 40.8520511], [69.5017047, 40.8518611], [69.501712, 40.8517635], [69.5016574, 40.8516096], [69.5016804, 40.8515405], [69.5017607, 40.8514182], [69.5020028, 40.8511532], [69.5024046, 40.8512334], [69.5029786, 40.8516036], [69.5032892, 40.8517246], [69.5037785, 40.8516534], [69.5040138, 40.8516107], [69.5045973, 40.8516819], [69.5052654, 40.8519453], [69.5060748, 40.8519951], [69.5064982, 40.8521375], [69.5069688, 40.8520449], [69.5075793, 40.8520708], [69.5079942, 40.851289], [69.508257, 40.8509272], [69.5086595, 40.8503756], [69.5089487, 40.8501644], [69.509574, 40.8496595], [69.5099609, 40.8493774], [69.5105479, 40.8491135], [69.5110338, 40.8489192], [69.511301, 40.8487658], [69.5115509, 40.8487106], [69.5120209, 40.8485861], [69.5123485, 40.8485746], [69.5126254, 40.8485035], [69.5128855, 40.8484997], [69.5131001, 40.8484692], [69.5134396, 40.8484773], [69.5136878, 40.8484129], [69.5196992, 40.8486264], [69.5258403, 40.84872], [69.5307729, 40.848856], [69.5311081, 40.8488337], [69.5317294, 40.8485771], [69.5308746, 40.8474222], [69.5304204, 40.8471356], [69.5290199, 40.8467824], [69.5279094, 40.8464769], [69.5271648, 40.846305], [69.5268375, 40.8462974], [69.5260163, 40.8461141], [69.5257892, 40.8459804], [69.5255746, 40.8458181], [69.5257687, 40.8455864], [69.5256995, 40.8450694], [69.5258207, 40.8445435], [69.5248652, 40.8445221], [69.5248208, 40.8439226], [69.525004, 40.843237], [69.5245111, 40.8432016], [69.5242976, 40.8431537], [69.5242195, 40.8430845], [69.5242009, 40.8426112], [69.5240867, 40.8423941], [69.5223945, 40.8422885], [69.5212209, 40.842579], [69.5210867, 40.8425861], [69.5209898, 40.8425508], [69.5208989, 40.842187], [69.5211395, 40.8418163], [69.5224039, 40.8407893], [69.5227938, 40.840292], [69.5224839, 40.8399791], [69.5228896, 40.8396828], [69.5226497, 40.8393641], [69.521578, 40.8396562], [69.5206238, 40.8393685], [69.5207259, 40.8387638], [69.5201941, 40.8386908], [69.5192689, 40.8390878], [69.5187233, 40.839236], [69.5180052, 40.839263], [69.5167785, 40.8391399], [69.5170724, 40.8385354], [69.5169056, 40.838051], [69.5166155, 40.8376598], [69.5165843, 40.8373664], [69.516935, 40.8369519], [69.5168824, 40.8366622], [69.5176215, 40.8363839], [69.5170026, 40.8358996], [69.5163868, 40.8352294], [69.5165816, 40.835219], [69.516954, 40.8351274], [69.5173143, 40.8349524], [69.5176044, 40.8347716], [69.5177861, 40.8346375], [69.5178908, 40.8346121], [69.5184665, 40.8346735], [69.518725, 40.834678], [69.5190943, 40.8344285], [69.5196655, 40.8341536], [69.5196202, 40.8340837], [69.5197021, 40.8340563], [69.5198707, 40.8340703], [69.5202841, 40.8339675], [69.5217705, 40.8335348], [69.5228023, 40.8330347], [69.523108, 40.8328568], [69.5232662, 40.8322295], [69.5237028, 40.8306746], [69.5240575, 40.829979], [69.5242758, 40.8293595], [69.5246306, 40.8287401], [69.5249853, 40.8274806], [69.5261257, 40.8245834], [69.5262678, 40.8244246], [69.5264588, 40.8243833], [69.526568, 40.8242594], [69.5265953, 40.8241149], [69.5267044, 40.8240116], [69.5269038, 40.8239586], [69.5277944, 40.8237277], [69.5278371, 40.8237495], [69.5281634, 40.8240868], [69.5282852, 40.8243434], [69.528351, 40.8243845], [69.5284425, 40.8243919], [69.5286461, 40.8242969], [69.5305165, 40.8234698], [69.5319436, 40.8228966], [69.5323529, 40.8227107], [69.5326531, 40.8225249], [69.532926, 40.8222565], [69.5332261, 40.8219054], [69.5334444, 40.8215957], [69.5337446, 40.8208936], [69.5339902, 40.820336], [69.5342358, 40.8199643], [69.5346724, 40.8194068], [69.5358457, 40.8178167], [69.5364461, 40.8178786], [69.5368554, 40.8179406], [69.5378104, 40.8184362], [69.5393113, 40.8193035], [69.5409485, 40.8200056], [69.5411941, 40.8200056], [69.5426676, 40.8197785], [69.5436072, 40.8194189], [69.5459694, 40.8194274], [69.5461877, 40.8193861], [69.5468699, 40.8193448], [69.546788, 40.8198611], [69.5468426, 40.8205632], [69.5466104, 40.8216819], [69.5499534, 40.8218228], [69.5500625, 40.8217609], [69.5507038, 40.8212343], [69.5513178, 40.8206664], [69.5510858, 40.8204289], [69.5515361, 40.8202018], [69.5521637, 40.8200263], [69.5524365, 40.819923], [69.5525321, 40.8198404], [69.5527094, 40.8196133], [69.5528868, 40.8196133], [69.5536781, 40.8191899], [69.5538964, 40.8191176], [69.5544422, 40.8190557], [69.5544012, 40.8186737], [69.5544558, 40.8183639], [69.554374, 40.8179819], [69.5541284, 40.8179612], [69.5539783, 40.8174346], [69.5538419, 40.8170835], [69.5537408, 40.8170027], [69.5536372, 40.8169183], [69.5535826, 40.8167944], [69.5536918, 40.8166808], [69.5536099, 40.8164847], [69.5534053, 40.8162162], [69.553337, 40.8159787], [69.5533055, 40.815601], [69.5532961, 40.8155347], [69.5532142, 40.8150081], [69.552955, 40.8150494], [69.5528459, 40.8143885], [69.5530778, 40.8143472], [69.5530369, 40.8140581], [69.5528186, 40.8140787], [69.5527504, 40.8138102], [69.5525593, 40.8138102], [69.5525303, 40.8135202], [69.5525184, 40.8133352], [69.5525404, 40.8132232], [69.5525593, 40.8130771], [69.552573, 40.8128809], [69.5528554, 40.8126797], [69.5528459, 40.8124059], [69.5528459, 40.8123233], [69.5527504, 40.8120858], [69.5525183, 40.8117124], [69.5524567, 40.8113281], [69.5524894, 40.8111663], [69.5524231, 40.8110038], [69.5521025, 40.8105017], [69.5519633, 40.8100475], [69.5519518, 40.8095637], [69.5517526, 40.8087923], [69.5516865, 40.8077272], [69.5514859, 40.8070568], [69.5516169, 40.8066418], [69.5519621, 40.806204], [69.5520619, 40.8058488], [69.5523501, 40.8048349], [69.5523226, 40.8047269], [69.5519785, 40.8038031], [69.5519871, 40.8037147], [69.5530819, 40.8035108], [69.5531338, 40.8034818], [69.5531616, 40.8034004], [69.5539061, 40.802546], [69.5538146, 40.8023679], [69.5539374, 40.8019858], [69.5541011, 40.8017586], [69.5541693, 40.8015004], [69.5542648, 40.8013042], [69.5545923, 40.80086], [69.5546195, 40.8006535], [69.5547151, 40.8003333], [69.5548651, 40.8000131], [69.5550289, 40.7997807], [69.5554518, 40.7994089], [69.5558611, 40.7991817], [69.5566115, 40.7988719], [69.5567736, 40.798648], [69.5567849, 40.7985521], [69.5566362, 40.7979198], [69.5565703, 40.7971536], [69.5563796, 40.7958042], [69.5568322, 40.7956883], [69.5569921, 40.7956728], [69.5572496, 40.7956826], [69.5573771, 40.7955026], [69.5575131, 40.7954454], [69.5572937, 40.7948643], [69.5574056, 40.7943114], [69.5576212, 40.7940276], [69.5583225, 40.7943421], [69.5585725, 40.793985], [69.5589567, 40.79377], [69.5591412, 40.7935236], [69.5595451, 40.7931538], [69.5597905, 40.7931083], [69.5601158, 40.7931062], [69.5605301, 40.7932073], [69.5607328, 40.7932114], [69.5608824, 40.7932126], [69.5610868, 40.7931544], [69.5614551, 40.7929121], [69.5612777, 40.7928191], [69.5614687, 40.7925196], [69.5619599, 40.7919411], [69.5620008, 40.7915073], [69.5619735, 40.7911561], [69.5620424, 40.790709], [69.5623188, 40.7907377], [69.5625955, 40.7907236], [69.5625636, 40.7910476], [69.5627819, 40.7912129], [69.5631094, 40.7908617], [69.5628365, 40.790748], [69.562932, 40.7904485], [69.5630621, 40.7902895], [69.5634232, 40.7900043], [69.5636278, 40.7897771], [69.5637779, 40.7893639], [69.563928, 40.7890436], [69.5642009, 40.7885788], [69.5644601, 40.7880003], [69.5646375, 40.7877937], [69.5650741, 40.7873805], [69.5653776, 40.7869466]]]]}}, {"type": "Feature", "properties": {"name_uz": "Bekobod", "name_en": "Bekabad", "name_ru": "Бекабад", "osm_name": "Bekobod", "osm_id": 140374892, "osm_type": "way", "place": "town", "admin_level": null, "source": "overpass", "bbox": [69.201418, 40.189352, 69.303867, 40.25228]}, "geometry": {"type": "Polygon", "coordinates": [[[69.2113129, 40.2155658], [69.2079393, 40.2188717], [69.2054537, 40.2208725], [69.2044064, 40.220942], [69.2014175, 40.2214286], [69.2019031, 40.2227378], [69.2041791, 40.2225292], [69.2048115, 40.2248787], [69.208018, 40.2232707], [69.2113366, 40.2233017], [69.2135842, 40.2234626], [69.2144739, 40.2247855], [69.2210852, 40.227455], [69.2299434, 40.2282156], [69.2367014, 40.2292239], [69.2402199, 40.2294613], [69.2410284, 40.2374958], [69.251488, 40.2366248], [69.2554666, 40.2334425], [69.2566965, 40.2342918], [69.2570468, 40.2354355], [69.2598726, 40.2374635], [69.2600468, 40.2393], [69.2607413, 40.2408908], [69.261969, 40.2427738], [69.2657349, 40.2460808], [69.267172, 40.2462878], [69.2744552, 40.2429779], [69.2771352, 40.2476489], [69.2789138, 40.2499654], [69.2781305, 40.251821], [69.2808066, 40.2522805], [69.2860766, 40.2502301], [69.2873218, 40.2487155], [69.289218, 40.2475638], [69.2962047, 40.2460374], [69.3006912, 40.2447575], [69.2957412, 40.2347224], [69.2912903, 40.2319893], [69.2878448, 40.2298735], [69.2883597, 40.2221407], [69.289218, 40.2183396], [69.2980053, 40.2079444], [69.2980929, 40.2008186], [69.2985701, 40.2000384], [69.3006148, 40.1973676], [69.3006258, 40.1971865], [69.3003299, 40.1967143], [69.3008751, 40.1957216], [69.3038669, 40.1920693], [69.3023197, 40.1895293], [69.3005868, 40.1893525], [69.2929712, 40.1933503], [69.2858295, 40.1966862], [69.2833367, 40.1992999], [69.2791913, 40.2007698], [69.2722236, 40.2030016], [69.2656313, 40.2015146], [69.2643462, 40.2011356], [69.2615754, 40.2028522], [69.2617899, 40.2036119], [69.2569066, 40.2067493], [69.2549531, 40.2052573], [69.2520228, 40.2070654], [69.2496349, 40.2079532], [69.246841, 40.2088228], [69.2437617, 40.2086458], [69.240103, 40.2088228], [69.2353516, 40.2089619], [69.2331001, 40.2094423], [69.2306244, 40.2089268], [69.22767, 40.2100113], [69.2233987, 40.2110606], [69.2159488, 40.2124513], [69.2152789, 40.2150492], [69.2113129, 40.2155658]]]}}, {"type": "Feature", "properties": {"name_uz": "Nurafshon", "name_en": "Nurafshan", "name_ru": "Нурафшан", "osm_name": "Nurafshon", "osm_id": 246180265, "osm_type": "node", "place": "city", "admin_level": null, "source": "overpass-node", "bbox": [69.298123, 40.997871, 69.417571, 41.087961]}, "geometry": {"type": "Point", "coordinates": [69.3578473, 41.0429158]}}, {"type": "Feature", "properties": {"name_uz": "Qibray", "name_en": "Kibray", "name_ru": "Кибрай", "osm_name": "Qibray", "osm_id": 45577351, "osm_type": "way", "place": "town", "admin_level": null, "source": "overpass", "bbox": [69.441349, 41.375247, 69.488309, 41.400728]}, "geometry": {"type": "Polygon", "coordinates": [[[69.4615805, 41.3978264], [69.4611034, 41.3980656], [69.4599643, 41.3988306], [69.4595057, 41.3990506], [69.4570792, 41.4007275], [69.4554541, 41.4002114], [69.4576986, 41.3982585], [69.4531362, 41.3957119], [69.4512505, 41.3986206], [69.4509441, 41.3985389], [69.4510467, 41.3980418], [69.4523003, 41.3952453], [69.4538695, 41.3932593], [69.4546105, 41.3936318], [69.455458, 41.3927135], [69.4558682, 41.3928329], [69.4574369, 41.3921403], [69.4576651, 41.3920396], [69.457743, 41.3916772], [69.4578855, 41.3910148], [69.4536828, 41.3882211], [69.4413491, 41.3827151], [69.4426875, 41.3811313], [69.4493059, 41.3836343], [69.4501336, 41.3807361], [69.4532588, 41.381725], [69.455008, 41.3824606], [69.4567076, 41.3827318], [69.4575631, 41.3812735], [69.455305, 41.3804636], [69.4568169, 41.3785344], [69.4618039, 41.3796726], [69.4626122, 41.3783896], [69.4636036, 41.3783587], [69.4642608, 41.3777783], [69.4638636, 41.3771891], [69.4615209, 41.3759785], [69.4621325, 41.3752781], [69.4624464, 41.3752465], [69.4634975, 41.3753678], [69.463838, 41.3754828], [69.4650832, 41.3759483], [69.4653809, 41.3757211], [69.4671363, 41.3761075], [69.4672892, 41.3757851], [69.4677835, 41.3756871], [69.4690342, 41.3758817], [69.4687042, 41.3762156], [69.4686795, 41.3764866], [69.4687366, 41.3767534], [69.4690528, 41.3773214], [69.4690181, 41.3775967], [69.4697182, 41.3782168], [69.4699142, 41.3786788], [69.4719417, 41.3797897], [69.4726665, 41.3797913], [69.4739865, 41.3825789], [69.4705041, 41.3849143], [69.4725872, 41.3864309], [69.4729065, 41.3870891], [69.4736688, 41.3876852], [69.4755991, 41.3881479], [69.4757516, 41.3881845], [69.4763814, 41.3877896], [69.4774853, 41.3882435], [69.4785633, 41.3877513], [69.4772651, 41.3857236], [69.4789446, 41.3846479], [69.479787, 41.3846627], [69.483568, 41.3843332], [69.4844378, 41.3861328], [69.4844308, 41.3875953], [69.4839674, 41.3878353], [69.4841737, 41.3885151], [69.4853186, 41.3895907], [69.4877524, 41.3881975], [69.4883091, 41.3887119], [69.4850861, 41.3905863], [69.4839549, 41.3899074], [69.4838565, 41.3887112], [69.4833875, 41.3886338], [69.4827732, 41.3887886], [69.482746, 41.3897033], [69.4816139, 41.3893654], [69.4804528, 41.3898085], [69.4794562, 41.3895025], [69.4791752, 41.3893132], [69.4773184, 41.388795], [69.4768204, 41.3897149], [69.4761357, 41.389503], [69.4738643, 41.3909171], [69.4746231, 41.3913075], [69.474325, 41.3917448], [69.4744062, 41.3919977], [69.473367, 41.393428], [69.4758261, 41.3943959], [69.4778581, 41.3951678], [69.4773301, 41.39583], [69.4760332, 41.3952814], [69.4763003, 41.3948585], [69.4756353, 41.3946222], [69.4738616, 41.3968369], [69.4742423, 41.3970717], [69.4734923, 41.3980716], [69.4698156, 41.3967065], [69.4677792, 41.3968207], [69.4667353, 41.3987273], [69.4667002, 41.3988], [69.4666096, 41.3988189], [69.4662585, 41.398697], [69.4660587, 41.3990735], [69.4648586, 41.3986163], [69.4632926, 41.3978747], [69.4629669, 41.3977582], [69.4625073, 41.3976812], [69.4621386, 41.3977024], [69.4615805, 41.3978264]]]}}, {"type": "Feature", "properties": {"name_uz": "Yangiyo'l", "name_en": "Yangiyul", "name_ru": "Янгиюль", "osm_name": "Yangiyo'l shahri", "osm_id": 7163853, "osm_type": "relation", "place": "town", "admin_level": "6", "source": "overpass", "bbox": [69.029081, 41.093899, 69.080591, 41.143918]}, "geometry": {"type": "MultiPolygon", "coordinates": [[[[69.0290805, 41.1020478], [69.0292552, 41.1018626], [69.029409, 41.1016655], [69.0295872, 41.1014069], [69.029695, 41.1012583], [69.029846, 41.1011156], [69.0303758, 41.1007715], [69.0308862, 41.1004307], [69.0312768, 41.1000837], [69.0313751, 41.0999531], [69.0314563, 41.0998198], [69.0315382, 41.0996837], [69.0316132, 41.0995321], [69.0317286, 41.0991626], [69.0318944, 41.0988698], [69.0322879, 41.0985866], [69.0324772, 41.0983801], [69.0329492, 41.0973692], [69.0321413, 41.0968231], [69.0313994, 41.096396], [69.0309705, 41.0960223], [69.0298317, 41.0959936], [69.035439, 41.093899], [69.0362929, 41.0941694], [69.0370802, 41.0947171], [69.0379339, 41.094668], [69.0384246, 41.0947847], [69.0387957, 41.0952636], [69.0392253, 41.0955319], [69.0388351, 41.0957503], [69.0396921, 41.0966028], [69.0399132, 41.0968797], [69.0409627, 41.0963366], [69.0418486, 41.0958843], [69.042474, 41.0956095], [69.043514, 41.095111], [69.0441917, 41.0953744], [69.0450435, 41.096365], [69.0453166, 41.0963906], [69.0467524, 41.0965122], [69.0477216, 41.0961998], [69.0486179, 41.0961326], [69.0494517, 41.0962715], [69.0515158, 41.0966125], [69.0519461, 41.0967681], [69.0528157, 41.0973365], [69.0531527, 41.0973037], [69.0547116, 41.1000479], [69.0556942, 41.1012413], [69.0566314, 41.1014168], [69.0578833, 41.1009262], [69.0594217, 41.1031288], [69.0596975, 41.1035237], [69.0612175, 41.1056822], [69.0612451, 41.105721], [69.0617268, 41.1063833], [69.0620615, 41.1068434], [69.0622334, 41.1070796], [69.0622517, 41.1071048], [69.0628944, 41.108], [69.0632944, 41.1085478], [69.0636604, 41.1090668], [69.0641941, 41.109784], [69.0642627, 41.1098761], [69.064329, 41.1098212], [69.0643443, 41.1098086], [69.0644763, 41.1096994], [69.0661384, 41.1082482], [69.0667139, 41.1087306], [69.0685995, 41.1074164], [69.0688933, 41.1076056], [69.0689761, 41.108965], [69.0690124, 41.1095664], [69.0688163, 41.109748], [69.0679604, 41.1105409], [69.0679599, 41.110597], [69.0684841, 41.1109845], [69.0685121, 41.1110649], [69.0676841, 41.111721], [69.0681977, 41.1122129], [69.0686979, 41.1125646], [69.0678886, 41.1132628], [69.0676998, 41.113427], [69.0677512, 41.1134981], [69.0679859, 41.1138172], [69.0684319, 41.1144505], [69.0688736, 41.115068], [69.0695995, 41.1161567], [69.069971, 41.1166721], [69.0700006, 41.1167138], [69.0707788, 41.1178335], [69.0708135, 41.1178834], [69.0710917, 41.1182539], [69.0713604, 41.1186119], [69.0713726, 41.1186279], [69.0714671, 41.1187511], [69.0718954, 41.1194074], [69.0719276, 41.1194567], [69.0720283, 41.1196079], [69.07208, 41.1196903], [69.0721247, 41.1197536], [69.072138, 41.1197724], [69.0734292, 41.1216007], [69.0736032, 41.1218463], [69.0742427, 41.1227467], [69.0743213, 41.1228584], [69.0744529, 41.1230573], [69.0744724, 41.123086], [69.0745371, 41.1231688], [69.0746382, 41.1233092], [69.0749714, 41.1237894], [69.0755147, 41.1245769], [69.0757269, 41.1248605], [69.0762771, 41.1256231], [69.0766905, 41.1262359], [69.0777643, 41.1277993], [69.0787451, 41.1292118], [69.0791586, 41.1298069], [69.0801446, 41.1312114], [69.0805914, 41.1318415], [69.0791753, 41.1322892], [69.0788696, 41.1329914], [69.078819, 41.1333889], [69.0786721, 41.1336347], [69.0787225, 41.134286], [69.0786117, 41.1344082], [69.0785167, 41.1347509], [69.0784037, 41.1348373], [69.0782179, 41.1349762], [69.0778703, 41.135236], [69.0763677, 41.1342959], [69.07573, 41.1348723], [69.0757072, 41.1348999], [69.075689, 41.1349283], [69.0756762, 41.1349566], [69.0756708, 41.1349845], [69.0756778, 41.1350163], [69.0756934, 41.1350434], [69.0757194, 41.1350721], [69.0757499, 41.1350962], [69.0759898, 41.1352445], [69.0760144, 41.1352667], [69.0760345, 41.1352922], [69.076052, 41.1353199], [69.0760588, 41.1353508], [69.076067, 41.1354087], [69.0760564, 41.1354637], [69.0760373, 41.1355208], [69.076007, 41.1355723], [69.0757458, 41.1358812], [69.0756279, 41.136194], [69.0755245, 41.1365053], [69.0752198, 41.136461], [69.0743245, 41.1363133], [69.0726824, 41.1362651], [69.0724206, 41.1362489], [69.0721621, 41.1361758], [69.072007, 41.1361808], [69.0713594, 41.136542], [69.0709665, 41.1368403], [69.0702133, 41.1373849], [69.0690805, 41.1382378], [69.0686321, 41.1387265], [69.0683837, 41.1391481], [69.0682531, 41.139501], [69.0682542, 41.1404992], [69.0682263, 41.1410766], [69.0681131, 41.1413747], [69.0679267, 41.1415672], [69.0676697, 41.1417419], [69.0673999, 41.1418962], [69.0670917, 41.142072], [69.0666296, 41.1423012], [69.0661897, 41.1425558], [69.0658195, 41.1428501], [69.0652777, 41.1433583], [69.0649117, 41.143667], [69.0647475, 41.1438353], [69.0645934, 41.1439183], [69.0644176, 41.1438534], [69.0643423, 41.1438095], [69.0642841, 41.1437612], [69.064246, 41.1436882], [69.0642372, 41.1436078], [69.0642575, 41.1435273], [69.0643602, 41.1433763], [69.0645255, 41.1431737], [69.064665, 41.1429838], [69.0646922, 41.142917], [69.0646816, 41.1428501], [69.0646471, 41.1427857], [69.0645776, 41.1427367], [69.0644613, 41.1426678], [69.0636439, 41.1421704], [69.062251, 41.1412749], [69.0621768, 41.1412101], [69.0621346, 41.1411299], [69.06212, 41.1410511], [69.0621346, 41.1409724], [69.0622365, 41.1407946], [69.0624672, 41.1404108], [69.0626335, 41.1400957], [69.0626435, 41.1399688], [69.0626215, 41.1398281], [69.0625607, 41.1396874], [69.0624771, 41.1395467], [69.0621134, 41.1391051], [69.0618508, 41.1386654], [69.0615512, 41.1380095], [69.0614257, 41.1377905], [69.0612141, 41.1375855], [69.0603011, 41.1368991], [69.0593586, 41.1365498], [69.0589119, 41.1360178], [69.0584516, 41.1356478], [69.057933, 41.1351022], [69.0578405, 41.1350598], [69.0576782, 41.1350039], [69.0572215, 41.1348827], [69.0566046, 41.1343789], [69.0557959, 41.1333822], [69.0553166, 41.1326642], [69.0556915, 41.1319826], [69.0557674, 41.1317486], [69.0557744, 41.1316143], [69.0557354, 41.1313369], [69.0556924, 41.1311446], [69.0555537, 41.1309821], [69.0551193, 41.1306425], [69.0547571, 41.1304907], [69.054185, 41.1298879], [69.053731, 41.1297024], [69.0533925, 41.1295408], [69.052875, 41.1294265], [69.0525913, 41.1293916], [69.0523576, 41.1293122], [69.0521687, 41.1291865], [69.0520707, 41.1290129], [69.0520214, 41.1288033], [69.0520265, 41.1285902], [69.0519561, 41.1284538], [69.0518447, 41.128338], [69.0513394, 41.1279855], [69.0510481, 41.1278417], [69.0508004, 41.1277859], [69.0505527, 41.1277579], [69.0501057, 41.1277428], [69.0496179, 41.1275794], [69.0491564, 41.1273444], [69.0489568, 41.1269919], [69.0489261, 41.1268866], [69.0490204, 41.1266689], [69.0490271, 41.1264886], [69.0489948, 41.1263279], [69.048932, 41.1260269], [69.0488594, 41.1258311], [69.0485897, 41.1256129], [69.0484523, 41.1254584], [69.0484579, 41.1253465], [69.0485165, 41.1252387], [69.0486372, 41.1251027], [69.0486643, 41.1249901], [69.0486019, 41.1247824], [69.0488165, 41.1243086], [69.0488595, 41.1241226], [69.0488708, 41.1239367], [69.0488201, 41.1238292], [69.0487228, 41.1237556], [69.0485997, 41.1237133], [69.0484407, 41.1236826], [69.0481755, 41.1236927], [69.0479076, 41.1237344], [69.0477246, 41.1237391], [69.0474539, 41.1236191], [69.0471607, 41.1234611], [69.0467071, 41.1233505], [69.0464163, 41.1232523], [69.0458285, 41.1229765], [69.0453327, 41.1229618], [69.0451437, 41.1229141], [69.0447211, 41.122412], [69.0439918, 41.1218804], [69.0435567, 41.1216056], [69.043098, 41.1214416], [69.0429285, 41.1213497], [69.0428018, 41.1212579], [69.0425171, 41.1210478], [69.0419962, 41.1208694], [69.0419483, 41.1207868], [69.0419484, 41.1206769], [69.0421865, 41.1202315], [69.0422448, 41.1198632], [69.0422417, 41.1195925], [69.0421174, 41.119187], [69.0420002, 41.118847], [69.0419026, 41.1186767], [69.0417877, 41.1185176], [69.041634, 41.1183615], [69.0413837, 41.1181841], [69.0411367, 41.1178648], [69.0408812, 41.1174758], [69.0407757, 41.1172988], [69.0405466, 41.117188], [69.0403532, 41.1171086], [69.0401399, 41.1170593], [69.0401299, 41.1170582], [69.0386561, 41.1170288], [69.0385342, 41.1170058], [69.0384367, 41.1169279], [69.0383538, 41.1168495], [69.038287, 41.1167588], [69.0382446, 41.1165537], [69.0382061, 41.1163307], [69.0381302, 41.116188], [69.0380559, 41.116106], [69.0379448, 41.1160413], [69.0378258, 41.1160347], [69.0376793, 41.1160408], [69.037508, 41.1160668], [69.0374364, 41.1160681], [69.0373725, 41.1160649], [69.0372564, 41.11601], [69.0371471, 41.1159407], [69.036932, 41.1158016], [69.0369812, 41.1157329], [69.0370023, 41.1156981], [69.0370238, 41.1156253], [69.0371525, 41.115492], [69.0371525, 41.1154313], [69.0371096, 41.1153788], [69.0369594, 41.115302], [69.0370863, 41.1151216], [69.0374714, 41.1145743], [69.0376794, 41.1142788], [69.0378566, 41.1140269], [69.0379034, 41.1139604], [69.0379717, 41.1137249], [69.038222, 41.1134742], [69.0383431, 41.1133631], [69.0387256, 41.1130119], [69.0388962, 41.1128881], [69.0388414, 41.112851], [69.0387235, 41.1127449], [69.0377029, 41.1122775], [69.0376533, 41.1121171], [69.0372004, 41.111868], [69.0368736, 41.1120485], [69.0365034, 41.1125618], [69.0361207, 41.1123343], [69.0358758, 41.1118424], [69.0357819, 41.1114371], [69.0358869, 41.1113251], [69.0359866, 41.1110569], [69.0356699, 41.1094474], [69.0356638, 41.1093651], [69.0356256, 41.1088467], [69.0355968, 41.1084569], [69.0349586, 41.1077785], [69.0347156, 41.1075354], [69.0343828, 41.1071874], [69.0335486, 41.106315], [69.0334066, 41.1062155], [69.0330432, 41.105961], [69.0316585, 41.1045806], [69.0305114, 41.1033606], [69.029525, 41.1023252], [69.0290805, 41.1020478]]]]}}, {"type": "Feature", "properties": {"name_uz": "Bo'ka", "name_en": "Buka", "name_ru": "Бука", "osm_name": "Bo'ka", "osm_id": 48359314, "osm_type": "way", "place": "town", "admin_level": null, "source": "overpass", "bbox": [69.177634, 40.792122, 69.233144, 40.83021]}, "geometry": {"type": "Polygon", "coordinates": [[[69.2230009, 40.811185], [69.2197262, 40.8074289], [69.217253, 40.8063051], [69.2136916, 40.8054368], [69.2116758, 40.8048679], [69.2019228, 40.8001845], [69.1983854, 40.7990472], [69.1956532, 40.796362], [69.1930455, 40.79434], [69.1907684, 40.7921222], [69.1891296, 40.7944119], [69.1892957, 40.7949509], [69.1862817, 40.7974123], [69.1793992, 40.7950407], [69.1784973, 40.7961906], [69.1833388, 40.7994245], [69.1814639, 40.8001611], [69.179328, 40.8008797], [69.1788167, 40.8023984], [69.1871231, 40.8033146], [69.1880725, 40.8046979], [69.1867909, 40.8057577], [69.1782945, 40.8040511], [69.1776339, 40.8060862], [69.1792346, 40.8145602], [69.1798624, 40.8215856], [69.1826311, 40.8220793], [69.1862838, 40.8233264], [69.1879056, 40.8281686], [69.1890715, 40.8275803], [69.1896067, 40.827333], [69.1952944, 40.8279994], [69.199784, 40.8284054], [69.2009252, 40.8294446], [69.2034717, 40.8289192], [69.2072599, 40.8268103], [69.2075723, 40.8302097], [69.2104603, 40.830054], [69.2102976, 40.8263475], [69.2152409, 40.8267761], [69.2236217, 40.8276857], [69.2247082, 40.8280737], [69.224809, 40.8267148], [69.2224574, 40.8261765], [69.2224944, 40.8254113], [69.2202982, 40.8233828], [69.2204312, 40.8232155], [69.2206518, 40.8213905], [69.2208413, 40.8202305], [69.2203525, 40.8190409], [69.2206653, 40.8173769], [69.2258544, 40.8175543], [69.2257943, 40.8211149], [69.2262939, 40.821215], [69.2264833, 40.81812], [69.2269309, 40.8181062], [69.2268932, 40.8176323], [69.2301836, 40.8179708], [69.2331436, 40.8148711], [69.2230009, 40.811185]]]}}, {"type": "Feature", "properties": {"name_uz": "Parkent", "name_en": "Parkent", "name_ru": "Паркент", "osm_name": "Parkent", "osm_id": 48349049, "osm_type": "way", "place": "town", "admin_level": null, "source": "overpass", "bbox": [69.6349, 41.260652, 69.712794, 41.323583]}, "geometry": {"type": "Polygon", "coordinates": [[[69.6877779, 41.2685701], [69.6862454, 41.2686193], [69.6855193, 41.2658659], [69.6873191, 41.2635481], [69.687915, 41.2612619], [69.6861244, 41.2606522], [69.6839722, 41.2629809], [69.6822439, 41.264019], [69.6809291, 41.2654222], [69.6812572, 41.2663419], [69.6796601, 41.2667478], [69.6785785, 41.2674495], [69.6760263, 41.2685465], [69.6761797, 41.2688014], [69.6764956, 41.2686719], [69.6767784, 41.2702224], [69.6755259, 41.2704409], [69.6724616, 41.2710619], [69.6684796, 41.271765], [69.6665578, 41.2720756], [69.6660795, 41.2721051], [69.6647148, 41.2721268], [69.6644792, 41.2705979], [69.6639771, 41.2708056], [69.6639399, 41.2709929], [69.6629459, 41.2713695], [69.6627328, 41.2716222], [69.6629561, 41.2718105], [69.6629686, 41.2720952], [69.662143, 41.2720439], [69.6621017, 41.2724775], [69.6622712, 41.2725142], [69.6624826, 41.2734794], [69.6623673, 41.2735505], [69.662415, 41.2740908], [69.6623755, 41.2743966], [69.6621267, 41.275], [69.6621568, 41.275852], [69.6623392, 41.2759345], [69.6623871, 41.2762675], [69.6624311, 41.277045], [69.6629597, 41.2778345], [69.6621871, 41.2779276], [69.6610986, 41.277713], [69.6602378, 41.2773477], [69.6594317, 41.2771269], [69.6585474, 41.2770421], [69.6553748, 41.2791572], [69.6553086, 41.2790777], [69.6552741, 41.2789266], [69.6551173, 41.2787638], [69.6551549, 41.2786697], [69.6549886, 41.2784917], [69.6550033, 41.2780576], [69.6544773, 41.2783951], [69.6540694, 41.2788458], [69.6536449, 41.2786754], [69.6531726, 41.2791281], [69.6532127, 41.2793381], [69.6536269, 41.2794236], [69.6535798, 41.2799602], [69.6534418, 41.2802592], [69.6533197, 41.2804775], [69.6531105, 41.2805827], [69.653021, 41.2807434], [69.6545111, 41.2816431], [69.6541226, 41.2817548], [69.6541234, 41.2828083], [69.6541237, 41.2832948], [69.6531785, 41.2829193], [69.6531551, 41.2827009], [69.6525942, 41.2825275], [69.6528628, 41.2829959], [69.6528301, 41.2838403], [69.6526291, 41.2839931], [69.6521739, 41.2840551], [69.6513841, 41.2834235], [69.6505417, 41.2829556], [69.6505078, 41.2829935], [69.6498324, 41.2837501], [69.6495013, 41.2832261], [69.6489148, 41.2827042], [69.6479132, 41.2833625], [69.6496041, 41.283927], [69.6496482, 41.2839417], [69.6496157, 41.2839666], [69.6482446, 41.285015], [69.6477367, 41.285169], [69.6475252, 41.2852331], [69.6471576, 41.2848206], [69.6467792, 41.2845972], [69.6450277, 41.2835632], [69.6448248, 41.2840566], [69.6445759, 41.2854423], [69.6438332, 41.2852164], [69.6436665, 41.2861017], [69.6442708, 41.286319], [69.6439428, 41.2873855], [69.6431387, 41.2869938], [69.6425503, 41.2874848], [69.6414231, 41.2872054], [69.6406379, 41.2870107], [69.6398527, 41.2905086], [69.6398146, 41.2906783], [69.6404212, 41.2918364], [69.6398781, 41.2919007], [69.6398301, 41.2919672], [69.6388517, 41.293324], [69.6379196, 41.2942737], [69.6376284, 41.2949856], [69.6363095, 41.2957855], [69.635132, 41.2964971], [69.6348997, 41.2972166], [69.634938, 41.2972373], [69.6364889, 41.2980744], [69.6365038, 41.2981398], [69.63669, 41.2989548], [69.6366971, 41.298986], [69.6366503, 41.2996407], [69.636957, 41.3000547], [69.6363591, 41.3008579], [69.6356469, 41.3010587], [69.636571, 41.3016786], [69.6372301, 41.3033939], [69.6378601, 41.3051667], [69.6384084, 41.3068757], [69.6394925, 41.3097707], [69.6395987, 41.3101724], [69.6395553, 41.3105691], [69.6389858, 41.3117015], [69.6388583, 41.3121708], [69.6390754, 41.3128242], [69.639758, 41.3138872], [69.6403803, 41.3140718], [69.6408054, 41.3145404], [69.6422024, 41.3140038], [69.6426204, 41.3144971], [69.6436381, 41.3139844], [69.6441854, 41.314472], [69.6455024, 41.3157656], [69.6460837, 41.3154404], [69.6477381, 41.3143086], [69.6483223, 41.3141383], [69.6501213, 41.3129006], [69.6506008, 41.313507], [69.6511904, 41.3131476], [69.6519141, 41.31399], [69.647415, 41.317588], [69.6483025, 41.3185912], [69.6504589, 41.3168005], [69.6509212, 41.3176192], [69.652821, 41.3181853], [69.6529816, 41.3185462], [69.6541257, 41.3193247], [69.6536238, 41.3196539], [69.6545484, 41.320334], [69.6550696, 41.3200514], [69.655135, 41.3204255], [69.6554883, 41.3205507], [69.6573971, 41.3202428], [69.6577849, 41.3181055], [69.6579757, 41.3171995], [69.6588129, 41.3165785], [69.6602977, 41.3139129], [69.6615033, 41.3119286], [69.663077, 41.3098395], [69.6637692, 41.3088739], [69.6640988, 41.3079797], [69.6641699, 41.3070992], [69.6644961, 41.3070251], [69.6650463, 41.3072764], [69.6654936, 41.3078911], [69.6655276, 41.3083661], [69.6652318, 41.308959], [69.6652978, 41.3092658], [69.6652326, 41.309675], [69.6645597, 41.3107412], [69.6639195, 41.3113807], [69.663083, 41.3126257], [69.6617918, 41.3143719], [69.6611972, 41.3161958], [69.6615541, 41.3162706], [69.6610375, 41.317057], [69.6603253, 41.3175432], [69.6605853, 41.3177658], [69.6619911, 41.3176221], [69.6624926, 41.3176935], [69.6622381, 41.3185161], [69.6620993, 41.3192008], [69.6619174, 41.3196942], [69.6626286, 41.3199494], [69.663014, 41.3199431], [69.6634156, 41.3196753], [69.664075, 41.3190792], [69.6640482, 41.3186413], [69.6643845, 41.3176679], [69.6647237, 41.3171934], [69.6653079, 41.3167822], [69.6658546, 41.3165779], [69.6666443, 41.316664], [69.6662609, 41.3175825], [69.6669874, 41.317677], [69.6685903, 41.3174235], [69.6695893, 41.3170934], [69.6701129, 41.316862], [69.6716748, 41.3162073], [69.6719213, 41.3166369], [69.6722194, 41.3172764], [69.6727239, 41.3172063], [69.6734636, 41.3173338], [69.6741857, 41.3173732], [69.6751787, 41.3180703], [69.6760986, 41.3179564], [69.6767875, 41.3179896], [69.6779189, 41.3182916], [69.6797598, 41.3201352], [69.6799462, 41.3205497], [69.6808289, 41.3203506], [69.6813478, 41.3216537], [69.6822541, 41.3235831], [69.6824924, 41.3235091], [69.6840377, 41.3232319], [69.6842169, 41.3219899], [69.6842972, 41.3211666], [69.6841217, 41.3206094], [69.6835972, 41.3198214], [69.6830445, 41.318648], [69.6828734, 41.3173384], [69.6830942, 41.3171756], [69.683016, 41.3164673], [69.6831778, 41.3159702], [69.6827795, 41.3142551], [69.6821126, 41.3131622], [69.6826923, 41.3129475], [69.6828185, 41.3124811], [69.6831633, 41.3122142], [69.6833293, 41.3111918], [69.6835683, 41.310358], [69.6837656, 41.3098009], [69.6846598, 41.3120574], [69.6857563, 41.3119508], [69.6863995, 41.3111321], [69.6862872, 41.3100754], [69.6860648, 41.3096305], [69.6859188, 41.3087714], [69.6862274, 41.308729], [69.6867554, 41.3088285], [69.6871575, 41.3090044], [69.6872769, 41.3092114], [69.6878421, 41.309878], [69.6890564, 41.3103208], [69.6891238, 41.3107653], [69.6894611, 41.3108035], [69.6898216, 41.3106263], [69.690266, 41.3107595], [69.6904161, 41.3106234], [69.6904323, 41.3102812], [69.6906716, 41.3099364], [69.6902896, 41.309065], [69.691991, 41.3088687], [69.6927158, 41.3091243], [69.6929835, 41.3093602], [69.6935769, 41.309282], [69.6923581, 41.3087022], [69.6920659, 41.3080914], [69.6911376, 41.3081498], [69.6907921, 41.3082692], [69.6902576, 41.3083235], [69.69012, 41.3082857], [69.6898939, 41.3079268], [69.6896493, 41.3070077], [69.6894513, 41.3070244], [69.6893398, 41.3067405], [69.6915143, 41.3061577], [69.6922785, 41.3058371], [69.6927635, 41.3058698], [69.6925123, 41.3050913], [69.6920801, 41.3044917], [69.6915785, 41.303942], [69.6915564, 41.3036892], [69.6922451, 41.3037616], [69.6926323, 41.3040849], [69.6930405, 41.3043], [69.693893, 41.3042598], [69.6946319, 41.3045335], [69.6946235, 41.3053754], [69.6954528, 41.306667], [69.696511, 41.3072383], [69.6978022, 41.3076554], [69.6980123, 41.3075629], [69.6981779, 41.3076986], [69.6982853, 41.3082174], [69.6985826, 41.3084774], [69.6995563, 41.3087571], [69.6997783, 41.3085383], [69.7001402, 41.3087049], [69.7004058, 41.309186], [69.6999515, 41.3092327], [69.700076, 41.30997], [69.7000279, 41.3101727], [69.700237, 41.3106767], [69.7004165, 41.310793], [69.7003968, 41.3111449], [69.7007267, 41.3118817], [69.70124, 41.3120355], [69.7016113, 41.3119376], [69.7027314, 41.311655], [69.7028345, 41.3115284], [69.7028745, 41.3113782], [69.7028862, 41.3109911], [69.7029933, 41.3106289], [69.7031218, 41.3103396], [69.7028242, 41.3101504], [69.7024517, 41.3103502], [69.7019424, 41.310706], [69.7010078, 41.3088343], [69.7006357, 41.308287], [69.7016109, 41.3079472], [69.7004887, 41.306424], [69.7016082, 41.3060039], [69.7020123, 41.3060734], [69.7024833, 41.3060028], [69.7022764, 41.305604], [69.702264, 41.304925], [69.70249, 41.3045732], [69.7026099, 41.3044867], [69.7031895, 41.304374], [69.7033941, 41.3045347], [69.7041125, 41.3042626], [69.7040627, 41.3031092], [69.7043006, 41.3012316], [69.7044973, 41.3010438], [69.7047796, 41.3003797], [69.7049629, 41.3002501], [69.7054015, 41.3002096], [69.7056074, 41.3001205], [69.7059628, 41.299542], [69.7060147, 41.2992936], [69.7059892, 41.2990883], [69.705795, 41.2990317], [69.7056709, 41.298883], [69.7060544, 41.2978116], [69.7072932, 41.2974222], [69.7078267, 41.2973028], [69.709121, 41.2972553], [69.7090752, 41.2967316], [69.70951, 41.2964145], [69.7098356, 41.2962521], [69.7127942, 41.2960839], [69.7125657, 41.2942759], [69.7108626, 41.2946178], [69.7093911, 41.2943393], [69.7070722, 41.2945838], [69.7059637, 41.2951419], [69.7052131, 41.2955388], [69.7023926, 41.2956788], [69.697777, 41.2961486], [69.6971115, 41.2949221], [69.6976976, 41.2939038], [69.698173, 41.2927709], [69.698182, 41.2925621], [69.6984548, 41.2918262], [69.698807, 41.2913505], [69.6988343, 41.2908494], [69.6990535, 41.2904088], [69.6993601, 41.2901402], [69.7005708, 41.2897445], [69.7008889, 41.2893442], [69.7014861, 41.28908], [69.7030228, 41.288812], [69.7036756, 41.2884491], [69.7045253, 41.2882656], [69.7050832, 41.2879388], [69.7061815, 41.2879191], [69.7069101, 41.2877911], [69.7076534, 41.2874312], [69.7094795, 41.2873477], [69.7109387, 41.2872267], [69.7120065, 41.2875575], [69.7124921, 41.2874675], [69.712349, 41.2858644], [69.7111554, 41.2859976], [69.7102296, 41.2854337], [69.709697, 41.284632], [69.7090558, 41.2834645], [69.7084492, 41.2830836], [69.707097, 41.2827842], [69.7068083, 41.2823574], [69.7066228, 41.2823881], [69.706025, 41.2813166], [69.7066867, 41.2810222], [69.7065361, 41.2808165], [69.7061981, 41.2809402], [69.7056313, 41.2798731], [69.7059545, 41.2797608], [69.7056418, 41.2792759], [69.7067078, 41.2788561], [69.7066481, 41.2787806], [69.7058314, 41.2788644], [69.7056683, 41.2787664], [69.7054268, 41.2787399], [69.7050431, 41.2788374], [69.704846, 41.2785291], [69.7047594, 41.2782426], [69.7051012, 41.2782429], [69.7050907, 41.2778516], [69.7025491, 41.2778503], [69.7025345, 41.2773543], [69.7016697, 41.2773218], [69.7014851, 41.2773148], [69.7012592, 41.2772859], [69.7011803, 41.2768414], [69.7013698, 41.2766356], [69.7024411, 41.2762904], [69.7018455, 41.275608], [69.7006874, 41.2757301], [69.6999603, 41.2757367], [69.6995268, 41.2754214], [69.6992451, 41.2751734], [69.6988763, 41.2751439], [69.6974105, 41.2755945], [69.6963137, 41.2751807], [69.6942871, 41.274826], [69.6931256, 41.2751778], [69.6916218, 41.2752281], [69.6910898, 41.2737073], [69.6903105, 41.2721702], [69.6886078, 41.2720575], [69.688434, 41.2709291], [69.6869697, 41.2706831], [69.686828, 41.2700193], [69.6887783, 41.2696885], [69.6893169, 41.2698367], [69.6900819, 41.2694287], [69.6900915, 41.2688492], [69.689109, 41.2689575], [69.6877779, 41.2685701]]]}}, {"type": "Feature", "properties": {"name_uz": "Piskent", "name_en": "Piskent", "name_ru": "Пискент", "osm_name": "Piskent", "osm_id": 232665281, "osm_type": "way", "place": "town", "admin_level": null, "source": "overpass", "bbox": [69.302755, 40.873529, 69.384893, 40.919309]}, "geometry": {"type": "Polygon", "coordinates": [[[69.303147, 40.8833798], [69.3080051, 40.8735289], [69.3124951, 40.8743638], [69.3215269, 40.8794435], [69.3234126, 40.8831627], [69.3249066, 40.8847706], [69.3264244, 40.8866041], [69.3343346, 40.8858712], [69.3402232, 40.8852312], [69.3476208, 40.8849808], [69.3487352, 40.8848701], [69.3557002, 40.8841783], [69.3572155, 40.8882516], [69.3617958, 40.8890385], [69.3641296, 40.8890453], [69.3665587, 40.8877097], [69.3697606, 40.8852612], [69.377011, 40.8864577], [69.3797344, 40.8886836], [69.3793611, 40.8888718], [69.3760909, 40.8905199], [69.3706807, 40.8936637], [69.3682885, 40.8955277], [69.3702391, 40.8983653], [69.3707903, 40.9007464], [69.3710119, 40.9017034], [69.3693299, 40.9040742], [69.3673199, 40.9064259], [69.3669035, 40.9077044], [69.3675376, 40.9091561], [69.3750326, 40.907858], [69.3772707, 40.9074253], [69.3821888, 40.9083289], [69.38387, 40.9094113], [69.3847899, 40.9146216], [69.3848927, 40.9155064], [69.3843011, 40.9156582], [69.3841639, 40.9157129], [69.3839276, 40.915805], [69.3749217, 40.919309], [69.3712581, 40.9177574], [69.3736267, 40.9167551], [69.3756553, 40.9161814], [69.376568, 40.9155104], [69.3777349, 40.9154511], [69.3786873, 40.9146136], [69.3798097, 40.9143954], [69.380459, 40.9138638], [69.3799992, 40.9128908], [69.3788029, 40.9103593], [69.3753801, 40.9106653], [69.3750722, 40.9117823], [69.3750318, 40.9119286], [69.374644, 40.9133353], [69.3736216, 40.9132133], [69.3731908, 40.9131619], [69.3725462, 40.913085], [69.3731351, 40.9107209], [69.3700068, 40.9118056], [69.3697859, 40.9135022], [69.3638209, 40.9161386], [69.3626599, 40.9167303], [69.3617121, 40.9170338], [69.3602519, 40.9171792], [69.3581981, 40.9177299], [69.3570443, 40.9159299], [69.3582414, 40.9125867], [69.3561595, 40.911741], [69.3539735, 40.9122327], [69.3515532, 40.9134323], [69.3468429, 40.9125277], [69.3451208, 40.9109791], [69.3442007, 40.9090321], [69.3406675, 40.9109235], [69.3387271, 40.9124762], [69.3369136, 40.9139273], [69.3321848, 40.9125551], [69.3303111, 40.9115521], [69.3265355, 40.911243], [69.3243273, 40.9046231], [69.3233336, 40.9019249], [69.3181855, 40.9017018], [69.3175554, 40.9016745], [69.3158711, 40.901669], [69.3116607, 40.9036588], [69.3110737, 40.9033411], [69.3087828, 40.89908], [69.3133108, 40.8977001], [69.3111932, 40.8944929], [69.3097106, 40.8887586], [69.3123832, 40.8871194], [69.3114236, 40.8862126], [69.305373, 40.8858499], [69.3038318, 40.8853298], [69.3027553, 40.8839783], [69.303147, 40.8833798]]]}}, {"type": "Feature", "properties": {"name_uz": "Ohangaron", "name_en": "Akhangaran", "name_ru": "Ахангаран", "osm_name": "Ohangaron shahri", "osm_id": 18507147, "osm_type": "relation", "place": "town", "admin_level": "6", "source": "overpass", "bbox": [69.606443, 40.886902, 69.672223, 40.940702]}, "geometry": {"type": "MultiPolygon", "coordinates": [[[[69.6436643, 40.9355981], [69.6429485, 40.9353209], [69.6428085, 40.9352667], [69.6422326, 40.9350438], [69.6417461, 40.9348371], [69.6416459, 40.9347945], [69.6415304, 40.9345521], [69.6415197, 40.9340375], [69.6415187, 40.9339899], [69.6414832, 40.9338677], [69.6383953, 40.9236289], [69.6376716, 40.9237776], [69.6371193, 40.9219661], [69.6378708, 40.9218182], [69.6368494, 40.9175292], [69.6112106, 40.9219287], [69.6100868, 40.9189417], [69.6149437, 40.9178953], [69.6147526, 40.9176511], [69.6229363, 40.9158413], [69.6229414, 40.9158401], [69.6198788, 40.9108622], [69.610986, 40.9139467], [69.6088193, 40.9147047], [69.6071926, 40.9154709], [69.6064431, 40.9145599], [69.606519, 40.9142221], [69.6067669, 40.9139102], [69.6069691, 40.9130133], [69.6077173, 40.9123994], [69.6085793, 40.9118803], [69.6094163, 40.911349], [69.6095785, 40.911246], [69.609885, 40.910781], [69.6103937, 40.9097177], [69.6122393, 40.9072089], [69.6126554, 40.9064921], [69.6128474, 40.9059726], [69.6130867, 40.9053839], [69.6134387, 40.9049712], [69.6135368, 40.9046541], [69.613511, 40.9036108], [69.6129566, 40.9034983], [69.6125625, 40.9033748], [69.6115252, 40.9033591], [69.6115026, 40.9024408], [69.6116077, 40.9019566], [69.6111203, 40.9019531], [69.6097297, 40.9023608], [69.6091299, 40.9015043], [69.609422, 40.9014194], [69.6099047, 40.9013407], [69.6103277, 40.9012685], [69.6110099, 40.9011345], [69.6112598, 40.9010545], [69.611501, 40.9009385], [69.6115965, 40.9010726], [69.6122378, 40.9012582], [69.6123742, 40.9011551], [69.6125925, 40.9010829], [69.6129746, 40.9010417], [69.6131929, 40.9010314], [69.6134754, 40.9009263], [69.6136565, 40.9008944], [69.6138678, 40.9007894], [69.6139885, 40.9007803], [69.6141213, 40.900794], [69.614399, 40.9008488], [69.6145198, 40.9008533], [69.6147733, 40.9007529], [69.6149967, 40.9006799], [69.6151235, 40.9006434], [69.6152502, 40.9006434], [69.615371, 40.9006434], [69.6154615, 40.9006297], [69.61554, 40.9005932], [69.6156487, 40.9005065], [69.6157392, 40.9003833], [69.6158479, 40.9002966], [69.6159083, 40.9002784], [69.616035, 40.9002829], [69.6162282, 40.9002875], [69.6163671, 40.9002829], [69.616518, 40.9002464], [69.6166991, 40.9002008], [69.6168742, 40.9001415], [69.6169647, 40.9000913], [69.6170734, 40.9000137], [69.6172243, 40.899886], [69.6173028, 40.8998221], [69.6173994, 40.8997673], [69.6175201, 40.8997263], [69.6176831, 40.8996738], [69.6178884, 40.8995962], [69.6179487, 40.8996008], [69.6180574, 40.8996464], [69.61816, 40.8997012], [69.6182506, 40.8997148], [69.6183592, 40.8997057], [69.6186007, 40.8996692], [69.6187335, 40.8996829], [69.6188845, 40.8997377], [69.6190173, 40.8997605], [69.619144, 40.8997605], [69.619307, 40.8997331], [69.6196632, 40.8996464], [69.6197357, 40.8996373], [69.6198443, 40.8996418], [69.6199228, 40.8996783], [69.6200254, 40.899724], [69.6201341, 40.8997285], [69.620285, 40.8996966], [69.6203997, 40.8997057], [69.6205205, 40.8997422], [69.6206412, 40.8997514], [69.6208344, 40.8997331], [69.6211, 40.8996692], [69.621263, 40.8996555], [69.6216675, 40.8995962], [69.621746, 40.8995734], [69.6218244, 40.8995049], [69.6220478, 40.8993681], [69.622235, 40.8992631], [69.6223859, 40.8991992], [69.6225247, 40.899149], [69.6225911, 40.8990851], [69.6226334, 40.8989756], [69.6227119, 40.8989026], [69.6228266, 40.8988524], [69.6229232, 40.8988205], [69.6230439, 40.8987794], [69.6232492, 40.8987612], [69.6233639, 40.8987338], [69.6235269, 40.8986882], [69.6236838, 40.8986334], [69.6237683, 40.8985741], [69.623877, 40.8985011], [69.6239796, 40.8984109], [69.6240158, 40.8983562], [69.6240762, 40.8982695], [69.6241668, 40.8981828], [69.6242634, 40.8981508], [69.6243599, 40.8981417], [69.6245712, 40.8981372], [69.6248248, 40.8981372], [69.6249395, 40.8981007], [69.6250361, 40.8980505], [69.6251327, 40.8980276], [69.6252413, 40.8980094], [69.625356, 40.8979866], [69.6254466, 40.8979318], [69.6255311, 40.8978497], [69.6256156, 40.8978132], [69.6257243, 40.897763], [69.6258631, 40.8976592], [69.6259356, 40.8975633], [69.6260624, 40.8974721], [69.6261469, 40.8974447], [69.6262374, 40.8974447], [69.626334, 40.8974447], [69.6264366, 40.8974173], [69.6265332, 40.8973489], [69.6267204, 40.8972302], [69.626817, 40.897212], [69.6269317, 40.8972074], [69.6270524, 40.8972211], [69.6270947, 40.8972211], [69.627149, 40.8971983], [69.6271732, 40.8971618], [69.6271852, 40.8970751], [69.6272094, 40.8969838], [69.6272456, 40.8969062], [69.627306, 40.896856], [69.6273905, 40.8968195], [69.627481, 40.8967648], [69.6275656, 40.8966872], [69.6276621, 40.8966096], [69.627795, 40.896564], [69.6279036, 40.8965503], [69.6281028, 40.8965184], [69.6282296, 40.8965047], [69.6283262, 40.8964545], [69.6284288, 40.896386], [69.6285432, 40.8963119], [69.6286458, 40.8962754], [69.6287786, 40.8962662], [69.6288209, 40.8962343], [69.6288571, 40.896175], [69.6289114, 40.8961065], [69.6288993, 40.8960244], [69.6288933, 40.8959286], [69.6289295, 40.8958282], [69.629008, 40.8957004], [69.6291167, 40.8955863], [69.6292072, 40.8955179], [69.6293823, 40.8954448], [69.6294849, 40.8954038], [69.6295211, 40.895349], [69.6294849, 40.89513], [69.6295151, 40.8950113], [69.6295211, 40.8948835], [69.6295996, 40.8946508], [69.6295111, 40.8942276], [69.6323084, 40.8929616], [69.6324907, 40.8928733], [69.6327418, 40.8927517], [69.6334906, 40.8922592], [69.6343056, 40.8920985], [69.6358276, 40.8916731], [69.6363876, 40.8915166], [69.6365347, 40.8916361], [69.6367515, 40.8918124], [69.6373151, 40.8916544], [69.6378917, 40.8912105], [69.638318, 40.8910069], [69.6389744, 40.8906935], [69.6391773, 40.8905966], [69.6397436, 40.8902848], [69.6400028, 40.8902023], [69.6405076, 40.8901817], [69.6407805, 40.8902333], [69.6415333, 40.8904046], [69.643059, 40.8898929], [69.6442051, 40.8896144], [69.6454194, 40.8893153], [69.6456598, 40.8893565], [69.6464004, 40.8898325], [69.6472276, 40.8901515], [69.6474264, 40.8902282], [69.6483238, 40.8901945], [69.6492938, 40.8901581], [69.6502856, 40.8899143], [69.6509682, 40.8896245], [69.6524712, 40.8891549], [69.652987, 40.8889937], [69.6545595, 40.8888168], [69.6545726, 40.8888153], [69.654994, 40.8887679], [69.655443, 40.8885992], [69.6560888, 40.8883566], [69.656416, 40.8883309], [69.6568667, 40.8882955], [69.6572338, 40.8882667], [69.6573022, 40.888264], [69.6585583, 40.8881085], [69.6590904, 40.8879435], [69.6592814, 40.8878197], [69.6597453, 40.8874174], [69.6599636, 40.8872421], [69.660141, 40.8871596], [69.6603593, 40.8870977], [69.6610688, 40.8869326], [69.6614508, 40.8869017], [69.6617373, 40.8869017], [69.6619829, 40.8869326], [69.6622831, 40.887108], [69.6624468, 40.8872318], [69.6627197, 40.8873246], [69.662938, 40.8874587], [69.6630062, 40.8876031], [69.6630471, 40.8878816], [69.6629, 40.888392], [69.662955, 40.888552], [69.6630915, 40.8885623], [69.6635294, 40.8885066], [69.664565, 40.8886861], [69.6649879, 40.8876444], [69.665179, 40.8877062], [69.6654245, 40.8878816], [69.6660931, 40.8884592], [69.6662977, 40.888552], [69.6665433, 40.8886345], [69.6667207, 40.8887686], [69.6670482, 40.8890162], [69.6672392, 40.8891193], [69.6682624, 40.8896144], [69.6687263, 40.8899032], [69.669313, 40.8903158], [69.6700907, 40.8908624], [69.6706228, 40.8912956], [69.6709362, 40.8917329], [69.6710492, 40.8924405], [69.6711583, 40.8931624], [69.6711856, 40.89341], [69.6709352, 40.894268], [69.6705722, 40.8955391], [69.6705562, 40.8955953], [69.6702741, 40.8965829], [69.6702127, 40.8969225], [69.669876, 40.8987833], [69.669834, 40.8990156], [69.6698276, 40.899081], [69.6697667, 40.9012995], [69.6698212, 40.9014129], [69.6700532, 40.9017739], [69.6701351, 40.9019492], [69.6702169, 40.9024545], [69.670367, 40.9028566], [69.6706808, 40.9039807], [69.6708172, 40.9043003], [69.6710722, 40.9047137], [69.6712675, 40.9052181], [69.6714039, 40.9058162], [69.6715131, 40.906074], [69.6722225, 40.9066411], [69.6706808, 40.9078166], [69.6706126, 40.9079713], [69.6703363, 40.908755], [69.6702135, 40.9088993], [69.6673347, 40.9113534], [69.6666798, 40.9118895], [69.6655314, 40.9126838], [69.6653556, 40.9128334], [69.6636611, 40.9140342], [69.6632654, 40.9143435], [69.6629789, 40.9146425], [69.6627742, 40.9148693], [69.6625492, 40.9152197], [69.662324, 40.9155704], [69.6621466, 40.9159106], [69.6620102, 40.9162612], [69.661942, 40.9165602], [69.661901, 40.9168489], [69.6618738, 40.9172922], [69.661901, 40.9176685], [69.6619556, 40.9179984], [69.6620238, 40.9183799], [69.6625559, 40.9201738], [69.6632791, 40.9227202], [69.663129, 40.9228542], [69.6630744, 40.9230294], [69.6634564, 40.9246892], [69.6659792, 40.9353075], [69.6558187, 40.9383858], [69.655011, 40.9387953], [69.6546699, 40.938919], [69.6502766, 40.940063], [69.6495262, 40.9403104], [69.6481891, 40.9406711], [69.6479162, 40.940702], [69.6476297, 40.940702], [69.6473841, 40.9406402], [69.6473159, 40.9405783], [69.6467701, 40.939826], [69.6465518, 40.9395786], [69.6461152, 40.9391148], [69.6459515, 40.9388056], [69.6458151, 40.9384758], [69.6455171, 40.9380472], [69.6451383, 40.9372719], [69.6450403, 40.936758], [69.6449282, 40.9364866], [69.6447918, 40.9362908], [69.6446144, 40.9361052], [69.6441505, 40.9358269], [69.6436643, 40.9355981]]]]}}, {"type": "Feature", "properties": {"name_uz": "To'ytepa", "name_en": "Toytepa", "name_ru": "Тойтепа", "osm_name": "Nurafshon", "osm_id": 246180265, "osm_type": "node", "place": "city", "admin_level": null, "source": "overpass-node", "bbox": [69.298123, 40.997871, 69.417571, 41.087961]}, "geometry": {"type": "Point", "coordinates": [69.3578473, 41.0429158]}}, {"type": "Feature", "properties": {"name_uz": "Keles", "name_en": "Keles", "name_ru": "Келес", "osm_name": "Keles", "osm_id": 186665610, "osm_type": "way", "place": "town", "admin_level": null, "source": "overpass", "bbox": [69.185102, 41.381482, 69.244227, 41.433266]}, "geometry": {"type": "Polygon", "coordinates": [[[69.186939, 41.4310742], [69.1874497, 41.4298789], [69.1877515, 41.4288216], [69.1891068, 41.4228366], [69.1898213, 41.4199155], [69.190037, 41.4190317], [69.1921181, 41.4140663], [69.1930824, 41.4090601], [69.1902155, 41.3991287], [69.1899204, 41.398393], [69.1851023, 41.3874486], [69.1872628, 41.386031], [69.1890374, 41.3850592], [69.1906379, 41.3850583], [69.1929406, 41.3841745], [69.193874, 41.3834903], [69.1970015, 41.3819407], [69.1972499, 41.3821402], [69.1981494, 41.3817314], [69.1983157, 41.3814818], [69.2008419, 41.3823567], [69.2017037, 41.3825895], [69.2042882, 41.3835035], [69.2073285, 41.3844053], [69.2077219, 41.384522], [69.2093506, 41.3847642], [69.2092407, 41.3854721], [69.2112375, 41.3863542], [69.2111635, 41.3868369], [69.211189, 41.387014], [69.2115165, 41.3872036], [69.2117442, 41.3871418], [69.2125567, 41.3876227], [69.2111337, 41.3892162], [69.2104941, 41.3902416], [69.2110611, 41.3904837], [69.2109578, 41.3909672], [69.2107032, 41.3911846], [69.2104928, 41.3919277], [69.210638, 41.3919865], [69.2106372, 41.3934618], [69.2099384, 41.3933552], [69.2093277, 41.3947623], [69.2095314, 41.3948261], [69.2093988, 41.3950611], [69.2096274, 41.3951158], [69.2093362, 41.3956815], [69.212243, 41.3964591], [69.2128766, 41.3968663], [69.2138566, 41.3961254], [69.2144783, 41.3965059], [69.2138223, 41.3970952], [69.2139743, 41.3972827], [69.2142394, 41.3970854], [69.2153199, 41.3977765], [69.2155436, 41.3980187], [69.2184554, 41.397235], [69.2221572, 41.3972648], [69.2234712, 41.3962262], [69.2257409, 41.3974099], [69.2262764, 41.3976416], [69.227492, 41.3999059], [69.2273689, 41.4009337], [69.2301313, 41.4005656], [69.2363443, 41.4012477], [69.2362605, 41.4019324], [69.2378161, 41.401912], [69.2376561, 41.4035681], [69.2375626, 41.4038344], [69.2352568, 41.4037043], [69.2354999, 41.4059515], [69.2358251, 41.4060116], [69.23594, 41.4066176], [69.2361969, 41.40663], [69.2363136, 41.4068327], [69.236586, 41.406706], [69.2374047, 41.4071426], [69.2374771, 41.4074267], [69.2388126, 41.4083024], [69.2393616, 41.4084303], [69.2406505, 41.4084525], [69.2430572, 41.4082215], [69.2440001, 41.4078246], [69.2442275, 41.4086743], [69.2436083, 41.4087057], [69.2436196, 41.4105654], [69.2430183, 41.4108624], [69.2419959, 41.4111269], [69.2398548, 41.4112285], [69.2380607, 41.4114678], [69.2371416, 41.4113105], [69.2373374, 41.4119828], [69.2375846, 41.4126908], [69.2364146, 41.4130296], [69.2356767, 41.4133695], [69.235117, 41.4138993], [69.2353182, 41.4150346], [69.2348032, 41.4151959], [69.2306423, 41.4154025], [69.2292108, 41.4150586], [69.2284694, 41.413758], [69.2277873, 41.4130877], [69.2271148, 41.4133682], [69.2268478, 41.4129155], [69.2247048, 41.4129102], [69.2245014, 41.4124423], [69.22165, 41.4122965], [69.2209756, 41.4122872], [69.2207907, 41.4135847], [69.2220259, 41.4136909], [69.2212769, 41.4152923], [69.2177142, 41.4155684], [69.2175701, 41.4158442], [69.2146912, 41.4147195], [69.213841, 41.4142659], [69.2129842, 41.4127504], [69.2123075, 41.4119392], [69.2107286, 41.4112906], [69.2101553, 41.4117821], [69.2099889, 41.4116884], [69.2092365, 41.4123876], [69.2088656, 41.4130017], [69.2081548, 41.4146446], [69.2078975, 41.4149962], [69.2076915, 41.4151339], [69.2070744, 41.4153353], [69.2085241, 41.4156813], [69.2090179, 41.4166758], [69.2098193, 41.4166572], [69.2091814, 41.4170116], [69.2092183, 41.4171752], [69.2107033, 41.4175215], [69.2105526, 41.417829], [69.2112209, 41.4179919], [69.2113343, 41.4179059], [69.2127165, 41.4181752], [69.2133555, 41.418206], [69.2132337, 41.4186438], [69.2133511, 41.4190411], [69.2137182, 41.419324], [69.2146908, 41.4196142], [69.214885, 41.4195349], [69.2152983, 41.4196883], [69.2157766, 41.4196058], [69.216107, 41.4194754], [69.2170248, 41.4189895], [69.2178216, 41.4187982], [69.2176702, 41.4179483], [69.2181461, 41.4172437], [69.2212962, 41.4185996], [69.2222813, 41.418581], [69.2212535, 41.4200514], [69.220421, 41.4199515], [69.2200183, 41.4222222], [69.221964, 41.4232593], [69.2224082, 41.4235599], [69.222301, 41.4239598], [69.2197886, 41.4236571], [69.2179348, 41.4237056], [69.2178262, 41.4235651], [69.2164191, 41.4229785], [69.2146627, 41.4244718], [69.2145866, 41.4252097], [69.2142774, 41.4256341], [69.2130357, 41.4257662], [69.211491, 41.4256887], [69.2109565, 41.4235278], [69.209664, 41.4232525], [69.2072973, 41.4267899], [69.2050461, 41.4265909], [69.2038755, 41.4273845], [69.2035063, 41.4277611], [69.2032433, 41.428088], [69.2029749, 41.4281594], [69.2029135, 41.4280002], [69.2001985, 41.428169], [69.1986005, 41.4278686], [69.1982996, 41.4279174], [69.1951864, 41.4277353], [69.1952341, 41.427139], [69.1947287, 41.4271698], [69.1935563, 41.4267551], [69.1932396, 41.4269972], [69.1928157, 41.4273944], [69.1911575, 41.4281756], [69.1900749, 41.4299564], [69.1890172, 41.4316093], [69.1878057, 41.4332662], [69.1871917, 41.4331536], [69.187125, 41.4328845], [69.1868042, 41.4326531], [69.1870922, 41.4318084], [69.186939, 41.4310742]]]}}, {"type": "Feature", "properties": {"name_uz": "G'azalkent", "name_en": "Gazalkent", "name_ru": "Газалкент", "osm_name": "G'azalkent", "osm_id": 222721643, "osm_type": "way", "place": "town", "admin_level": null, "source": "overpass", "bbox": [69.746602, 41.544079, 69.811625, 41.577748]}, "geometry": {"type": "Polygon", "coordinates": [[[69.7693562, 41.5443515], [69.7686392, 41.5440794], [69.7677809, 41.5441637], [69.7671962, 41.5447861], [69.7654853, 41.5481895], [69.7643852, 41.5502582], [69.762969, 41.5516957], [69.7608005, 41.5534378], [69.7547346, 41.5653512], [69.7477825, 41.5715785], [69.7466025, 41.5725805], [69.7469852, 41.573177], [69.7526889, 41.5729136], [69.7543297, 41.5728139], [69.7557803, 41.572599], [69.7571902, 41.5723419], [69.7617187, 41.5714592], [69.7662153, 41.5732485], [69.7697232, 41.5737257], [69.7759958, 41.572761], [69.778668, 41.5724911], [69.7799534, 41.5727189], [69.7807088, 41.5726092], [69.7815319, 41.5723477], [69.7834712, 41.5722549], [69.7844301, 41.5722561], [69.7849483, 41.5723605], [69.7851875, 41.5725394], [69.7857814, 41.5726856], [69.7863383, 41.5731292], [69.7870974, 41.5732766], [69.7895293, 41.5749043], [69.7932363, 41.5772221], [69.7951678, 41.577748], [69.7967963, 41.5770138], [69.7995356, 41.5768036], [69.8010817, 41.5766849], [69.8033916, 41.5745327], [69.8044015, 41.5742131], [69.8059163, 41.5754238], [69.8067694, 41.5753821], [69.8091213, 41.5754715], [69.8116247, 41.5746723], [69.7897564, 41.5659412], [69.7859933, 41.5652254], [69.7853874, 41.564259], [69.7854552, 41.5637326], [69.7845347, 41.5631253], [69.7838715, 41.5628233], [69.7850355, 41.5605564], [69.7845252, 41.5567741], [69.7839033, 41.5559389], [69.783138, 41.5549843], [69.7789257, 41.5535286], [69.7710327, 41.5515955], [69.7664463, 41.55063], [69.7664245, 41.5505573], [69.7695923, 41.5446721], [69.7693562, 41.5443515]]]}}, {"type": "Feature", "properties": {"name_uz": "Bo'stonliq", "name_en": "Bostanlyk", "name_ru": "Бостанлык", "osm_name": "Bo‘stonliq", "osm_id": 922525104, "osm_type": "way", "place": "village", "admin_level": null, "source": "overpass", "bbox": [70.848153, 40.582383, 70.859906, 40.589725]}, "geometry": {"type": "Polygon", "coordinates": [[[70.8525515, 40.5835306], [70.8520614, 40.5841055], [70.850948, 40.5852468], [70.850116, 40.5862148], [70.8498986, 40.5864399], [70.8496833, 40.5865798], [70.8481533, 40.5872111], [70.8488074, 40.5877394], [70.8493109, 40.5881609], [70.8494381, 40.5880702], [70.8514551, 40.5895749], [70.8528851, 40.589725], [70.8535839, 40.5888452], [70.8538805, 40.5884641], [70.8541615, 40.5880909], [70.8543275, 40.5878474], [70.8543352, 40.5876394], [70.8548602, 40.5876201], [70.8555488, 40.5867826], [70.8557579, 40.5866206], [70.856434, 40.5869761], [70.8566818, 40.586728], [70.8574714, 40.5871252], [70.8575487, 40.5870885], [70.8578196, 40.5868135], [70.858326, 40.587065], [70.8599065, 40.585599], [70.8598501, 40.5855226], [70.8596491, 40.5854326], [70.8593407, 40.5852829], [70.8587063, 40.5848375], [70.8580229, 40.584385], [70.8574039, 40.5839553], [70.8573378, 40.5839169], [70.8572442, 40.5837402], [70.8569323, 40.5836506], [70.8564858, 40.5835292], [70.8550452, 40.5835297], [70.8554862, 40.583195], [70.8550014, 40.5830493], [70.8544254, 40.582837], [70.8540165, 40.5826048], [70.8534737, 40.5823834], [70.8532423, 40.5827359], [70.852978, 40.5830562], [70.8525515, 40.5835306]]]}}, {"type": "Feature", "properties": {"name_uz": "Gagarin", "name_en": "Gagarin", "name_ru": "Гагарин", "osm_name": "Gagarin", "osm_id": 142310515, "osm_type": "way", "place": "town", "admin_level": null, "source": "overpass", "bbox": [68.141332, 40.644547, 68.194955, 40.682889]}, "geometry": {"type": "Polygon", "coordinates": [[[68.1413324, 40.6624045], [68.150112, 40.6695451], [68.1482087, 40.6708178], [68.1518017, 40.6740076], [68.1523478, 40.6736545], [68.1541481, 40.6721222], [68.1578657, 40.6747733], [68.1582476, 40.6744698], [68.1609245, 40.6766017], [68.1649113, 40.6803819], [68.1725352, 40.67584], [68.1781636, 40.6812744], [68.178817, 40.6808668], [68.1807889, 40.6828894], [68.1901155, 40.6775561], [68.1893924, 40.6767571], [68.1932236, 40.6743201], [68.1902153, 40.6714607], [68.1949553, 40.6685319], [68.1693917, 40.6445473], [68.1413324, 40.6624045]]]}}, {"type": "Feature", "properties": {"name_uz": "Yangiobod", "name_en": "Yangiabad", "name_ru": "Янгиабад", "osm_name": "Yangiobod", "osm_id": 945415173, "osm_type": "way", "place": "town", "admin_level": null, "source": "overpass", "bbox": [70.088826, 41.115412, 70.102298, 41.126621]}, "geometry": {"type": "Polygon", "coordinates": [[[70.0895198, 41.1154116], [70.0905391, 41.1159662], [70.0920927, 41.1167681], [70.0923535, 41.1166189], [70.0933646, 41.1169057], [70.0937552, 41.1170556], [70.0938455, 41.1171279], [70.0940198, 41.116819], [70.0950021, 41.1170602], [70.0967531, 41.1177867], [70.096743, 41.1182607], [70.0985308, 41.1191122], [70.0997894, 41.1192408], [70.1003989, 41.1196873], [70.1008808, 41.1199066], [70.1010348, 41.1204342], [70.1010407, 41.1204522], [70.1011777, 41.1208678], [70.1013549, 41.1214054], [70.1022977, 41.121957], [70.1020821, 41.1222627], [70.1022936, 41.1226421], [70.1013124, 41.1231437], [70.0997114, 41.1232828], [70.0968731, 41.1227917], [70.0959504, 41.1223233], [70.0957685, 41.1224592], [70.0968316, 41.1241883], [70.0971065, 41.1247357], [70.0965655, 41.1256789], [70.0955528, 41.1266214], [70.0945144, 41.1263561], [70.0933893, 41.1264654], [70.0924957, 41.1262267], [70.091108, 41.1263982], [70.0905815, 41.1254868], [70.0921948, 41.1251754], [70.0926229, 41.1244993], [70.0918206, 41.1220588], [70.0915914, 41.1208165], [70.0904819, 41.1208693], [70.0892846, 41.1193139], [70.0901544, 41.1188276], [70.0908072, 41.1186467], [70.0908002, 41.1181045], [70.0904506, 41.1178702], [70.0894714, 41.1177086], [70.089019, 41.1173035], [70.0891522, 41.1167989], [70.0888261, 41.1162649], [70.0895198, 41.1154116]]]}}, {"type": "Feature", "properties": {"name_uz": "Iskandar", "name_en": "Iskandar", "name_ru": "Искандар", "osm_name": "Iskandar", "osm_id": 5040847809, "osm_type": "node", "place": "town", "admin_level": null, "source": "overpass-node", "bbox": [69.676299, 41.535294, 69.748541, 41.589348]}, "geometry": {"type": "Point", "coordinates": [69.7124199, 41.5623212]}}, {"type": "Feature", "properties": {"name_uz": "Oqtosh", "name_en": "Aktash", "name_ru": "Акташ", "osm_name": "Oqtosh", "osm_id": 7283427, "osm_type": "relation", "place": "town", "admin_level": null, "source": "overpass", "bbox": [65.904128, 39.909543, 65.957536, 39.948839]}, "geometry": {"type": "MultiPolygon", "coordinates": [[[[65.9513879, 39.9206339], [65.9449158, 39.924172], [65.9424849, 39.925023], [65.9124303, 39.9355436], [65.9121199, 39.9346539], [65.9094687, 39.9346244], [65.9081811, 39.9336239], [65.9068559, 39.932562], [65.9041279, 39.9247835], [65.9122047, 39.9135159], [65.9139938, 39.9126312], [65.9203602, 39.9095431], [65.9432987, 39.9101326], [65.9474868, 39.9109578], [65.9575355, 39.9121171], [65.9572666, 39.9162725], [65.9513879, 39.9206339]]], [[[65.9130211, 39.9372369], [65.9126048, 39.936012], [65.9450904, 39.9246405], [65.9464193, 39.9275282], [65.9531817, 39.9274104], [65.9528743, 39.9309461], [65.9491857, 39.9312407], [65.9494162, 39.9345994], [65.9367367, 39.9388418], [65.9371603, 39.9427892], [65.9350399, 39.9430919], [65.9342012, 39.9431801], [65.9316919, 39.9436195], [65.9304363, 39.9434962], [65.9267093, 39.9376927], [65.9227517, 39.9382524], [65.9281828, 39.9475434], [65.922842, 39.9488394], [65.9204598, 39.9442442], [65.9149494, 39.9425651], [65.9130211, 39.9372369]]]]}}, {"type": "Feature", "properties": {"name_uz": "Uchkoprik", "name_en": "Uchkoprik", "name_ru": "Учкуприк", "osm_name": "Uchko'prik", "osm_id": 906149517, "osm_type": "way", "place": "town", "admin_level": null, "source": "overpass", "bbox": [71.039288, 40.538067, 71.070161, 40.556161]}, "geometry": {"type": "Polygon", "coordinates": [[[71.0515381, 40.5413618], [71.0516266, 40.5392774], [71.0515735, 40.538067], [71.0587758, 40.539116], [71.0611483, 40.5392042], [71.0612019, 40.538715], [71.0639646, 40.5391227], [71.0631331, 40.5412425], [71.0660835, 40.5419356], [71.0658958, 40.543505], [71.0701605, 40.5445445], [71.0688462, 40.5461547], [71.067371, 40.5479279], [71.0672637, 40.548682], [71.065869, 40.5499252], [71.0656544, 40.5561613], [71.0613092, 40.5550609], [71.055462, 40.553186], [71.0532894, 40.5523504], [71.0509022, 40.5540419], [71.0478177, 40.5533286], [71.0480859, 40.5521059], [71.0460743, 40.5515352], [71.0455915, 40.5533694], [71.0472276, 40.55394], [71.0468521, 40.5550813], [71.0444381, 40.554205], [71.0440894, 40.5492119], [71.0425606, 40.5478871], [71.042802, 40.5472961], [71.0410854, 40.5461547], [71.0393956, 40.5455025], [71.0392883, 40.5420579], [71.0409513, 40.5411202], [71.0409244, 40.5397546], [71.0454305, 40.5400807], [71.0480591, 40.5408756], [71.0504194, 40.5412018], [71.0515381, 40.5413618]]]}}, {"type": "Feature", "properties": {"name_uz": "Oyim", "name_en": "Oyim", "name_ru": "Аим", "osm_name": "Oyim", "osm_id": 1925199686, "osm_type": "node", "place": "town", "admin_level": null, "source": "overpass-node", "bbox": [72.708892, 40.793915, 72.78032, 40.847969]}, "geometry": {"type": "Point", "coordinates": [72.7446061, 40.8209423]}}, {"type": "Feature", "properties": {"name_uz": "Yangiqo'rg'on", "name_en": "Yangikurgan", "name_ru": "Янгикурган", "osm_name": "Ibrat", "osm_id": 184123465, "osm_type": "way", "place": "town", "admin_level": null, "source": "overpass", "bbox": [71.111197, 40.5361, 71.172909, 40.586193]}, "geometry": {"type": "Polygon", "coordinates": [[[71.1143794, 40.5503126], [71.1143074, 40.5491636], [71.1132881, 40.5475528], [71.1135581, 40.5470193], [71.1158984, 40.5471013], [71.116152, 40.5446296], [71.1180782, 40.544657], [71.1184686, 40.543025], [71.1193342, 40.542164], [71.1151369, 40.539305], [71.1157989, 40.5370606], [71.1185994, 40.5362479], [71.1211982, 40.5361002], [71.1273191, 40.5376873], [71.1277871, 40.5392743], [71.1317114, 40.5387954], [71.1332146, 40.5415043], [71.1445303, 40.5418928], [71.1510472, 40.5429189], [71.1538016, 40.5438848], [71.1514433, 40.5477425], [71.1552122, 40.5489374], [71.1562563, 40.5506883], [71.1588127, 40.5523571], [71.1602168, 40.5532872], [71.164808, 40.5538758], [71.1686242, 40.5578377], [71.1729087, 40.5598893], [71.1720806, 40.5616126], [71.1681561, 40.5606552], [71.1662838, 40.5611476], [71.1650951, 40.5626191], [71.1691176, 40.5640503], [71.1677428, 40.5653848], [71.164535, 40.564205], [71.1617853, 40.5670868], [71.1559972, 40.5711436], [71.161831, 40.5743287], [71.1599725, 40.5761271], [71.159682, 40.5772563], [71.1636426, 40.5789107], [71.1675501, 40.5819945], [71.167795, 40.5821877], [71.1632123, 40.5824584], [71.1580568, 40.5800617], [71.1514993, 40.5842353], [71.1524413, 40.5856661], [71.1510414, 40.5861925], [71.1402029, 40.5809622], [71.1372339, 40.5791605], [71.1384686, 40.5787157], [71.1406454, 40.5793925], [71.1415492, 40.5768111], [71.1317542, 40.5721441], [71.1111969, 40.5656386], [71.1143794, 40.5503126]]]}}, {"type": "Feature", "properties": {"name_uz": "Xaqqulobod", "name_en": "Khakkulabad", "name_ru": "Хаккулабад", "osm_name": "Haqqulabad", "osm_id": 27578396, "osm_type": "way", "place": "town", "admin_level": null, "source": "overpass", "bbox": [72.07781, 40.901251, 72.141613, 40.93464]}, "geometry": {"type": "Polygon", "coordinates": [[[72.0993279, 40.9285661], [72.0994491, 40.9290976], [72.1021855, 40.928994], [72.1022972, 40.9297042], [72.1034546, 40.9296145], [72.103285, 40.9283907], [72.1041225, 40.9255197], [72.1046079, 40.9254541], [72.1047384, 40.9251378], [72.1056501, 40.9252129], [72.1056927, 40.925904], [72.1063252, 40.9259568], [72.1066741, 40.9265107], [72.1125753, 40.9243571], [72.1126563, 40.9250585], [72.1157494, 40.9249053], [72.1158047, 40.9244639], [72.1204519, 40.9244684], [72.1213147, 40.9261223], [72.1199659, 40.9262035], [72.1199678, 40.9273366], [72.1209635, 40.9273912], [72.1236217, 40.9282744], [72.1230161, 40.9296675], [72.1249086, 40.9299464], [72.1241433, 40.9318304], [72.1261389, 40.9321765], [72.1263643, 40.931852], [72.1271112, 40.9317635], [72.1269562, 40.9310005], [72.1284923, 40.931159], [72.1294257, 40.9276982], [72.1312696, 40.9279406], [72.1313784, 40.9284181], [72.1318938, 40.928871], [72.1323095, 40.9310038], [72.1334983, 40.9310443], [72.1336367, 40.9302033], [72.1367807, 40.9300854], [72.1368554, 40.9305106], [72.141034, 40.9303213], [72.1408831, 40.9281332], [72.1413019, 40.9279302], [72.1411292, 40.9272802], [72.1392802, 40.9274515], [72.1371967, 40.9276358], [72.1371337, 40.9273247], [72.1350481, 40.9266744], [72.1352681, 40.9263428], [72.1347487, 40.926095], [72.137173, 40.9241375], [72.1373785, 40.9235813], [72.1371185, 40.9216963], [72.137333, 40.9216132], [72.1371828, 40.9201618], [72.1362663, 40.9195127], [72.1361955, 40.9190713], [72.1416133, 40.9190949], [72.139831, 40.9167964], [72.1369641, 40.9155131], [72.1343207, 40.9155638], [72.1277453, 40.9131801], [72.1250523, 40.9082179], [72.1272986, 40.9044945], [72.1261502, 40.9012506], [72.123289, 40.901549], [72.1227496, 40.9030519], [72.122246, 40.9033814], [72.1217181, 40.9040437], [72.1211569, 40.9042196], [72.121124, 40.9037833], [72.1198264, 40.9041055], [72.1198217, 40.9044271], [72.118616, 40.9044756], [72.1184863, 40.9056475], [72.1199206, 40.9071248], [72.1201515, 40.9086021], [72.1198705, 40.90911], [72.1154265, 40.9062618], [72.1140479, 40.9074832], [72.1115335, 40.9060153], [72.1087418, 40.9068314], [72.1078574, 40.9080913], [72.1078292, 40.908722], [72.106643, 40.9089649], [72.1046434, 40.9093246], [72.1027302, 40.9088646], [72.1004687, 40.9093324], [72.0983122, 40.909495], [72.098185, 40.9102416], [72.0966653, 40.909945], [72.0960698, 40.9110176], [72.0961398, 40.9115965], [72.0985398, 40.9117747], [72.0990139, 40.9147668], [72.0979209, 40.9149354], [72.0981467, 40.9163147], [72.0956913, 40.9166352], [72.0907358, 40.9173687], [72.0908949, 40.9181208], [72.0943884, 40.9178942], [72.0942993, 40.9219432], [72.0930556, 40.9219065], [72.092796, 40.9231234], [72.0911375, 40.9233634], [72.0906823, 40.9243406], [72.0874951, 40.9243318], [72.0871375, 40.9233155], [72.0855602, 40.9237737], [72.0853165, 40.9240598], [72.0837884, 40.9240371], [72.0837158, 40.924598], [72.0818219, 40.9243725], [72.0794571, 40.9238285], [72.07781, 40.9238571], [72.0784887, 40.9243285], [72.0794216, 40.9279292], [72.0785221, 40.9281138], [72.0788854, 40.9283659], [72.080566, 40.9285565], [72.0804435, 40.9292934], [72.0827646, 40.9300737], [72.0843863, 40.9298097], [72.084776, 40.9307498], [72.0856847, 40.9306261], [72.0876667, 40.9313255], [72.0885526, 40.9312695], [72.087843, 40.9300225], [72.0900632, 40.9293181], [72.0900636, 40.9288655], [72.0900157, 40.9277761], [72.0899964, 40.9265518], [72.0931156, 40.9266176], [72.0929143, 40.9280639], [72.0945024, 40.9278158], [72.0948139, 40.929337], [72.0951768, 40.9306838], [72.0949757, 40.9314976], [72.0946637, 40.9326616], [72.0953013, 40.932897], [72.0947774, 40.9342729], [72.0968252, 40.9346401], [72.0967171, 40.9335293], [72.098677, 40.9333622], [72.0978893, 40.9324351], [72.0988545, 40.928591], [72.0993279, 40.9285661]]]}}, {"type": "Feature", "properties": {"name_uz": "Salor", "name_en": "Salor", "name_ru": "Салар", "osm_name": "Salar", "osm_id": 1991880841, "osm_type": "node", "place": "town", "admin_level": null, "source": "overpass-node", "bbox": [69.315364, 41.34804, 69.387398, 41.402094]}, "geometry": {"type": "Point", "coordinates": [69.3513811, 41.3750669]}}, {"type": "Feature", "properties": {"name_uz": "Bektemir", "name_en": "Bektemir", "name_ru": "Бектемир", "osm_name": "Bektemir", "osm_id": 625525567, "osm_type": "way", "place": "village", "admin_level": null, "source": "overpass", "bbox": [66.818023, 39.140111, 66.841712, 39.152626]}, "geometry": {"type": "Polygon", "coordinates": [[[66.8417122, 39.1466676], [66.8404033, 39.1446707], [66.8378069, 39.1416585], [66.8358328, 39.1431064], [66.8358328, 39.1434059], [66.8327, 39.1449869], [66.832464, 39.1438053], [66.8332579, 39.1436389], [66.8332364, 39.1422909], [66.8341162, 39.1421245], [66.8351891, 39.1425072], [66.835468, 39.1414255], [66.83373, 39.1410094], [66.8317344, 39.1410094], [66.8314984, 39.1401107], [66.8275287, 39.1405934], [66.8279364, 39.1425572], [66.8294599, 39.1424074], [66.8292453, 39.1453863], [66.8286016, 39.1461185], [66.8255761, 39.1458689], [66.8225076, 39.146002], [66.8204048, 39.1454528], [66.8183448, 39.145353], [66.8182375, 39.1467841], [66.8185165, 39.1468341], [66.8183019, 39.1491138], [66.818023, 39.149197], [66.818259, 39.151327], [66.8201258, 39.151327], [66.8188813, 39.1518595], [66.8187525, 39.1524918], [66.8201687, 39.1520092], [66.8242671, 39.1512937], [66.8249538, 39.1514601], [66.8260696, 39.1512438], [66.826423, 39.1526262], [66.8280161, 39.1522577], [66.8298159, 39.1521552], [66.8296887, 39.15048], [66.8330339, 39.1500606], [66.8336063, 39.1497741], [66.8337487, 39.1488959], [66.8345027, 39.1485568], [66.8355411, 39.1476705], [66.8365715, 39.1471068], [66.8379822, 39.146594], [66.8394165, 39.1469015], [66.8408035, 39.1468701], [66.8417122, 39.1466676]]]}}, {"type": "Feature", "properties": {"name_uz": "Qo'rg'ontepa", "name_en": "Kurgontepa", "name_ru": "Кургантепа", "osm_name": "Qo'rg'ontepa", "osm_id": 27642882, "osm_type": "way", "place": "town", "admin_level": null, "source": "overpass", "bbox": [72.72983, 40.706614, 72.785742, 40.75507]}, "geometry": {"type": "Polygon", "coordinates": [[[72.7567312, 40.7550696], [72.7644559, 40.7520787], [72.7646276, 40.7476572], [72.7734197, 40.7467892], [72.7752267, 40.7425971], [72.7719666, 40.7423935], [72.7715017, 40.7401662], [72.7668975, 40.7397358], [72.7646276, 40.7385531], [72.7835103, 40.7367321], [72.7857419, 40.7295779], [72.7711524, 40.7313495], [72.7713975, 40.7298218], [72.7718481, 40.7289844], [72.7776961, 40.7284482], [72.7788821, 40.7231757], [72.7781888, 40.7191703], [72.7756139, 40.7178692], [72.775266, 40.7066143], [72.7480009, 40.7082876], [72.7484415, 40.7130763], [72.7443715, 40.7127767], [72.7428972, 40.7205555], [72.7473294, 40.7208471], [72.750723, 40.7211218], [72.7546117, 40.7222446], [72.7540979, 40.7255857], [72.7534231, 40.7256008], [72.7527829, 40.7261956], [72.7527829, 40.7300982], [72.7435369, 40.7285186], [72.7389063, 40.7277275], [72.7384988, 40.7308535], [72.7351668, 40.7310974], [72.7351268, 40.734441], [72.7298904, 40.7351738], [72.7298298, 40.7359329], [72.7354647, 40.736046], [72.7422184, 40.7358658], [72.7558728, 40.7371223], [72.7553579, 40.7390734], [72.7493497, 40.7394636], [72.7472898, 40.7453162], [72.7505513, 40.7453162], [72.750723, 40.7476572], [72.7536412, 40.7541593], [72.7567312, 40.7550696]]]}}, {"type": "Feature", "properties": {"name_uz": "Qorasuv", "name_en": "Karasuu", "name_ru": "Карасу", "osm_name": "Qorasuv", "osm_id": 441782861, "osm_type": "way", "place": "town", "admin_level": null, "source": "overpass", "bbox": [72.850095, 40.71184, 72.906328, 40.757239]}, "geometry": {"type": "Polygon", "coordinates": [[[72.9011677, 40.7277213], [72.9041563, 40.7305445], [72.9041477, 40.7309987], [72.9044379, 40.7313206], [72.9056837, 40.731857], [72.9060235, 40.732978], [72.9063279, 40.7347587], [72.905167, 40.735102], [72.904445, 40.7354828], [72.9030152, 40.7365501], [72.9025622, 40.7369953], [72.9030081, 40.7374565], [72.9041548, 40.738127], [72.9044521, 40.7383147], [72.9036628, 40.7391711], [72.9012559, 40.7378297], [72.9003608, 40.7386686], [72.8998865, 40.7384058], [72.8996034, 40.7386096], [72.899384, 40.7385721], [72.8992566, 40.739323], [72.8982075, 40.7392956], [72.898298, 40.7384723], [72.8981617, 40.7383887], [72.8973644, 40.7383249], [72.8955384, 40.7381902], [72.8938165, 40.7380197], [72.8932963, 40.7420806], [72.8949104, 40.7420742], [72.8950662, 40.7419133], [72.8959439, 40.7419777], [72.8950874, 40.7436563], [72.8942592, 40.7438225], [72.8946485, 40.7448576], [72.8945495, 40.7466481], [72.894287, 40.7466454], [72.8926965, 40.7466002], [72.8914802, 40.7465702], [72.8898777, 40.7465307], [72.8889441, 40.7464954], [72.8878887, 40.7464556], [72.8876268, 40.7464824], [72.8870393, 40.7464127], [72.8861332, 40.7463323], [72.8852821, 40.7462465], [72.884518, 40.7461613], [72.8839309, 40.7460958], [72.8833585, 40.746032], [72.8836912, 40.7430664], [72.8843053, 40.7431148], [72.884834, 40.7431565], [72.8856316, 40.7432195], [72.8865067, 40.7432885], [72.887382, 40.7433575], [72.8879736, 40.7434042], [72.8879901, 40.743276], [72.8881955, 40.7416799], [72.8882996, 40.7403046], [72.886926, 40.740165], [72.8866783, 40.7400363], [72.8854304, 40.7399769], [72.8849447, 40.7399538], [72.8825091, 40.7398378], [72.8823109, 40.7411464], [72.8823069, 40.741185], [72.8821198, 40.7430127], [72.8816526, 40.7457639], [72.8814836, 40.7458179], [72.8813341, 40.7458657], [72.8803431, 40.7458282], [72.8802511, 40.7462519], [72.8791256, 40.746343], [72.8791185, 40.7457156], [72.8790336, 40.7440049], [72.8790548, 40.7410713], [72.8784674, 40.74101], [72.8773671, 40.7417714], [72.8756052, 40.7429679], [72.8756297, 40.7431428], [72.8756346, 40.7433079], [72.8755903, 40.7440182], [72.8755689, 40.7441046], [72.8755475, 40.7441909], [72.8755442, 40.7442402], [72.8755299, 40.7444532], [72.8755245, 40.744533], [72.875522, 40.7449609], [72.8755793, 40.7453295], [72.8754667, 40.7461897], [72.8755015, 40.7463162], [72.8749211, 40.7463377], [72.8749069, 40.7465843], [72.8743973, 40.7465951], [72.8743548, 40.7469973], [72.873017, 40.7470455], [72.8729603, 40.7467559], [72.8725356, 40.7466112], [72.8723516, 40.7466755], [72.8713182, 40.7473405], [72.8709288, 40.747126], [72.8705466, 40.747378], [72.8696618, 40.7477105], [72.8693574, 40.7480001], [72.8687699, 40.748665], [72.8685363, 40.7489438], [72.8679488, 40.7499466], [72.8669791, 40.749582], [72.8654643, 40.7506115], [72.8635178, 40.7520111], [72.8635461, 40.752188], [72.8628878, 40.7526599], [72.8616208, 40.7535339], [72.8604811, 40.7542578], [72.8605944, 40.7546868], [72.8602405, 40.7547672], [72.8602334, 40.7549817], [72.8593981, 40.7551801], [72.859292, 40.7548691], [72.8563049, 40.7555608], [72.8563615, 40.7557323], [72.855866, 40.755861], [72.8558236, 40.7556841], [72.8501578, 40.7572392], [72.8500949, 40.7565096], [72.8502029, 40.7558332], [72.8504263, 40.7552914], [72.8506012, 40.7551089], [72.8506711, 40.7548969], [72.8584031, 40.7529441], [72.8592369, 40.7524902], [72.8622331, 40.7504474], [72.8613737, 40.7499495], [72.8609043, 40.7496776], [72.8678216, 40.7464801], [72.8731636, 40.7424953], [72.8731761, 40.7422122], [72.8725095, 40.7420773], [72.8717531, 40.7419678], [72.8708587, 40.7418698], [72.8699693, 40.7417428], [72.8691927, 40.7416181], [72.8678476, 40.7414268], [72.868968, 40.7373998], [72.8699216, 40.7343003], [72.8716385, 40.7345076], [72.87285, 40.7348531], [72.8738009, 40.7345668], [72.8738194, 40.7331783], [72.8738173, 40.7329007], [72.8738091, 40.7318267], [72.8738396, 40.7311135], [72.8718599, 40.7309836], [72.869489, 40.7305788], [72.8691894, 40.7315265], [72.8693457, 40.7322175], [72.8695542, 40.7326222], [72.8693067, 40.7339647], [72.8676001, 40.7337179], [72.865581, 40.7333428], [72.8644216, 40.7332935], [72.8632231, 40.7332441], [72.8624024, 40.7326518], [72.8618292, 40.7325334], [72.8624024, 40.7313291], [72.8627384, 40.7296747], [72.8676755, 40.7293257], [72.8681574, 40.7293096], [72.8692131, 40.7292135], [72.8699302, 40.7290207], [72.8703728, 40.7288638], [72.871825, 40.7283112], [72.8723161, 40.7281324], [72.873144, 40.727831], [72.8734091, 40.7277341], [72.8727588, 40.7264326], [72.8742655, 40.7259986], [72.8743708, 40.724152], [72.8714952, 40.7241225], [72.8716254, 40.723461], [72.8707657, 40.7233623], [72.8706875, 40.7237374], [72.8694239, 40.7237078], [72.8692415, 40.7232241], [72.8695021, 40.7225429], [72.8680443, 40.7222816], [72.8672484, 40.7221776], [72.8671719, 40.7199986], [72.8671658, 40.7197794], [72.8674959, 40.7186035], [72.8680821, 40.7167078], [72.8687182, 40.7144385], [72.8692786, 40.7144711], [72.8699976, 40.7145481], [72.8702596, 40.7145774], [72.8706521, 40.7146213], [72.8708569, 40.7118399], [72.8729542, 40.7119485], [72.8742829, 40.7121262], [72.8773443, 40.7129458], [72.8798231, 40.7134392], [72.8811872, 40.714111], [72.8825941, 40.7145454], [72.8844179, 40.7151872], [72.8849389, 40.7153649], [72.884978, 40.7159376], [72.8857857, 40.7164412], [72.8869022, 40.7174508], [72.887375, 40.7178037], [72.8916608, 40.7178827], [72.8919193, 40.7186693], [72.892116, 40.7187321], [72.8921573, 40.7191098], [72.8922673, 40.7194174], [72.8924596, 40.719856], [72.8926707, 40.7203313], [72.8930074, 40.7208953], [72.8936112, 40.7207997], [72.8939463, 40.7208761], [72.8946831, 40.7206769], [72.8953865, 40.7225429], [72.895634, 40.7231352], [72.8962202, 40.7230464], [72.8964677, 40.7235499], [72.8950276, 40.7238307], [72.895859, 40.7259433], [72.8975607, 40.7263861], [72.8976662, 40.7273902], [72.8974969, 40.7281405], [72.8968325, 40.7281701], [72.8966371, 40.72895], [72.8970149, 40.7290487], [72.8968455, 40.7297792], [72.8982003, 40.729414], [72.8983306, 40.7285551], [72.9002065, 40.7285156], [72.9005452, 40.7279529], [72.9011677, 40.7277213]]]}}, {"type": "Feature", "properties": {"name_uz": "Poytug", "name_en": "Poytug", "name_ru": "Пайтуг", "osm_name": "Poytug‘", "osm_id": 27578406, "osm_type": "way", "place": "town", "admin_level": null, "source": "overpass", "bbox": [72.209988, 40.874622, 72.263759, 40.91375]}, "geometry": {"type": "Polygon", "coordinates": [[[72.2367668, 40.9094685], [72.2420883, 40.9123226], [72.2491264, 40.9137496], [72.2565079, 40.9124523], [72.2531891, 40.9060827], [72.2520447, 40.9023329], [72.2510147, 40.9001272], [72.2544479, 40.8983106], [72.2566769, 40.9001867], [72.2616577, 40.8957155], [72.2637587, 40.8938534], [72.2562699, 40.8809751], [72.2497134, 40.8746222], [72.2432295, 40.8774141], [72.2415733, 40.8793638], [72.2361226, 40.8848966], [72.2339355, 40.8827884], [72.2274908, 40.8846064], [72.238323, 40.8929673], [72.2383663, 40.8941279], [72.2376419, 40.8944938], [72.2303467, 40.8945747], [72.2219636, 40.8915082], [72.2242355, 40.8977916], [72.2099876, 40.8980511], [72.2149658, 40.9020734], [72.2211456, 40.9020734], [72.2201157, 40.9045385], [72.2111893, 40.9059657], [72.2238922, 40.9134901], [72.2269821, 40.9106361], [72.2269821, 40.9079117], [72.2244072, 40.9060954], [72.2247505, 40.9051872], [72.2293854, 40.9038898], [72.230072, 40.9093388], [72.2350502, 40.9098577], [72.2367668, 40.9094685]]]}}, {"type": "Feature", "properties": {"name_uz": "Dardoq", "name_en": "Dardaq", "name_ru": "Дардак", "osm_name": "Dardoq", "osm_id": 1925199684, "osm_type": "node", "place": "village", "admin_level": null, "source": "overpass-node", "bbox": [72.813828, 40.802319, 72.84954, 40.829347]}, "geometry": {"type": "Point", "coordinates": [72.8316841, 40.815833]}}, {"type": "Feature", "properties": {"name_uz": "Payshanba", "name_en": "Paishanba", "name_ru": "Пайшанба", "osm_name": "Payshanba", "osm_id": 132788961, "osm_type": "way", "place": "town", "admin_level": null, "source": "overpass", "bbox": [66.214755, 39.99651, 66.27711, 40.026292]}, "geometry": {"type": "Polygon", "coordinates": [[[66.2415636, 39.9965098], [66.2391172, 39.9965879], [66.237894, 39.9979154], [66.2359573, 39.998462], [66.2330013, 39.9994771], [66.2321217, 39.9996844], [66.2290259, 40.0004141], [66.2236235, 40.00221], [66.2203616, 40.0023662], [66.215367, 40.0048648], [66.2147554, 40.0063482], [66.2156727, 40.0082221], [66.2173037, 40.011345], [66.2185269, 40.0141555], [66.2200915, 40.0181325], [66.2210003, 40.0209857], [66.2226312, 40.0210944], [66.2231347, 40.0226798], [66.2287273, 40.0237077], [66.2292076, 40.0262916], [66.2349266, 40.025815], [66.2399539, 40.0217713], [66.239423, 40.0198543], [66.2422825, 40.0184422], [66.2448254, 40.016966], [66.266262, 40.0136252], [66.2668079, 40.0108107], [66.2696701, 40.0111155], [66.2732582, 40.0113296], [66.2733669, 40.0107943], [66.2771104, 40.0086765], [66.2769706, 40.0078318], [66.2719845, 40.0075343], [66.2686449, 40.0069751], [66.266207, 40.0066645], [66.2667562, 40.0035118], [66.2656578, 39.9990357], [66.2620552, 39.9980933], [66.2591995, 39.9985645], [66.258848, 39.9976558], [66.2521699, 39.9981606], [66.2478921, 39.9992551], [66.2468798, 40.0008395], [66.2448329, 40.0010551], [66.2448329, 39.9987328], [66.2427868, 39.9976811], [66.2415636, 39.9965098]]]}}, {"type": "Feature", "properties": {"name_uz": "Olmazor", "name_en": "Almazor", "name_ru": "Алмазар", "osm_name": "Olmazor", "osm_id": 179310156, "osm_type": "way", "place": "village", "admin_level": null, "source": "overpass", "bbox": [68.999447, 40.310099, 69.020333, 40.331282]}, "geometry": {"type": "Polygon", "coordinates": [[[69.0124374, 40.3301102], [68.9994467, 40.3267572], [69.0013964, 40.3205865], [69.0042077, 40.3209668], [69.0067175, 40.3130819], [69.0081282, 40.3100991], [69.0119436, 40.3133264], [69.0173016, 40.3131483], [69.0154778, 40.3200293], [69.0173368, 40.3205911], [69.0169553, 40.3266317], [69.0203333, 40.326891], [69.0189731, 40.3280144], [69.0152554, 40.3312822], [69.0124374, 40.3301102]]]}}, {"type": "Feature", "properties": {"name_uz": "Chinoz", "name_en": "Chinaz", "name_ru": "Чиназ", "osm_name": "Chinoz", "osm_id": 190871965, "osm_type": "way", "place": "town", "admin_level": null, "source": "overpass", "bbox": [68.738504, 40.913289, 68.817973, 40.955101]}, "geometry": {"type": "Polygon", "coordinates": [[[68.7410929, 40.9453252], [68.7407789, 40.9449554], [68.7403283, 40.944842], [68.7385044, 40.94297], [68.7401137, 40.9418111], [68.7406791, 40.9417256], [68.7421382, 40.9408503], [68.7420234, 40.9407332], [68.7437261, 40.9397724], [68.743504, 40.9392987], [68.7434611, 40.9384882], [68.7437722, 40.9378885], [68.7431821, 40.9376372], [68.7430427, 40.9373292], [68.7413153, 40.9358622], [68.7403781, 40.9355938], [68.7398517, 40.9351186], [68.740064, 40.9335415], [68.7429139, 40.9328066], [68.7476453, 40.9316394], [68.7483071, 40.9314937], [68.7474067, 40.931057], [68.7478085, 40.9305307], [68.7465111, 40.9298521], [68.7462365, 40.9299477], [68.7458653, 40.9290579], [68.7472967, 40.9289882], [68.7488784, 40.9272456], [68.7463467, 40.9259136], [68.7464988, 40.9243418], [68.7470338, 40.9243521], [68.7470894, 40.9252094], [68.750721, 40.9259236], [68.7508855, 40.9260301], [68.7559387, 40.9270434], [68.756429, 40.9261634], [68.7570406, 40.9241044], [68.7577594, 40.9222886], [68.7566729, 40.9207776], [68.7560138, 40.919861], [68.7557456, 40.9195286], [68.7533316, 40.9183936], [68.7532458, 40.9181747], [68.7560365, 40.9177745], [68.7557317, 40.9159164], [68.7567103, 40.9158283], [68.7569554, 40.9173754], [68.7583765, 40.9171671], [68.7589395, 40.9169125], [68.7605918, 40.9143678], [68.7606347, 40.9132895], [68.7622977, 40.9137598], [68.7636528, 40.9150696], [68.7634152, 40.9169338], [68.7633921, 40.9170433], [68.7691996, 40.9183287], [68.7743494, 40.9198529], [68.7763557, 40.9206392], [68.7772677, 40.9220904], [68.7780294, 40.9221309], [68.777965, 40.92252], [68.7751648, 40.9233469], [68.7749073, 40.9233145], [68.7714741, 40.9272055], [68.7721071, 40.9275216], [68.7707874, 40.9297021], [68.771002, 40.9312098], [68.7731907, 40.9318015], [68.7729984, 40.9340691], [68.7740597, 40.9341926], [68.7762559, 40.9346825], [68.7762806, 40.9354246], [68.7780079, 40.9370456], [68.7785658, 40.9370293], [68.7790165, 40.9352544], [68.7800432, 40.9359145], [68.7811054, 40.9340584], [68.7815699, 40.934533], [68.7832973, 40.9348977], [68.783072, 40.9354327], [68.7828788, 40.9355218], [68.7824068, 40.9381802], [68.7844989, 40.9382775], [68.7857756, 40.9396229], [68.787489, 40.9383784], [68.7890694, 40.9389259], [68.7886939, 40.9411141], [68.7898064, 40.9412393], [68.7904534, 40.9417138], [68.7918052, 40.9422082], [68.7916658, 40.9430591], [68.7926743, 40.942816], [68.7937868, 40.9430709], [68.7943587, 40.9435291], [68.7964905, 40.943784], [68.7974271, 40.9438371], [68.7985108, 40.9444125], [68.8003132, 40.9450365], [68.8001523, 40.9454498], [68.8004205, 40.9464952], [68.8008282, 40.9466816], [68.8009247, 40.9471273], [68.8056454, 40.9471678], [68.8063643, 40.9471435], [68.807391, 40.9468959], [68.8073084, 40.946244], [68.8091108, 40.946171], [68.8091645, 40.9464547], [68.8103017, 40.9466167], [68.8140139, 40.9477269], [68.8140783, 40.9472731], [68.8166318, 40.9477107], [68.8170287, 40.9493233], [68.8179729, 40.9502309], [68.8170502, 40.9511547], [68.8171038, 40.9518515], [68.8167927, 40.9522891], [68.8166425, 40.9539583], [68.8159773, 40.9551008], [68.8122115, 40.9540069], [68.8066647, 40.9523782], [68.8035533, 40.9515355], [68.799766, 40.9509035], [68.7991974, 40.9489343], [68.7978456, 40.948513], [68.7972233, 40.9484968], [68.7969014, 40.9504902], [68.7944982, 40.9501985], [68.7903928, 40.9496827], [68.7897839, 40.9500899], [68.7895001, 40.9500676], [68.7870416, 40.9498743], [68.7866876, 40.9491856], [68.7833724, 40.9487561], [68.7770853, 40.948043], [68.7747176, 40.9464165], [68.7747141, 40.9461306], [68.7734489, 40.9465901], [68.7726013, 40.9467779], [68.7718838, 40.9468648], [68.7711951, 40.9469895], [68.7744642, 40.9474388], [68.7733945, 40.9494206], [68.772665, 40.9493152], [68.7715814, 40.9497042], [68.7704763, 40.9492585], [68.768749, 40.9488452], [68.7648973, 40.9488047], [68.7645647, 40.9487241], [68.7645848, 40.9486814], [68.7653769, 40.9469931], [68.7604448, 40.947314], [68.7470767, 40.9467468], [68.7452099, 40.9465523], [68.7410929, 40.9453252]]]}}, {"type": "Feature", "properties": {"name_uz": "Karmana", "name_en": "Karmana", "name_ru": "Кармана", "osm_name": "Karmana", "osm_id": 217274633, "osm_type": "way", "place": "town", "admin_level": null, "source": "overpass", "bbox": [65.333622, 40.122376, 65.38848, 40.15779]}, "geometry": {"type": "Polygon", "coordinates": [[[65.3506884, 40.1234673], [65.3508236, 40.1223758], [65.3540333, 40.1224953], [65.3545493, 40.122609], [65.358456, 40.1236471], [65.3601329, 40.1240542], [65.3608941, 40.1236111], [65.361948, 40.1239142], [65.3689767, 40.126023], [65.3722966, 40.1268288], [65.3712152, 40.1288725], [65.3718331, 40.1293719], [65.3731666, 40.1295686], [65.3733699, 40.1318835], [65.3729959, 40.1327647], [65.372386, 40.1334499], [65.3717356, 40.1336385], [65.3716099, 40.1340474], [65.3722077, 40.1341997], [65.3739841, 40.1338756], [65.3822973, 40.1334011], [65.3842895, 40.1332616], [65.38426, 40.1350923], [65.3878434, 40.1350089], [65.3878372, 40.1351729], [65.3881991, 40.1352178], [65.3884804, 40.1378164], [65.3855397, 40.1381881], [65.3852883, 40.1404122], [65.3850565, 40.1409399], [65.385429, 40.1425781], [65.3836262, 40.1429806], [65.3837228, 40.1439502], [65.3835859, 40.1440108], [65.3836243, 40.1449722], [65.3838533, 40.1450234], [65.3843024, 40.1477259], [65.3802645, 40.1467253], [65.3796867, 40.1466186], [65.372662, 40.1464317], [65.3713076, 40.1464335], [65.371303, 40.1491434], [65.370555, 40.1492395], [65.3707995, 40.1515458], [65.3739804, 40.1514872], [65.3746116, 40.1537567], [65.3739921, 40.1538102], [65.3750239, 40.1568633], [65.3708058, 40.1577897], [65.3626581, 40.1549322], [65.3584369, 40.1543132], [65.3525713, 40.1544257], [65.3520005, 40.1554102], [65.3509866, 40.1551171], [65.3517312, 40.1536857], [65.351842, 40.153027], [65.3511968, 40.1509844], [65.3459372, 40.1515614], [65.3443199, 40.1520468], [65.3438067, 40.1517397], [65.3373049, 40.151621], [65.3356521, 40.1513102], [65.3336217, 40.1504866], [65.3339787, 40.1458485], [65.3379087, 40.1442683], [65.3385386, 40.1439128], [65.3387514, 40.1375864], [65.3392798, 40.1372806], [65.3427157, 40.1368928], [65.3503353, 40.1358151], [65.3504399, 40.1354988], [65.3506096, 40.1344365], [65.3513231, 40.1296886], [65.3506794, 40.128125], [65.3503084, 40.1268977], [65.3503317, 40.1247362], [65.3505065, 40.1242668], [65.3506884, 40.1234673]]]}}, {"type": "Feature", "properties": {"name_uz": "Karashina", "name_en": "Karashina", "name_ru": "Карашина", "osm_name": "Qorashina", "osm_id": 247155675, "osm_type": "node", "place": "town", "admin_level": null, "source": "overpass-node", "bbox": [66.538848, 38.312508, 66.607764, 38.366562]}, "geometry": {"type": "Point", "coordinates": [66.573306, 38.3395349]}}, {"type": "Feature", "properties": {"name_uz": "Xovos", "name_en": "Khavas", "name_ru": "Хаваст", "osm_name": "Xovos", "osm_id": 131644629, "osm_type": "way", "place": "town", "admin_level": null, "source": "overpass", "bbox": [68.80547, 40.205022, 68.849416, 40.238472]}, "geometry": {"type": "Polygon", "coordinates": [[[68.8374268, 40.237662], [68.8423149, 40.2384722], [68.8451505, 40.228169], [68.8455857, 40.227784], [68.8457178, 40.2272761], [68.8465479, 40.2253653], [68.8485206, 40.2194654], [68.8492, 40.2161034], [68.8491182, 40.2147569], [68.8486053, 40.2134722], [68.8475451, 40.2122013], [68.849416, 40.2101445], [68.8492674, 40.208104], [68.8409227, 40.2050222], [68.8400019, 40.2053462], [68.838863, 40.2055068], [68.8364723, 40.2059002], [68.8358868, 40.20572], [68.8353204, 40.2054601], [68.8345503, 40.2056018], [68.8294811, 40.2072743], [68.8252652, 40.2116881], [68.8242442, 40.2123652], [68.8219416, 40.2183794], [68.8123863, 40.2164631], [68.8054701, 40.2313557], [68.8124149, 40.2332249], [68.8137378, 40.2304417], [68.8196527, 40.232813], [68.8265317, 40.229673], [68.8274487, 40.2320352], [68.8280442, 40.2347386], [68.8313158, 40.2354025], [68.8377329, 40.2366489], [68.8374268, 40.237662]]]}}, {"type": "Feature", "properties": {"name_uz": "Yaypan", "name_en": "Yaypan", "name_ru": "Яйпан", "osm_name": "Yaypan", "osm_id": 922525049, "osm_type": "way", "place": "town", "admin_level": null, "source": "overpass", "bbox": [70.798966, 40.359542, 70.835945, 40.397139]}, "geometry": {"type": "Polygon", "coordinates": [[[70.8087066, 40.3641714], [70.8085261, 40.3645404], [70.8081141, 40.3653258], [70.8075757, 40.3662765], [70.8069944, 40.3673763], [70.8062955, 40.3672039], [70.8060232, 40.3678408], [70.805453, 40.3689662], [70.8048407, 40.3700505], [70.8044739, 40.3706197], [70.8036413, 40.3720351], [70.8035042, 40.3722113], [70.8035104, 40.372346], [70.8035399, 40.372429], [70.8024517, 40.3740842], [70.8016918, 40.3752647], [70.8004795, 40.3772895], [70.8003888, 40.3773656], [70.800305, 40.3777008], [70.8002596, 40.3778392], [70.8002464, 40.3781585], [70.8006864, 40.3782076], [70.8006555, 40.3784113], [70.8006719, 40.378527], [70.8005593, 40.3793067], [70.8005744, 40.3793525], [70.8005126, 40.3796551], [70.8003911, 40.3799627], [70.8005368, 40.379991], [70.8010748, 40.3800674], [70.801627, 40.3801518], [70.8019427, 40.3802037], [70.8020931, 40.3802319], [70.8022097, 40.3802625], [70.8022949, 40.3802969], [70.8024064, 40.3803727], [70.8024107, 40.3804076], [70.8020441, 40.3806264], [70.8011836, 40.381774], [70.8008325, 40.3821994], [70.8005355, 40.3820546], [70.8002321, 40.3824454], [70.8005331, 40.3825623], [70.8004605, 40.3826805], [70.802515, 40.3836108], [70.8031871, 40.3839037], [70.8034753, 40.3840117], [70.8034001, 40.3841415], [70.8043988, 40.3844478], [70.804375, 40.3844562], [70.8043806, 40.3844682], [70.8036528, 40.3853182], [70.802821, 40.3848676], [70.801633, 40.3864227], [70.8016588, 40.3866067], [70.8006776, 40.3863754], [70.8002353, 40.3863859], [70.8002487, 40.3865748], [70.7994195, 40.3880879], [70.8003836, 40.3884633], [70.7997386, 40.3896087], [70.7991973, 40.3905105], [70.7989657, 40.3908054], [70.8020793, 40.3930242], [70.8026924, 40.3934408], [70.8030637, 40.3938203], [70.8032031, 40.3940329], [70.8035922, 40.3944087], [70.8042634, 40.3948313], [70.8053774, 40.3954685], [70.8060499, 40.3957682], [70.8073319, 40.3963517], [70.8077565, 40.396553], [70.8089456, 40.397139], [70.8093247, 40.3959983], [70.8098017, 40.3948265], [70.8099632, 40.3944455], [70.8101197, 40.3941172], [70.8109043, 40.3943694], [70.8109399, 40.3943689], [70.8109818, 40.3943512], [70.811174, 40.3939493], [70.8122312, 40.3942157], [70.8126732, 40.3943162], [70.8127019, 40.3943072], [70.8131908, 40.3932477], [70.8138484, 40.3919145], [70.8141202, 40.3913272], [70.8142463, 40.3911224], [70.8143074, 40.3910737], [70.8143765, 40.3910726], [70.8146047, 40.3911014], [70.8147023, 40.390967], [70.8147425, 40.3909352], [70.814897, 40.3906813], [70.8151533, 40.390774], [70.8152726, 40.3905818], [70.8150032, 40.390484], [70.8149968, 40.390382], [70.8127944, 40.3895828], [70.812011, 40.3892872], [70.8122028, 40.3889283], [70.812695, 40.3877039], [70.8131473, 40.3866574], [70.8137266, 40.3852062], [70.8143193, 40.3853216], [70.8143482, 40.3852612], [70.8172911, 40.3856011], [70.8178539, 40.385676], [70.8180905, 40.3857075], [70.818264, 40.3857306], [70.8184366, 40.3857688], [70.8185699, 40.3847691], [70.8187467, 40.3847792], [70.8187655, 40.385013], [70.818703, 40.3850688], [70.8186326, 40.3856068], [70.8187833, 40.3856329], [70.8209721, 40.3860343], [70.8210562, 40.3858011], [70.8213217, 40.385831], [70.8215796, 40.3858812], [70.822282, 40.3860204], [70.8226133, 40.3860772], [70.82271, 40.3860246], [70.8240337, 40.385973], [70.8241148, 40.3860056], [70.82416, 40.3858483], [70.8246036, 40.3858849], [70.824736, 40.3859012], [70.8247242, 40.3855875], [70.8248175, 40.3854628], [70.8249482, 40.3851674], [70.8244895, 40.3850753], [70.8246465, 40.3846456], [70.8250298, 40.3846918], [70.8251471, 40.3845611], [70.8247294, 40.3845189], [70.8247687, 40.3844731], [70.8254297, 40.3831419], [70.8255782, 40.3828615], [70.8254934, 40.3828418], [70.8258323, 40.3822021], [70.8260883, 40.3817187], [70.8244494, 40.3814869], [70.8242998, 40.3814624], [70.8220647, 40.3810967], [70.8213587, 40.3809815], [70.8212, 40.3808635], [70.8212897, 40.3804646], [70.8214058, 40.3801648], [70.8214806, 40.3801814], [70.8214944, 40.3801539], [70.8215272, 40.3800889], [70.8218326, 40.3793338], [70.8221408, 40.3794047], [70.8221606, 40.3793387], [70.8224859, 40.378684], [70.8224951, 40.3786143], [70.8229059, 40.3777847], [70.8224681, 40.3776854], [70.8217642, 40.3774993], [70.8217774, 40.3774335], [70.8217633, 40.3773857], [70.8217962, 40.3772935], [70.8223502, 40.3773811], [70.8230745, 40.3775475], [70.8235489, 40.3769462], [70.8242844, 40.3759527], [70.8251305, 40.3747631], [70.8252072, 40.3747093], [70.8255383, 40.3748193], [70.825499, 40.3746919], [70.8258861, 40.3742826], [70.8264835, 40.3736511], [70.8273032, 40.3734211], [70.8276955, 40.373311], [70.8278622, 40.3733026], [70.8299534, 40.3731977], [70.8324714, 40.3732922], [70.8325096, 40.3732936], [70.8325465, 40.3732942], [70.8337869, 40.3733135], [70.8337947, 40.3732236], [70.8337985, 40.3728755], [70.8337879, 40.3728882], [70.8337881, 40.3722894], [70.833798, 40.372272], [70.8338174, 40.3714145], [70.834225, 40.3710072], [70.8343304, 40.3708699], [70.8344544, 40.3706846], [70.8345279, 40.3705749], [70.8346142, 40.3705469], [70.8345848, 40.3701449], [70.8345769, 40.3700366], [70.8346679, 40.3700718], [70.8348399, 40.3700375], [70.8349394, 40.3696811], [70.8350724, 40.3695033], [70.8350973, 40.3694699], [70.8350704, 40.3692004], [70.835071, 40.3691294], [70.8355803, 40.3690065], [70.8356095, 40.3689434], [70.8353083, 40.368857], [70.8353049, 40.3687839], [70.8352624, 40.3687717], [70.8350727, 40.3687172], [70.8348593, 40.3686559], [70.8346677, 40.3686009], [70.8337959, 40.3683506], [70.8339652, 40.3680208], [70.8340368, 40.3678814], [70.8341136, 40.3677317], [70.8343139, 40.3677824], [70.8345385, 40.3678393], [70.8347256, 40.3678892], [70.8350944, 40.367991], [70.8355276, 40.3681105], [70.8356692, 40.3681496], [70.8357371, 40.3680286], [70.8357692, 40.3679377], [70.8356567, 40.3679054], [70.8358958, 40.3673133], [70.8359452, 40.3671836], [70.8351714, 40.3669943], [70.8353715, 40.3665022], [70.8350743, 40.3664227], [70.8352426, 40.3660466], [70.8348517, 40.365947], [70.8344747, 40.3668123], [70.8334596, 40.3665472], [70.8338688, 40.3656174], [70.8335709, 40.3654978], [70.8333382, 40.365971], [70.8327058, 40.3657932], [70.8324765, 40.3663012], [70.830198, 40.3657274], [70.8298834, 40.365629], [70.8298813, 40.3655858], [70.829898, 40.3653916], [70.8318854, 40.3652211], [70.8318226, 40.3648005], [70.8321254, 40.3647755], [70.8329674, 40.3647497], [70.8330089, 40.3647403], [70.8330396, 40.3647169], [70.833627, 40.3639669], [70.8339758, 40.3641344], [70.8342713, 40.3637745], [70.8339226, 40.3636069], [70.833699, 40.3636157], [70.833206, 40.3635548], [70.8326532, 40.3634864], [70.8325543, 40.3634848], [70.8313664, 40.3632684], [70.831346, 40.3633341], [70.8311944, 40.3632764], [70.8311287, 40.3632514], [70.8309711, 40.3631914], [70.8307567, 40.3631173], [70.8301814, 40.3630434], [70.8296655, 40.3637378], [70.8294203, 40.36375], [70.8290189, 40.3646454], [70.8278961, 40.3646776], [70.8278076, 40.3648276], [70.8277213, 40.3646826], [70.8261825, 40.364277], [70.8260493, 40.3646019], [70.8231967, 40.3638799], [70.8214963, 40.3634759], [70.8216669, 40.3631829], [70.8213521, 40.3630771], [70.8214804, 40.3628089], [70.819568, 40.3622017], [70.8177421, 40.3620438], [70.8178442, 40.361615], [70.817648, 40.3614464], [70.8145169, 40.361017], [70.8136939, 40.3608962], [70.813609, 40.3608866], [70.8136359, 40.3608058], [70.8137281, 40.360166], [70.8135562, 40.3601445], [70.8135781, 40.3598284], [70.8132453, 40.359811], [70.8130676, 40.3597978], [70.8129147, 40.3597819], [70.8127558, 40.3597567], [70.8127259, 40.3597487], [70.8127075, 40.3597408], [70.8127006, 40.3597331], [70.8126784, 40.3596186], [70.812229, 40.3595422], [70.8121186, 40.3599029], [70.8111211, 40.3597349], [70.8109889, 40.3600959], [70.8104024, 40.3599966], [70.8101, 40.3611324], [70.8096894, 40.3610804], [70.8089285, 40.3612509], [70.8087853, 40.3612911], [70.8087001, 40.3613031], [70.8082523, 40.3614096], [70.8082484, 40.3617749], [70.8082125, 40.3619633], [70.8080784, 40.3620489], [70.8087822, 40.3628622], [70.8081987, 40.3639982], [70.8087066, 40.3641714]]]}}, {"type": "Feature", "properties": {"name_uz": "Juma", "name_en": "Juma", "name_ru": "Джума", "osm_name": "Juma", "osm_id": 214765778, "osm_type": "way", "place": "town", "admin_level": null, "source": "overpass", "bbox": [66.635059, 39.692322, 66.680347, 39.74142]}, "geometry": {"type": "Polygon", "coordinates": [[[66.6512589, 39.7372477], [66.6513759, 39.7359314], [66.6526445, 39.7355074], [66.6531514, 39.7349489], [66.6530346, 39.7344212], [66.6538844, 39.7344549], [66.6538799, 39.7334211], [66.6526018, 39.7319537], [66.6519188, 39.7322388], [66.650388, 39.7311511], [66.6503324, 39.7309246], [66.6509949, 39.7301035], [66.650775, 39.7281659], [66.6553075, 39.7276988], [66.6580432, 39.7276353], [66.6578022, 39.7330468], [66.6612855, 39.7341388], [66.6617263, 39.7346853], [66.6622145, 39.7347281], [66.6624529, 39.7344992], [66.6643634, 39.7349406], [66.6648146, 39.7339587], [66.6629524, 39.7336292], [66.6627474, 39.7320808], [66.6641042, 39.728421], [66.6646372, 39.726988], [66.6679693, 39.7274473], [66.6681952, 39.724768], [66.6683305, 39.7238425], [66.6682568, 39.7229819], [66.6676334, 39.7225293], [66.6673649, 39.7209261], [66.6675982, 39.7205234], [66.6686642, 39.7197921], [66.6694716, 39.7186133], [66.6695198, 39.7171779], [66.6697665, 39.7169483], [66.6709741, 39.7167432], [66.6732078, 39.7172819], [66.6753833, 39.7173695], [66.6762185, 39.7175829], [66.6764359, 39.7172374], [66.6755832, 39.7167797], [66.6765379, 39.7155147], [66.6780931, 39.7149348], [66.6776825, 39.7138234], [66.6785004, 39.7134903], [66.6775622, 39.7125819], [66.6791083, 39.7104681], [66.6803467, 39.7077502], [66.67918, 39.7063897], [66.676239, 39.7072042], [66.6744957, 39.6997627], [66.6765242, 39.6974364], [66.6760915, 39.6963703], [66.6771217, 39.6956504], [66.6761384, 39.6923218], [66.6729603, 39.693057], [66.6713809, 39.6951583], [66.671306, 39.6972468], [66.660979, 39.7028923], [66.6469684, 39.7099478], [66.6480059, 39.7165532], [66.647046, 39.716686], [66.6473555, 39.7176629], [66.64737, 39.7180221], [66.6466283, 39.7182449], [66.6464928, 39.7189679], [66.6446967, 39.7232633], [66.6416081, 39.7293028], [66.6419335, 39.7301397], [66.6390944, 39.7306593], [66.6365286, 39.7311639], [66.6361555, 39.734874], [66.6350586, 39.7386376], [66.6363587, 39.7388786], [66.637698, 39.7366306], [66.6380584, 39.7355618], [66.6407451, 39.7355873], [66.6434531, 39.7358835], [66.6424697, 39.7405497], [66.6438443, 39.7414202], [66.6448441, 39.7406427], [66.6464603, 39.7401331], [66.6492775, 39.7399757], [66.650101, 39.7383576], [66.6512589, 39.7372477]]]}}, {"type": "Feature", "properties": {"name_uz": "Dashtobod", "name_en": "Dashtabad", "name_ru": "Даштабад", "osm_name": "Dashtobod", "osm_id": 201474190, "osm_type": "way", "place": "town", "admin_level": null, "source": "overpass", "bbox": [68.455744, 40.101571, 68.525061, 40.147909]}, "geometry": {"type": "Polygon", "coordinates": [[[68.4717374, 40.1186746], [68.4724475, 40.1168563], [68.4752978, 40.1135424], [68.4781819, 40.114226], [68.4751983, 40.108051], [68.4762305, 40.1065705], [68.4791393, 40.1075729], [68.4818485, 40.1072952], [68.4827318, 40.105164], [68.4846098, 40.1047074], [68.4834088, 40.1025367], [68.4841351, 40.1023109], [68.4865156, 40.101571], [68.4896206, 40.1037481], [68.4919466, 40.1054689], [68.4931216, 40.1054129], [68.4953227, 40.1097841], [68.4934534, 40.1102796], [68.49419, 40.1122307], [68.5003424, 40.1126393], [68.5004676, 40.1135904], [68.509159, 40.1121019], [68.5095553, 40.1263643], [68.5066424, 40.1301397], [68.5046502, 40.1331103], [68.5022786, 40.1330305], [68.5002932, 40.1327179], [68.499802, 40.1334581], [68.4988748, 40.134655], [68.5027581, 40.1359878], [68.5029341, 40.1356262], [68.5086483, 40.1375788], [68.5208139, 40.1418011], [68.523807, 40.1430424], [68.525061, 40.146927], [68.5220727, 40.1479091], [68.4568381, 40.1323651], [68.4617933, 40.1219031], [68.4557436, 40.1190054], [68.4565918, 40.1157501], [68.4658008, 40.1198604], [68.4720942, 40.1235932], [68.4741632, 40.1243207], [68.4751775, 40.1207635], [68.4728097, 40.1198868], [68.4730846, 40.119098], [68.4717374, 40.1186746]]]}}, {"type": "Feature", "properties": {"name_uz": "Toyloq", "name_en": "Toyloq", "name_ru": "Тайлак", "osm_name": "Toyloq", "osm_id": 67557201, "osm_type": "way", "place": "town", "admin_level": null, "source": "overpass", "bbox": [67.059694, 39.587739, 67.108021, 39.624718]}, "geometry": {"type": "Polygon", "coordinates": [[[67.0780908, 39.6085963], [67.077259, 39.6074449], [67.0781812, 39.6071433], [67.077509, 39.6062934], [67.0804193, 39.6052031], [67.0804304, 39.6016803], [67.0818707, 39.600851], [67.0832557, 39.5983863], [67.0862276, 39.596982], [67.0874816, 39.5933857], [67.0940815, 39.5902813], [67.099836, 39.5877393], [67.1080207, 39.5907562], [67.1074341, 39.5924602], [67.1032998, 39.5966783], [67.1024338, 39.5981309], [67.1026294, 39.5991924], [67.0988583, 39.6017623], [67.1005623, 39.6040809], [67.0905339, 39.6093884], [67.0840252, 39.6128522], [67.0822933, 39.6111482], [67.0787334, 39.6151917], [67.069, 39.6212587], [67.0636156, 39.6247176], [67.0610607, 39.6223025], [67.0596941, 39.6201463], [67.059955, 39.6187045], [67.0623187, 39.6187091], [67.0634318, 39.6172745], [67.0655427, 39.6155011], [67.0675573, 39.612456], [67.0657964, 39.6100741], [67.067094, 39.609426], [67.0703561, 39.6123312], [67.0719174, 39.6112682], [67.0725699, 39.6116251], [67.0741904, 39.609942], [67.0733505, 39.6093405], [67.0746245, 39.6085242], [67.0760107, 39.608715], [67.076742, 39.6095199], [67.0780908, 39.6085963]]]}}, {"type": "Feature", "properties": {"name_uz": "Gulobod", "name_en": "Gulobod", "name_ru": "Гюлабад", "osm_name": "Gulobod", "osm_id": 447147109, "osm_type": "way", "place": "town", "admin_level": null, "source": "overpass", "bbox": [66.947382, 39.570159, 66.977154, 39.595274]}, "geometry": {"type": "Polygon", "coordinates": [[[66.9681621, 39.5952744], [66.9687257, 39.5950958], [66.9717384, 39.59423], [66.9730357, 39.5933439], [66.9740278, 39.5906612], [66.9755483, 39.5883094], [66.975655, 39.5881513], [66.9764436, 39.5845421], [66.9771544, 39.5739631], [66.9766394, 39.5717219], [66.9746117, 39.5701588], [66.9692421, 39.5715281], [66.9699983, 39.5765763], [66.960514, 39.5771055], [66.9473819, 39.5798592], [66.9475269, 39.5800865], [66.9502465, 39.5843492], [66.9550638, 39.5829104], [66.9573383, 39.5861682], [66.9581639, 39.5896933], [66.9632649, 39.5926293], [66.9653975, 39.5917593], [66.9667181, 39.5924629], [66.9681621, 39.5952744]]]}}, {"type": "Feature", "properties": {"name_uz": "Burbaliq", "name_en": "Burbalik", "name_ru": "Бурбалык", "osm_name": "Bo'rbaliq", "osm_id": 3242346032, "osm_type": "node", "place": "village", "admin_level": null, "source": "overpass-node", "bbox": [71.356541, 40.310836, 71.391991, 40.337863]}, "geometry": {"type": "Point", "coordinates": [71.3742657, 40.3243499]}}, {"type": "Feature", "properties": {"name_uz": "Zaamin", "name_en": "Zaamin", "name_ru": "Заамин", "osm_name": "Zomin", "osm_id": 1380186851, "osm_type": "way", "place": "city", "admin_level": null, "source": "overpass", "bbox": [68.378759, 39.938826, 68.440728, 39.996179]}, "geometry": {"type": "Polygon", "coordinates": [[[68.3820095, 39.9576694], [68.3799281, 39.9563947], [68.3796813, 39.9572335], [68.3787586, 39.9576201], [68.3793595, 39.9590756], [68.3793166, 39.9604408], [68.3792093, 39.9609835], [68.3804002, 39.9641084], [68.3812906, 39.9640179], [68.3815053, 39.9676277], [68.38187, 39.9711716], [68.3836724, 39.9713936], [68.3847882, 39.9713361], [68.387065, 39.9719527], [68.3937361, 39.9730216], [68.3962467, 39.9731449], [68.3996906, 39.9734327], [68.4005918, 39.9731532], [68.4025552, 39.976039], [68.4037997, 39.9779464], [68.4043576, 39.9805854], [68.4053018, 39.9805608], [68.4060314, 39.9815637], [68.4070935, 39.9814487], [68.4087028, 39.9853371], [68.4082952, 39.9854439], [68.4097221, 39.9874497], [68.4142711, 39.993105], [68.4172966, 39.9961791], [68.4406855, 39.9891924], [68.4371664, 39.9838985], [68.4407284, 39.9827969], [68.4304716, 39.9677018], [68.4323814, 39.9666493], [68.4332826, 39.9640015], [68.4325101, 39.9622582], [68.4332397, 39.9616661], [68.4364369, 39.9615509], [68.4356215, 39.957176], [68.4240129, 39.9554489], [68.420923, 39.9548239], [68.4147002, 39.9542646], [68.4145286, 39.9533435], [68.4131553, 39.9508762], [68.4115674, 39.9510406], [68.4089925, 39.9511393], [68.4073188, 39.9487377], [68.4043147, 39.9500866], [68.405173, 39.9518302], [68.4025981, 39.9514354], [68.4017184, 39.9491654], [68.4002163, 39.949297], [68.4000232, 39.9509748], [68.3992078, 39.9516657], [68.398092, 39.9517973], [68.3980062, 39.9522908], [68.3970406, 39.9521756], [68.3963325, 39.950284], [68.3958175, 39.9503004], [68.3956029, 39.9487048], [68.3948304, 39.9488693], [68.395045, 39.9514683], [68.3939721, 39.9514683], [68.3916333, 39.9456121], [68.3907535, 39.9388259], [68.3871057, 39.9411045], [68.390732, 39.9479481], [68.3908719, 39.9537754], [68.3919766, 39.9557532], [68.3820095, 39.9576694]]]}}, {"type": "Feature", "properties": {"name_uz": "Uchqizil", "name_en": "Uchkizil", "name_ru": "Учкызыл", "osm_name": "Uchqizil", "osm_id": 2515122498, "osm_type": "node", "place": "town", "admin_level": null, "source": "overpass-node", "bbox": [67.197788, 37.315115, 67.265778, 37.369169]}, "geometry": {"type": "Point", "coordinates": [67.2317826, 37.3421419]}}, {"type": "Feature", "properties": {"name_uz": "Sariq", "name_en": "Sariq", "name_ru": "Сарых", "osm_name": "Sariq", "osm_id": 247170718, "osm_type": "node", "place": "town", "admin_level": null, "source": "overpass-node", "bbox": [67.201632, 37.643073, 67.269922, 37.697127]}, "geometry": {"type": "Point", "coordinates": [67.2357772, 37.6700997]}}, {"type": "Feature", "properties": {"name_uz": "Charxin", "name_en": "Charkhin", "name_ru": "Чархин", "osm_name": "Charxin", "osm_id": 10728273614, "osm_type": "node", "place": "town", "admin_level": null, "source": "overpass-node", "bbox": [66.787349, 39.668638, 66.857599, 39.722692]}, "geometry": {"type": "Point", "coordinates": [66.8224742, 39.6956653]}}, {"type": "Feature", "properties": {"name_uz": "Tinchlik", "name_en": "Tinchlik", "name_ru": "Тинчлик", "osm_name": "Tinchlik", "osm_id": 271375071, "osm_type": "way", "place": "village", "admin_level": null, "source": "overpass", "bbox": [67.831642, 40.684765, 67.844954, 40.696284]}, "geometry": {"type": "Polygon", "coordinates": [[[67.831642, 40.6933499], [67.8361432, 40.6864537], [67.8366816, 40.6856335], [67.8371107, 40.6851047], [67.8373146, 40.6852552], [67.837446, 40.6853935], [67.8376365, 40.6856071], [67.8381756, 40.6858227], [67.8388944, 40.6847772], [67.8392029, 40.684765], [67.840139, 40.685186], [67.8407022, 40.6853691], [67.8403321, 40.685965], [67.8404662, 40.6860748], [67.8412601, 40.6863637], [67.8414666, 40.6863494], [67.8406942, 40.6874966], [67.8412735, 40.6877406], [67.8410804, 40.6881392], [67.8425288, 40.6886355], [67.8431296, 40.6877243], [67.844795, 40.6882926], [67.8449535, 40.6883467], [67.8439407, 40.6898908], [67.8398601, 40.6962844], [67.8370035, 40.6952939], [67.8366762, 40.6952654], [67.8363383, 40.6952756], [67.8362203, 40.6954179], [67.8356087, 40.6952431], [67.8354035, 40.6951475], [67.8350079, 40.6956843], [67.834627, 40.6955501], [67.8351069, 40.6948189], [67.8351796, 40.6947082], [67.8350991, 40.6946757], [67.831642, 40.6933499]]]}}, {"type": "Feature", "properties": {"name_uz": "Loyish", "name_en": "Loyish", "name_ru": "Лаиш", "osm_name": "Loyish", "osm_id": 247161419, "osm_type": "node", "place": "town", "admin_level": null, "source": "overpass-node", "bbox": [66.718323, 39.852718, 66.788761, 39.906772]}, "geometry": {"type": "Point", "coordinates": [66.753542, 39.8797448]}}, {"type": "Feature", "properties": {"name_uz": "Boston", "name_en": "Bustan", "name_ru": "Бустан", "osm_name": "Bustan", "osm_id": 187938401, "osm_type": "way", "place": "town", "admin_level": null, "source": "overpass", "bbox": [60.893705, 41.826609, 60.943452, 41.870478]}, "geometry": {"type": "Polygon", "coordinates": [[[60.9222873, 41.8704777], [60.9237584, 41.8697314], [60.9198796, 41.8639763], [60.9220058, 41.8628323], [60.9264294, 41.8604034], [60.9281136, 41.8617346], [60.9350928, 41.8571708], [60.9335404, 41.855789], [60.9408559, 41.8509044], [60.9385924, 41.849004], [60.943452, 41.8459091], [60.9364182, 41.8393211], [60.9384175, 41.8337323], [60.9347361, 41.8330978], [60.9248842, 41.8313996], [60.9093243, 41.8275859], [60.9088485, 41.8291376], [60.907678, 41.8293104], [60.8987752, 41.826609], [60.8974011, 41.8291728], [60.8987695, 41.830598], [60.898169, 41.8326827], [60.8951479, 41.8359799], [60.8945623, 41.8371934], [60.8937052, 41.8426481], [60.89483, 41.8452701], [60.8957468, 41.8450503], [60.8962579, 41.8462795], [60.8976947, 41.8470673], [60.898297, 41.8502419], [60.8981423, 41.8525763], [60.8989335, 41.8532121], [60.9032216, 41.8531495], [60.9032311, 41.8547901], [60.9039245, 41.8562842], [60.9124043, 41.8618466], [60.9150487, 41.8647762], [60.9222873, 41.8704777]]]}}, {"type": "Feature", "properties": {"name_uz": "Toshloq", "name_en": "Tashlyak", "name_ru": "Ташлак", "osm_name": "Toshloq", "osm_id": 10697740514, "osm_type": "node", "place": "town", "admin_level": null, "source": "overpass-node", "bbox": [71.723427, 40.458648, 71.794497, 40.512702]}, "geometry": {"type": "Point", "coordinates": [71.7589621, 40.4856749]}}, {"type": "Feature", "properties": {"name_uz": "Ziyovuddin", "name_en": "Ziyaddin", "name_ru": "Зиадин", "osm_name": "Ziyovuddin", "osm_id": 247161877, "osm_type": "node", "place": "town", "admin_level": null, "source": "overpass-node", "bbox": [65.631946, 40.003412, 65.70254, 40.057466]}, "geometry": {"type": "Point", "coordinates": [65.6672432, 40.0304388]}}, {"type": "Feature", "properties": {"name_uz": "Eski Yakkabog", "name_en": "Eski-Yakkabog", "name_ru": "Эски-Яккабаг", "osm_name": "Eski Yakkabogʻ", "osm_id": 1586561762, "osm_type": "node", "place": "town", "admin_level": null, "source": "overpass-node", "bbox": [66.801937, 38.897806, 66.871418, 38.95186]}, "geometry": {"type": "Point", "coordinates": [66.8366775, 38.924833]}}, {"type": "Feature", "properties": {"name_uz": "Shargun", "name_en": "Shargun", "name_ru": "Шаргунь", "osm_name": "Sharg'un", "osm_id": 317768192, "osm_type": "way", "place": "town", "admin_level": null, "source": "overpass", "bbox": [67.951019, 38.446959, 67.980801, 38.487863]}, "geometry": {"type": "Polygon", "coordinates": [[[67.9511809, 38.468936], [67.9510191, 38.4722072], [67.9564237, 38.4721691], [67.9570913, 38.4730011], [67.9561982, 38.4744428], [67.9566354, 38.4745504], [67.9587303, 38.4747289], [67.95889, 38.4765576], [67.9604708, 38.4761753], [67.9614613, 38.4765854], [67.9613722, 38.4777], [67.9618896, 38.4781592], [67.9620033, 38.4791667], [67.9611678, 38.4809679], [67.9592793, 38.4815344], [67.9602439, 38.4861759], [67.960492, 38.4869717], [67.9624701, 38.4878628], [67.9634132, 38.4850438], [67.9637874, 38.4823816], [67.9643919, 38.4815817], [67.9648136, 38.4814912], [67.9660989, 38.4815515], [67.9657262, 38.4797612], [67.9712211, 38.4795568], [67.9697913, 38.4782378], [67.9686378, 38.4676949], [67.9720841, 38.4671921], [67.9721936, 38.4675603], [67.9787741, 38.4667352], [67.9790697, 38.4638863], [67.9792864, 38.4636767], [67.9805142, 38.4632591], [67.980732, 38.4626799], [67.9804233, 38.4618423], [67.9792592, 38.4618622], [67.978782, 38.4613204], [67.9760077, 38.461784], [67.9751659, 38.4616626], [67.972879, 38.4611668], [67.9733236, 38.4605466], [67.9716455, 38.4598085], [67.9727597, 38.4590729], [67.9741953, 38.4567334], [67.9744709, 38.4553166], [67.9759682, 38.4530008], [67.9767407, 38.453271], [67.9771956, 38.4526172], [67.9785622, 38.4527901], [67.9808009, 38.449407], [67.9776461, 38.4487654], [67.9784932, 38.4472564], [67.9773809, 38.4469586], [67.9767141, 38.4473747], [67.976314, 38.447151], [67.9756366, 38.448537], [67.9743587, 38.4506542], [67.9729109, 38.453677], [67.9725679, 38.4539229], [67.9709645, 38.4531253], [67.9689232, 38.4541951], [67.9680884, 38.4542083], [67.9658073, 38.4535415], [67.9659114, 38.4542353], [67.963612, 38.4538741], [67.9633689, 38.4521882], [67.9615525, 38.451849], [67.9609994, 38.4531499], [67.9616478, 38.4533895], [67.961586, 38.4554646], [67.961213, 38.4562767], [67.9611852, 38.4571973], [67.959058, 38.4573469], [67.9587896, 38.4575895], [67.9566142, 38.4582593], [67.9553131, 38.4593082], [67.953151, 38.4600244], [67.9528503, 38.4626524], [67.9545584, 38.4624339], [67.9551509, 38.4625237], [67.9562133, 38.4622834], [67.9559399, 38.4655412], [67.9564736, 38.4656436], [67.9564328, 38.4674239], [67.9566992, 38.4678321], [67.9567163, 38.4683082], [67.9565823, 38.468617], [67.9560419, 38.4688382], [67.9542514, 38.4692493], [67.9511809, 38.468936]]]}}, {"type": "Feature", "properties": {"name_uz": "Yangi Nishon", "name_en": "Yangi-Nishan", "name_ru": "Янги-Нишан", "osm_name": "Yangi Nishon", "osm_id": 172145583, "osm_type": "way", "place": "town", "admin_level": null, "source": "overpass", "bbox": [65.676746, 38.632484, 65.712091, 38.664864]}, "geometry": {"type": "Polygon", "coordinates": [[[65.7071919, 38.6579854], [65.6941173, 38.6612348], [65.682, 38.6647499], [65.676988, 38.664864], [65.6767464, 38.660881], [65.6809455, 38.6506942], [65.6819861, 38.645493], [65.6791212, 38.637568], [65.6803743, 38.6365616], [65.6954454, 38.6330041], [65.700095, 38.6324844], [65.7120912, 38.6549386], [65.7071919, 38.6579854]]]}}, {"type": "Feature", "properties": {"name_uz": "Oqqorgon", "name_en": "Akkurgan", "name_ru": "Аккурган", "osm_name": "Oqqo'rg'on", "osm_id": 264569863, "osm_type": "way", "place": "town", "admin_level": null, "source": "overpass", "bbox": [69.029239, 40.86032, 69.067407, 40.89886]}, "geometry": {"type": "Polygon", "coordinates": [[[69.037312, 40.8813763], [69.0381402, 40.8822243], [69.0404271, 40.8829855], [69.0404774, 40.8846364], [69.0443086, 40.8863398], [69.0483345, 40.890555], [69.0542674, 40.8948099], [69.058112, 40.8967643], [69.0610114, 40.89886], [69.0618896, 40.8982731], [69.062887, 40.8961495], [69.0620763, 40.8958897], [69.0627425, 40.8944719], [69.0601834, 40.8937203], [69.060695, 40.8924751], [69.0548845, 40.891509], [69.0586673, 40.8877863], [69.0614958, 40.8890616], [69.0630976, 40.8886751], [69.0643143, 40.8858845], [69.0674068, 40.8850214], [69.0670263, 40.8845176], [69.0647309, 40.8825145], [69.0593123, 40.8795801], [69.0579759, 40.8776551], [69.0559206, 40.8779259], [69.0551408, 40.8764971], [69.056462, 40.8759328], [69.0570444, 40.8769273], [69.0575841, 40.8771068], [69.0589411, 40.8769165], [69.0593241, 40.877595], [69.0617326, 40.8772556], [69.0603665, 40.8734308], [69.0579735, 40.8735456], [69.0545475, 40.8730187], [69.0520064, 40.8720551], [69.0567108, 40.8705277], [69.055397, 40.8679876], [69.0482159, 40.8697188], [69.0475894, 40.867769], [69.0453544, 40.8687114], [69.0433967, 40.8603195], [69.0413442, 40.8606194], [69.0422984, 40.8643695], [69.0411397, 40.8662895], [69.0392583, 40.8676886], [69.0350738, 40.8679439], [69.0346307, 40.8682532], [69.0348011, 40.8694258], [69.0316488, 40.8687944], [69.0292389, 40.8692998], [69.0318718, 40.8706471], [69.0317086, 40.8709499], [69.0345275, 40.8724833], [69.0327453, 40.8745202], [69.0378655, 40.8764777], [69.0383401, 40.8756512], [69.0392319, 40.8757056], [69.0397496, 40.874705], [69.039197, 40.8775662], [69.0376293, 40.8779686], [69.0362054, 40.8788712], [69.0341343, 40.8803066], [69.0348466, 40.8808759], [69.037312, 40.8813763]]]}}, {"type": "Feature", "properties": {"name_uz": "Qarluq", "name_en": "Karluk", "name_ru": "Карлук", "osm_name": "Qarliq", "osm_id": 626205694, "osm_type": "way", "place": "village", "admin_level": null, "source": "overpass", "bbox": [65.308614, 39.079275, 65.387921, 39.120172]}, "geometry": {"type": "Polygon", "coordinates": [[[65.3124332, 39.1005258], [65.3447914, 39.0792746], [65.3519153, 39.0853042], [65.3481817, 39.0879024], [65.3527307, 39.0923658], [65.3578805, 39.0898344], [65.3620433, 39.090334], [65.3773212, 39.0806071], [65.3819561, 39.0846713], [65.3843593, 39.085604], [65.386548, 39.0906005], [65.384531, 39.0936315], [65.3879213, 39.1049884], [65.381484, 39.1076525], [65.383501, 39.1127473], [65.3777504, 39.1156109], [65.374875, 39.1097504], [65.3618717, 39.1138461], [65.3599405, 39.1107494], [65.3566789, 39.1115818], [65.3555202, 39.1097504], [65.347495, 39.1130137], [65.3380537, 39.1092842], [65.3248786, 39.1190404], [65.3199863, 39.1143456], [65.3116607, 39.1201724], [65.3086137, 39.1181081], [65.3171539, 39.1122811], [65.3108453, 39.106387], [65.3154802, 39.1037895], [65.3124332, 39.1005258]]]}}, {"type": "Feature", "properties": {"name_uz": "Jalaquduq", "name_en": "Jalakuduk", "name_ru": "Джалакудук", "osm_name": "Jalaquduq", "osm_id": 27142870, "osm_type": "way", "place": "town", "admin_level": null, "source": "overpass", "bbox": [72.61989, 40.701248, 72.670222, 40.731396]}, "geometry": {"type": "Polygon", "coordinates": [[[72.6299482, 40.7012477], [72.6206484, 40.7052604], [72.6315328, 40.7111442], [72.626601, 40.7154382], [72.6281424, 40.7164784], [72.6265459, 40.7174748], [72.6247315, 40.7195429], [72.6198899, 40.7222403], [72.6220202, 40.7229931], [72.6248935, 40.7240651], [72.6294686, 40.725901], [72.6382088, 40.7289503], [72.6414005, 40.7300157], [72.6438943, 40.7306083], [72.649071, 40.730973], [72.6518539, 40.7312949], [72.6546005, 40.7313956], [72.6702217, 40.7285194], [72.6580338, 40.7248769], [72.6588921, 40.7230556], [72.6522698, 40.7218728], [72.6528695, 40.7206537], [72.6555654, 40.7204979], [72.6565069, 40.7192781], [72.6594913, 40.7209482], [72.6615661, 40.721342], [72.6643902, 40.7177365], [72.6662295, 40.7132292], [72.6655155, 40.7072114], [72.6595787, 40.7049696], [72.6558022, 40.7041888], [72.6539913, 40.7062937], [72.6506523, 40.7101747], [72.6468758, 40.7088735], [72.6455025, 40.7058805], [72.6369194, 40.7045792], [72.6328476, 40.7035458], [72.6299482, 40.7012477]]]}}, {"type": "Feature", "properties": {"name_uz": "Ravan", "name_en": "Ravan", "name_ru": "Раван", "osm_name": "Ravan", "osm_id": 4575754301, "osm_type": "node", "place": "town", "admin_level": null, "source": "overpass-node", "bbox": [71.094188, 39.950268, 71.164728, 40.004322]}, "geometry": {"type": "Point", "coordinates": [71.129458, 39.9772948]}}, {"type": "Feature", "properties": {"name_uz": "Gulbahor", "name_en": "Gulbakhor", "name_ru": "Гульбахор", "osm_name": "Gulbahor", "osm_id": 7160784, "osm_type": "relation", "place": "village", "admin_level": "8", "source": "overpass", "bbox": [69.008291, 41.060637, 69.039006, 41.087882]}, "geometry": {"type": "MultiPolygon", "coordinates": [[[[69.0130256, 41.0693657], [69.0161179, 41.071316], [69.0165804, 41.0716057], [69.0169383, 41.07183], [69.017078, 41.0719204], [69.017369, 41.0721088], [69.0175427, 41.071951], [69.0194814, 41.0701892], [69.0195657, 41.0701126], [69.0196883, 41.0700012], [69.0199, 41.0698088], [69.0226896, 41.0674134], [69.0230469, 41.0671066], [69.0228059, 41.0662777], [69.0227612, 41.0661238], [69.0207496, 41.0648202], [69.021398, 41.0643125], [69.0236506, 41.0654783], [69.0259108, 41.0623874], [69.0243861, 41.0619493], [69.0248328, 41.0608325], [69.0250275, 41.0608669], [69.0255468, 41.0609588], [69.0260078, 41.0610403], [69.0282485, 41.0614366], [69.0286416, 41.0615061], [69.028841, 41.0611991], [69.028884, 41.0611329], [69.0292058, 41.0606375], [69.03064, 41.060992], [69.031698, 41.0614175], [69.0312983, 41.0616125], [69.0307575, 41.0616302], [69.0305522, 41.0620282], [69.0303413, 41.0624372], [69.0300345, 41.0630322], [69.0299347, 41.0632256], [69.0355303, 41.0662746], [69.0357637, 41.0660106], [69.0361886, 41.0655301], [69.0390056, 41.0664905], [69.0383668, 41.0666873], [69.0378267, 41.0674241], [69.038216, 41.068067], [69.0383374, 41.0686838], [69.0377222, 41.0693626], [69.0370834, 41.0700679], [69.0362046, 41.0711371], [69.034987, 41.0728392], [69.0346401, 41.0733242], [69.0329551, 41.0749565], [69.0347079, 41.075863], [69.034998, 41.0765384], [69.0352687, 41.0771686], [69.0358406, 41.0781627], [69.0358002, 41.0789196], [69.0355787, 41.0792256], [69.0341248, 41.0783488], [69.0330844, 41.0792789], [69.0294539, 41.0827863], [69.0292215, 41.0830184], [69.0212163, 41.0878816], [69.013329, 41.0807158], [69.0120256, 41.0795316], [69.0099034, 41.0776033], [69.009036, 41.0771675], [69.0082905, 41.074121], [69.0134084, 41.0715061], [69.0130256, 41.0693657]]]]}}, {"type": "Feature", "properties": {"name_uz": "Jondor", "name_en": "Jondor", "name_ru": "Жондор", "osm_name": "Jondor", "osm_id": 45589943, "osm_type": "way", "place": "town", "admin_level": null, "source": "overpass", "bbox": [64.167481, 39.73207, 64.201881, 39.758764]}, "geometry": {"type": "Polygon", "coordinates": [[[64.192483, 39.758764], [64.191302, 39.7572704], [64.190561, 39.7560691], [64.1900357, 39.7556963], [64.1893756, 39.7554995], [64.1883364, 39.7548253], [64.1850205, 39.7492715], [64.1792074, 39.7499086], [64.1815241, 39.7527133], [64.1762301, 39.7548055], [64.1739831, 39.7511517], [64.170149, 39.749444], [64.1752909, 39.7451968], [64.1725941, 39.7428845], [64.1703661, 39.7411181], [64.1679398, 39.7392661], [64.1674809, 39.733884], [64.1733998, 39.7337473], [64.1856653, 39.733585], [64.1973836, 39.73207], [64.1992421, 39.7393211], [64.2018812, 39.7402306], [64.1995435, 39.7411081], [64.1957813, 39.7405788], [64.1917508, 39.7403699], [64.1934068, 39.7423363], [64.193112, 39.7460746], [64.1921103, 39.750233], [64.1937538, 39.7521594], [64.1972294, 39.7519523], [64.1976605, 39.7533401], [64.196933, 39.7547486], [64.1967983, 39.7563228], [64.1959092, 39.7565507], [64.1949844, 39.7564246], [64.1943196, 39.757317], [64.1940501, 39.7582077], [64.192483, 39.758764]]]}}, {"type": "Feature", "properties": {"name_uz": "Kuyganyor", "name_en": "Kuyganyar", "name_ru": "Куйганъяр", "osm_name": "Kuyganyor", "osm_id": 331183628, "osm_type": "way", "place": "town", "admin_level": null, "source": "overpass", "bbox": [72.293392, 40.842759, 72.341722, 40.867908]}, "geometry": {"type": "Polygon", "coordinates": [[[72.3173521, 40.8662636], [72.3147009, 40.8658309], [72.3101997, 40.8662059], [72.307415, 40.8679079], [72.3048402, 40.8652107], [72.2977452, 40.8673369], [72.2993678, 40.8621661], [72.3047655, 40.8602476], [72.3012497, 40.8588387], [72.3000861, 40.8586738], [72.2971299, 40.8571942], [72.2962144, 40.8545398], [72.2943453, 40.8553477], [72.2933916, 40.8503849], [72.2937349, 40.8479034], [72.3060943, 40.8512217], [72.3110367, 40.8497622], [72.3148621, 40.8497665], [72.3138973, 40.8438016], [72.3259102, 40.8434548], [72.3363338, 40.8427589], [72.3389794, 40.8428951], [72.3417219, 40.8446764], [72.3414449, 40.8469397], [72.3225727, 40.8553255], [72.3196916, 40.8583427], [72.3173521, 40.8662636]]]}}, {"type": "Feature", "properties": {"name_uz": "Yangibozor", "name_en": "Yangibazar", "name_ru": "Янгибазар", "osm_name": "Yangibozor", "osm_id": 45580442, "osm_type": "way", "place": "town", "admin_level": null, "source": "overpass", "bbox": [69.50072, 41.294626, 69.543876, 41.334221]}, "geometry": {"type": "Polygon", "coordinates": [[[69.522132, 41.3268973], [69.5213125, 41.3233827], [69.520259, 41.3215159], [69.5197131, 41.3213822], [69.519304, 41.32128], [69.5185769, 41.3206473], [69.5117362, 41.3217499], [69.5104776, 41.3219527], [69.5104685, 41.3218052], [69.5106938, 41.3213439], [69.5108009, 41.3201316], [69.5098353, 41.320107], [69.5087492, 41.3188702], [69.5075825, 41.3183283], [69.5067678, 41.3171771], [69.5055029, 41.3175425], [69.5053299, 41.3171576], [69.5061367, 41.3169103], [69.505541, 41.3160912], [69.5059847, 41.3157845], [69.5061104, 41.3153574], [69.5039072, 41.3129993], [69.5021175, 41.3121199], [69.5019344, 41.31203], [69.5013939, 41.3120305], [69.50072, 41.3113752], [69.5011088, 41.3110476], [69.5019488, 41.3109079], [69.5022713, 41.3106896], [69.5023534, 41.3106339], [69.5025479, 41.3105023], [69.501465, 41.3094439], [69.5056353, 41.3075314], [69.5108575, 41.3063715], [69.5115788, 41.3072139], [69.512745, 41.3070356], [69.5131056, 41.3083242], [69.5156518, 41.3080208], [69.5148827, 41.3062726], [69.5166157, 41.3057937], [69.517474, 41.3056059], [69.5187518, 41.3055413], [69.5193928, 41.3070674], [69.5209892, 41.3094071], [69.5221801, 41.311503], [69.5228395, 41.3109602], [69.5228602, 41.3087116], [69.5245651, 41.3082945], [69.5238283, 41.3072691], [69.5232362, 41.3068348], [69.5229038, 41.3062711], [69.5228039, 41.3037666], [69.5207497, 41.3034814], [69.5203927, 41.3021782], [69.5201502, 41.3008678], [69.5249615, 41.3006725], [69.5242185, 41.2999393], [69.5252662, 41.2995865], [69.5238751, 41.2963198], [69.5237954, 41.2958091], [69.5238156, 41.2954529], [69.5240285, 41.2946383], [69.52539, 41.2946257], [69.5253442, 41.2949771], [69.5243024, 41.2949815], [69.5244415, 41.297136], [69.5245512, 41.2973335], [69.5254313, 41.2978621], [69.5259652, 41.297997], [69.5260136, 41.2980092], [69.5263696, 41.2982171], [69.5256441, 41.2988682], [69.5260857, 41.2996941], [69.52622, 41.3005964], [69.5288426, 41.3024929], [69.5288394, 41.3059934], [69.531433, 41.3060018], [69.5313856, 41.3092877], [69.5314844, 41.3113135], [69.5312991, 41.3119734], [69.5312412, 41.3141652], [69.5328276, 41.3139407], [69.5337577, 41.3140617], [69.5350897, 41.313683], [69.5361177, 41.3137009], [69.536619, 41.3135623], [69.5369564, 41.3135947], [69.5371188, 41.3138184], [69.5364136, 41.3141924], [69.5366911, 41.316894], [69.5338716, 41.3172614], [69.5339432, 41.3180235], [69.5340268, 41.3197731], [69.5354245, 41.3211298], [69.5358093, 41.3211941], [69.5361627, 41.3225626], [69.5373945, 41.3230897], [69.5381337, 41.3236321], [69.538691, 41.3236607], [69.5395202, 41.3238638], [69.5402979, 41.3241626], [69.5412177, 41.3243232], [69.5415342, 41.3247202], [69.539848, 41.3256932], [69.5399543, 41.3258622], [69.5413854, 41.3281378], [69.5414431, 41.3282296], [69.5404585, 41.3281519], [69.5401636, 41.3281286], [69.5438761, 41.3342207], [69.5436621, 41.3342076], [69.5408878, 41.3340379], [69.5407914, 41.334032], [69.5406615, 41.3333405], [69.5405839, 41.3329807], [69.5403886, 41.3320746], [69.5397301, 41.3320151], [69.5373288, 41.3309469], [69.5375276, 41.3302924], [69.5381257, 41.3291423], [69.5362021, 41.328387], [69.5381977, 41.3258105], [69.5357531, 41.3248634], [69.5358071, 41.3243655], [69.5330088, 41.3225753], [69.5324981, 41.3225721], [69.531998, 41.3221004], [69.5309412, 41.3224275], [69.5301169, 41.322471], [69.5280781, 41.3244395], [69.5276183, 41.3255453], [69.5256599, 41.3252598], [69.5254833, 41.3255654], [69.5240101, 41.3247256], [69.5242345, 41.3268217], [69.522132, 41.3268973]]]}}, {"type": "Feature", "properties": {"name_uz": "Xalqobod", "name_en": "Khalkabad", "name_ru": "Халкабад", "osm_name": "Xalqabad", "osm_id": 247312816, "osm_type": "node", "place": "town", "admin_level": null, "source": "overpass-node", "bbox": [59.695384, 42.662669, 59.768923, 42.716723]}, "geometry": {"type": "Point", "coordinates": [59.7321537, 42.6896959]}}, {"type": "Feature", "properties": {"name_uz": "Jomashoy", "name_en": "Jumashuiy", "name_ru": "Джумашуй", "osm_name": "Jo'mashoʻy", "osm_id": 2002546296, "osm_type": "node", "place": "town", "admin_level": null, "source": "overpass-node", "bbox": [71.424102, 40.833869, 71.495574, 40.887923]}, "geometry": {"type": "Point", "coordinates": [71.4598381, 40.8608957]}}, {"type": "Feature", "properties": {"name_uz": "Oqmangit", "name_en": "Akmangit", "name_ru": "Акмангит", "osm_name": "Oqmangit", "osm_id": 10737970023, "osm_type": "node", "place": "village", "admin_level": null, "source": "overpass-node", "bbox": [65.655435, 38.889184, 65.690165, 38.916211]}, "geometry": {"type": "Point", "coordinates": [65.6727998, 38.9026976]}}, {"type": "Feature", "properties": {"name_uz": "Dangara", "name_en": "Dangara", "name_ru": "Дангара", "osm_name": "Dang'ara", "osm_id": 922525312, "osm_type": "way", "place": "town", "admin_level": null, "source": "overpass", "bbox": [70.89906, 40.565017, 70.934853, 40.592859]}, "geometry": {"type": "Polygon", "coordinates": [[[70.9255436, 40.5835379], [70.9258779, 40.5832375], [70.9260211, 40.583064], [70.9264341, 40.5832499], [70.9264882, 40.5831914], [70.9272621, 40.5834654], [70.9279981, 40.5834224], [70.9297671, 40.5834266], [70.9300279, 40.5828877], [70.9308208, 40.5812985], [70.932455, 40.5803154], [70.9327677, 40.5799498], [70.933108, 40.5792896], [70.9334001, 40.5793442], [70.9336638, 40.5788286], [70.9333713, 40.5786997], [70.9333414, 40.5785995], [70.9343329, 40.5782406], [70.9348011, 40.5775119], [70.9348525, 40.5774794], [70.9336087, 40.5758405], [70.9336165, 40.5757539], [70.9337247, 40.5755712], [70.933896, 40.5754504], [70.9315854, 40.5728995], [70.9309469, 40.5726844], [70.9310702, 40.5724489], [70.9306843, 40.5723158], [70.9307599, 40.5721704], [70.9298943, 40.5717333], [70.9299349, 40.5716721], [70.929077, 40.5712962], [70.926098, 40.5700511], [70.9244549, 40.5691961], [70.9245946, 40.568914], [70.9243195, 40.5687569], [70.9255621, 40.5670416], [70.9261141, 40.5665372], [70.9247905, 40.565017], [70.9232825, 40.5657871], [70.923094, 40.5660032], [70.9225623, 40.5666448], [70.9225531, 40.5666558], [70.9215219, 40.5662595], [70.9198903, 40.5686678], [70.9196509, 40.5685932], [70.9195285, 40.5685366], [70.9194942, 40.5685988], [70.9192679, 40.5688626], [70.9186954, 40.5691663], [70.9186424, 40.5691944], [70.9179229, 40.5698742], [70.9177352, 40.5700778], [70.9175652, 40.570155], [70.9168763, 40.5709773], [70.9171697, 40.5711376], [70.9173954, 40.571242], [70.9173726, 40.5713781], [70.9168759, 40.5720471], [70.9173195, 40.5722503], [70.9173941, 40.5722803], [70.9171888, 40.572677], [70.9171321, 40.5727082], [70.9167496, 40.573476], [70.9159795, 40.5748291], [70.9158696, 40.574972], [70.9149768, 40.5746821], [70.9136976, 40.5743887], [70.9123562, 40.5740868], [70.9111444, 40.5737545], [70.9106937, 40.5735166], [70.9095214, 40.5739355], [70.9091044, 40.5736906], [70.9090166, 40.5738086], [70.9085611, 40.5740255], [70.9084146, 40.5742527], [70.9078747, 40.5751813], [70.9078333, 40.5752722], [70.9076924, 40.5752222], [70.9076486, 40.5752989], [70.9073325, 40.5757536], [70.9069159, 40.5763394], [70.9061735, 40.5770784], [70.9058927, 40.5772184], [70.9056432, 40.5774396], [70.9054867, 40.5775963], [70.9031725, 40.5763908], [70.9025704, 40.5772151], [70.9009918, 40.5765563], [70.899418, 40.5785256], [70.9042797, 40.5787307], [70.9038194, 40.5793486], [70.9014952, 40.5793515], [70.9014158, 40.5794708], [70.9009891, 40.5793191], [70.9006868, 40.5797649], [70.900584, 40.5798474], [70.8995674, 40.5813405], [70.8995607, 40.5813899], [70.8996003, 40.5814294], [70.8990603, 40.5822269], [70.8999735, 40.5825773], [70.9000119, 40.5826838], [70.9019708, 40.583533], [70.9021073, 40.5836092], [70.9022012, 40.5836957], [70.9017246, 40.5840078], [70.9014158, 40.5842591], [70.9022351, 40.5846381], [70.9020592, 40.584933], [70.9017133, 40.5855695], [70.9012061, 40.5861571], [70.9026813, 40.5873258], [70.9032845, 40.5875911], [70.9034111, 40.5876482], [70.9031574, 40.5879924], [70.9028626, 40.5882567], [70.9022737, 40.5887778], [70.901709, 40.5894111], [70.9030177, 40.5900222], [70.9032385, 40.5899978], [70.903368, 40.5898337], [70.9056167, 40.5906692], [70.9068368, 40.5911146], [70.9071968, 40.5911939], [70.9087064, 40.5912031], [70.9096668, 40.5915537], [70.910727, 40.5918771], [70.9136644, 40.5925529], [70.9147242, 40.5928593], [70.9147393, 40.5928357], [70.9147395, 40.592746], [70.914895, 40.5922467], [70.915837, 40.5914881], [70.9160301, 40.5913472], [70.9161397, 40.5910106], [70.9156086, 40.5907239], [70.9155382, 40.5906909], [70.9173806, 40.5883916], [70.9179345, 40.588604], [70.9200615, 40.5858856], [70.9207906, 40.5860507], [70.9215839, 40.5859557], [70.9223181, 40.5858276], [70.922859, 40.585822], [70.9230023, 40.5858264], [70.9238259, 40.585995], [70.9243765, 40.5849375], [70.9246923, 40.5844107], [70.9255436, 40.5835379]]]}}, {"type": "Feature", "properties": {"name_uz": "Toshbuloq", "name_en": "Tashbulak", "name_ru": "Ташбулак", "osm_name": "Toshbuloq", "osm_id": 194581733, "osm_type": "way", "place": "town", "admin_level": null, "source": "overpass", "bbox": [71.556587, 40.910708, 71.609009, 40.946799]}, "geometry": {"type": "Polygon", "coordinates": [[[71.5615342, 40.9328562], [71.5565874, 40.9279475], [71.560722, 40.92209], [71.5649305, 40.9173478], [71.5692128, 40.9161204], [71.5765223, 40.9123263], [71.5813214, 40.9107082], [71.587228, 40.9173478], [71.5939434, 40.924037], [71.6037666, 40.9297325], [71.6090087, 40.931908], [71.6077203, 40.9326261], [71.6045049, 40.934418], [71.6011086, 40.9378761], [71.596531, 40.9408879], [71.594316, 40.9427284], [71.5954235, 40.9447919], [71.5904767, 40.9459072], [71.5857514, 40.9467995], [71.5844224, 40.9440669], [71.5804354, 40.9426168], [71.5839794, 40.9390474], [71.5789588, 40.9382108], [71.5732736, 40.9374857], [71.5766699, 40.9335813], [71.574012, 40.9323542], [71.5753409, 40.9308481], [71.5730521, 40.9303461], [71.5702465, 40.9336371], [71.5672932, 40.9353662], [71.5615342, 40.9328562]]]}}, {"type": "Feature", "properties": {"name_uz": "Muglon", "name_en": "Muglan", "name_ru": "Муглан", "osm_name": "Mug'lon", "osm_id": 247155938, "osm_type": "node", "place": "town", "admin_level": null, "source": "overpass-node", "bbox": [65.367866, 38.896558, 65.437346, 38.950612]}, "geometry": {"type": "Point", "coordinates": [65.4026059, 38.9235848]}}, {"type": "Feature", "properties": {"name_uz": "Talimarjon", "name_en": "Talimarjan", "name_ru": "Талимарджан", "osm_name": "Talimarjon", "osm_id": 172259625, "osm_type": "way", "place": "town", "admin_level": null, "source": "overpass", "bbox": [65.537839, 38.28921, 65.564928, 38.316152]}, "geometry": {"type": "Polygon", "coordinates": [[[65.5473388, 38.314699], [65.5496563, 38.3154402], [65.5520287, 38.314854], [65.5556359, 38.3156434], [65.557523, 38.3161517], [65.5586065, 38.3140482], [65.5599857, 38.3096035], [65.5597158, 38.305613], [65.5649283, 38.3036382], [65.5643906, 38.3018367], [65.5649223, 38.3002963], [65.5624058, 38.2952028], [65.5596471, 38.2896187], [65.5545363, 38.2892097], [65.549863, 38.2906323], [65.5437856, 38.291665], [65.5405495, 38.2926552], [65.5408459, 38.2939875], [65.5378387, 38.29487], [65.5381287, 38.296878], [65.5418999, 38.2997038], [65.5419685, 38.3003202], [65.5407429, 38.3016849], [65.5442953, 38.3112538], [65.5459849, 38.3114555], [65.5459597, 38.3127021], [65.5478086, 38.3129595], [65.5473388, 38.314699]]]}}, {"type": "Feature", "properties": {"name_uz": "Yangiqishloq", "name_en": "Yangi-Kishlak", "name_ru": "Янгикишлак", "osm_name": "Yangiqishloq", "osm_id": 922525242, "osm_type": "way", "place": "village", "admin_level": null, "source": "overpass", "bbox": [70.608636, 40.409424, 70.624057, 40.423363]}, "geometry": {"type": "Polygon", "coordinates": [[[70.623816, 40.4133825], [70.6232398, 40.4131514], [70.6228597, 40.4130148], [70.6224802, 40.4128532], [70.6221592, 40.4127241], [70.6218448, 40.4125949], [70.6216618, 40.4125149], [70.621475, 40.4124332], [70.6211334, 40.4123044], [70.6210289, 40.4123357], [70.6208934, 40.4125098], [70.6205669, 40.4128252], [70.6202401, 40.4130844], [70.6199367, 40.4132908], [70.6198134, 40.413333], [70.6193427, 40.4127003], [70.6189975, 40.4122534], [70.6188937, 40.4121722], [70.6188284, 40.4121211], [70.6187645, 40.412071], [70.6186338, 40.4119687], [70.6182681, 40.4115373], [70.61822, 40.4114806], [70.618172, 40.4114239], [70.6178781, 40.4116128], [70.6170192, 40.4113224], [70.6153174, 40.4108443], [70.6153474, 40.4107894], [70.614884, 40.4107212], [70.613799, 40.410411], [70.6137434, 40.4101226], [70.613732, 40.4100205], [70.6136887, 40.4098848], [70.613579, 40.4097738], [70.6133628, 40.4096881], [70.6131109, 40.4095996], [70.6123524, 40.4094243], [70.6123549, 40.4095126], [70.6121316, 40.4103579], [70.61234, 40.4103968], [70.6124511, 40.4109337], [70.6124129, 40.4111638], [70.6131158, 40.4113251], [70.6133891, 40.4113778], [70.6135053, 40.4113815], [70.613336, 40.4118833], [70.6132511, 40.4118647], [70.6129943, 40.412549], [70.612871, 40.412514], [70.611256, 40.4121485], [70.6098058, 40.4116573], [70.60974, 40.4117897], [70.6094653, 40.4117034], [70.6093443, 40.4118143], [70.6087506, 40.4134565], [70.6086359, 40.4137863], [70.6088214, 40.4138701], [70.6093259, 40.4139824], [70.6091196, 40.4146842], [70.6093766, 40.4147544], [70.6088402, 40.4161747], [70.6088453, 40.4163723], [70.6098998, 40.4166111], [70.6098389, 40.4167881], [70.6101413, 40.4168551], [70.6102479, 40.4166903], [70.6112682, 40.4169267], [70.6112386, 40.4172303], [70.6113437, 40.4173345], [70.6116093, 40.4174365], [70.6118027, 40.417502], [70.6122709, 40.417683], [70.6122069, 40.4178032], [70.6122732, 40.4179659], [70.6123953, 40.4182199], [70.6124046, 40.4184244], [70.612374, 40.4186362], [70.6121149, 40.419557], [70.6120338, 40.4199732], [70.6119941, 40.420063], [70.6128147, 40.4205598], [70.6135737, 40.4210521], [70.6151464, 40.4219933], [70.6165704, 40.4227747], [70.6169771, 40.4229906], [70.6176021, 40.4232271], [70.6178622, 40.4233137], [70.6179824, 40.4231555], [70.6186244, 40.4233628], [70.6189215, 40.4228998], [70.61901, 40.422719], [70.6189919, 40.4226483], [70.6187764, 40.4225428], [70.6190184, 40.4221596], [70.6195652, 40.4212753], [70.6205468, 40.419617], [70.6212245, 40.4185013], [70.6216594, 40.4186455], [70.6223577, 40.4174532], [70.6222885, 40.4174349], [70.6226586, 40.4168492], [70.6230712, 40.4161342], [70.6239894, 40.414612], [70.6240567, 40.4145477], [70.6239183, 40.4144953], [70.6234308, 40.4143049], [70.6233354, 40.4142676], [70.6232587, 40.4142357], [70.6232951, 40.414176], [70.623816, 40.4133825]]]}}, {"type": "Feature", "properties": {"name_uz": "Chorvoq", "name_en": "Charvak", "name_ru": "Чарвак", "osm_name": "Chorvoq", "osm_id": 216710644, "osm_type": "way", "place": "town", "admin_level": null, "source": "overpass", "bbox": [69.921799, 41.62248, 69.956877, 41.659466]}, "geometry": {"type": "Polygon", "coordinates": [[[69.9455299, 41.6293664], [69.9461752, 41.6298685], [69.9465096, 41.6308626], [69.9461843, 41.6318419], [69.9454199, 41.6323416], [69.9444765, 41.6329358], [69.944166, 41.6333338], [69.9440045, 41.6341349], [69.9450337, 41.6358853], [69.9438643, 41.6369236], [69.9436791, 41.6379151], [69.9446748, 41.6388323], [69.9462743, 41.6407884], [69.9464577, 41.6410127], [69.9460825, 41.6426679], [69.946339, 41.6429612], [69.9483781, 41.6438616], [69.9509964, 41.6465691], [69.9524757, 41.6489469], [69.9568768, 41.6539851], [69.9536979, 41.6554764], [69.9520343, 41.6560188], [69.9498228, 41.6594664], [69.9458199, 41.6588569], [69.9471289, 41.6555686], [69.9441538, 41.653998], [69.9419185, 41.6536712], [69.9418099, 41.6530654], [69.9436446, 41.6529106], [69.9441018, 41.653224], [69.9445848, 41.6513748], [69.9436483, 41.6509536], [69.9424993, 41.6508708], [69.9428893, 41.6492303], [69.9425533, 41.6490066], [69.940229, 41.6502221], [69.9391839, 41.6501649], [69.9396193, 41.6483592], [69.9383647, 41.6470757], [69.9372937, 41.6473902], [69.9365159, 41.6470948], [69.9361245, 41.6445178], [69.9350242, 41.6443794], [69.9337619, 41.6433408], [69.9323339, 41.6432646], [69.9291753, 41.6425581], [69.9287074, 41.6425632], [69.9279897, 41.6421543], [69.9278293, 41.6415323], [69.9284629, 41.6392291], [69.9283027, 41.6389926], [69.9284845, 41.6374047], [69.9290722, 41.6374522], [69.9299417, 41.636923], [69.929779, 41.6350733], [69.9308462, 41.6341922], [69.9294116, 41.633771], [69.9286176, 41.6335825], [69.9281349, 41.6335666], [69.927845, 41.6334922], [69.9273486, 41.6332692], [69.9267811, 41.6331305], [69.9262467, 41.6331977], [69.9252366, 41.6331759], [69.9249931, 41.6331024], [69.9241819, 41.6327086], [69.9227119, 41.6323086], [69.9221487, 41.6322061], [69.9221658, 41.6313825], [69.9217992, 41.6310753], [69.9225427, 41.6300169], [69.9221844, 41.6297221], [69.9227971, 41.6292841], [69.9225099, 41.6289167], [69.9234588, 41.628288], [69.9236624, 41.62794], [69.9240677, 41.627257], [69.9245749, 41.6266851], [69.9250005, 41.6259969], [69.9254278, 41.625206], [69.9257305, 41.6247715], [69.9256819, 41.6246766], [69.9244178, 41.624135], [69.9250766, 41.6227212], [69.9262514, 41.6224797], [69.927377, 41.6227259], [69.9280412, 41.6230257], [69.928707, 41.6234545], [69.9289834, 41.6236325], [69.9292712, 41.624006], [69.9295086, 41.6241907], [69.9295964, 41.6242841], [69.9299255, 41.6242394], [69.9307783, 41.6246543], [69.9312307, 41.6247583], [69.9315117, 41.6247305], [69.9331237, 41.6251937], [69.9345492, 41.625464], [69.934962, 41.6254352], [69.9358963, 41.6256948], [69.9369781, 41.6260329], [69.9372873, 41.6260223], [69.9377315, 41.6261107], [69.9381028, 41.6260379], [69.9383549, 41.6260806], [69.9406675, 41.6267059], [69.941423, 41.6270024], [69.9419318, 41.6273434], [69.9431425, 41.6279926], [69.9455299, 41.6293664]]]}}, {"type": "Feature", "properties": {"name_uz": "Polvontosh", "name_en": "Palvantash", "name_ru": "Палванташ", "osm_name": "Polvontosh", "osm_id": 4582611296, "osm_type": "node", "place": "village", "admin_level": null, "source": "overpass-node", "bbox": [70.792583, 40.533405, 70.82815, 40.560433]}, "geometry": {"type": "Point", "coordinates": [70.8103666, 40.546919]}}, {"type": "Feature", "properties": {"name_uz": "Balandchaqir", "name_en": "Balandchakir", "name_ru": "Баландчакир", "osm_name": "Balandchaqir", "osm_id": 32722143, "osm_type": "way", "place": "village", "admin_level": null, "source": "overpass", "bbox": [68.762226, 39.86577, 68.811914, 39.928747]}, "geometry": {"type": "Polygon", "coordinates": [[[68.7805317, 39.8750594], [68.7801111, 39.8771968], [68.7868617, 39.8802382], [68.78772, 39.8833339], [68.7924599, 39.8856522], [68.7926767, 39.8876477], [68.7906168, 39.8938381], [68.7881684, 39.8969133], [68.7848639, 39.8957445], [68.7818621, 39.9018716], [68.7772919, 39.9059911], [68.7756333, 39.9121808], [68.7707851, 39.9114396], [68.7702917, 39.914425], [68.7622261, 39.9162373], [68.7644577, 39.9201542], [68.7718706, 39.9201884], [68.7719541, 39.9204473], [68.7722336, 39.928747], [68.7750133, 39.9278766], [68.7763001, 39.9227927], [68.7786392, 39.9225318], [68.7854053, 39.9226116], [68.7868887, 39.9181014], [68.7892618, 39.912569], [68.792153, 39.9102763], [68.7940671, 39.9085405], [68.7973247, 39.9068089], [68.8061827, 39.9046779], [68.8072561, 39.8999543], [68.8014987, 39.8977501], [68.794299, 39.896371], [68.7933028, 39.8949436], [68.7947558, 39.8923085], [68.7988565, 39.8888332], [68.8026997, 39.8872522], [68.8053232, 39.8875413], [68.8106999, 39.8842395], [68.8119138, 39.8787636], [68.8077804, 39.8756271], [68.80472, 39.8745176], [68.801837, 39.8802844], [68.799887, 39.8805135], [68.7988367, 39.8793201], [68.8001374, 39.8749224], [68.801046, 39.8724945], [68.7989992, 39.8700415], [68.7982327, 39.868023], [68.7963545, 39.8675547], [68.794565, 39.8661746], [68.7909426, 39.86577], [68.7887285, 39.8685462], [68.7850202, 39.868733], [68.7800012, 39.8700339], [68.7789755, 39.8744074], [68.7805317, 39.8750594]]]}}, {"type": "Feature", "properties": {"name_uz": "Qozonketkan", "name_en": "Kazanketken", "name_ru": "Казанкеткен", "osm_name": "Qazanketken", "osm_id": 630128565, "osm_type": "way", "place": "town", "admin_level": null, "source": "overpass", "bbox": [59.334674, 42.985718, 59.371898, 43.021514]}, "geometry": {"type": "Polygon", "coordinates": [[[59.349139, 43.0147302], [59.3503481, 43.0201483], [59.3538652, 43.0200237], [59.3577061, 43.0200237], [59.3591223, 43.019553], [59.3634997, 43.0207924], [59.3661605, 43.021514], [59.36792, 43.021263], [59.3693577, 43.0204002], [59.3691002, 43.0188157], [59.3711836, 43.016549], [59.3716149, 43.0155939], [59.3717752, 43.0147198], [59.3717998, 43.0125931], [59.3718984, 43.0119893], [59.3716642, 43.0111603], [59.3709494, 43.0097004], [59.3700621, 43.0091867], [59.3687557, 43.0084747], [59.3678314, 43.0077808], [59.3653419, 43.0061856], [59.3638507, 43.0049869], [59.3631975, 43.0042749], [59.362495, 43.0030672], [59.3614352, 43.0017513], [59.3603506, 42.9997684], [59.3625699, 42.9999602], [59.3658524, 42.9984936], [59.3666676, 42.9972359], [59.3633725, 42.9937746], [59.3613705, 42.98961], [59.3585357, 42.9907464], [59.3570902, 42.9891627], [59.3523253, 42.9912142], [59.350385, 42.9891317], [59.3496655, 42.9879185], [59.3495644, 42.9871596], [59.3497503, 42.9866127], [59.3497332, 42.9860782], [59.3492292, 42.9857176], [59.3432409, 42.9888679], [59.3385692, 42.9912703], [59.3406897, 42.9935279], [59.3371283, 42.9953862], [59.334674, 42.9966848], [59.337297, 42.9993757], [59.3412583, 43.0035693], [59.3456824, 43.0085232], [59.349139, 43.0147302]]]}}, {"type": "Feature", "properties": {"name_uz": "Sayxun", "name_en": "Saykhun", "name_ru": "Сайхун", "osm_name": "Sayhun", "osm_id": 142672631, "osm_type": "way", "place": "town", "admin_level": null, "source": "overpass", "bbox": [68.828134, 40.68897, 68.869285, 40.722759]}, "geometry": {"type": "Polygon", "coordinates": [[[68.8282417, 40.7074048], [68.8350094, 40.7084913], [68.8384277, 40.7099364], [68.8430137, 40.7143268], [68.8477831, 40.7168494], [68.8473691, 40.7190307], [68.8510314, 40.7191336], [68.8495614, 40.7219023], [68.8497242, 40.7227588], [68.8572587, 40.7218215], [68.8580464, 40.7225304], [68.8614453, 40.7225434], [68.8606433, 40.7200809], [68.8598021, 40.7184179], [68.8615351, 40.7176183], [68.8665951, 40.7177296], [68.8692846, 40.7161145], [68.8682273, 40.7147771], [68.8628622, 40.716885], [68.8628203, 40.7154069], [68.8588704, 40.7153876], [68.8545036, 40.7124725], [68.85287, 40.7105992], [68.8527125, 40.7059621], [68.8528622, 40.701334], [68.8566731, 40.6988483], [68.855912, 40.6982245], [68.8446225, 40.6889696], [68.837962, 40.6929915], [68.837962, 40.6942931], [68.8331212, 40.6962584], [68.8331737, 40.7005524], [68.8305806, 40.7008004], [68.8281344, 40.7003612], [68.8282417, 40.7074048]]]}}, {"type": "Feature", "properties": {"name_uz": "Uchtepa", "name_en": "Uchtepa", "name_ru": "Учтепа", "osm_name": "Uchtepa", "osm_id": 2889050290, "osm_type": "node", "place": "town", "admin_level": null, "source": "overpass-node", "bbox": [67.876827, 40.185923, 67.947611, 40.239977]}, "geometry": {"type": "Point", "coordinates": [67.9122189, 40.2129497]}}, {"type": "Feature", "properties": {"name_uz": "Gozgon", "name_en": "Gazgan", "name_ru": "Газган", "osm_name": "Gʻozgʻon", "osm_id": 2248374493, "osm_type": "node", "place": "town", "admin_level": null, "source": "overpass-node", "bbox": [65.458409, 40.562394, 65.52959, 40.616448]}, "geometry": {"type": "Point", "coordinates": [65.4939992, 40.5894213]}}, {"type": "Feature", "properties": {"name_uz": "Mitan", "name_en": "Mitan", "name_ru": "Митан", "osm_name": "Mitan", "osm_id": 2299872959, "osm_type": "node", "place": "town", "admin_level": null, "source": "overpass-node", "bbox": [66.517722, 39.979635, 66.588292, 40.033689]}, "geometry": {"type": "Point", "coordinates": [66.5530071, 40.0066624]}}, {"type": "Feature", "properties": {"name_uz": "Osmat", "name_en": "Usmat", "name_ru": "Усмат", "osm_name": "Oʻsmat", "osm_id": 273478347, "osm_type": "way", "place": "town", "admin_level": null, "source": "overpass", "bbox": [67.63621, 39.734499, 67.656032, 39.76258]}, "geometry": {"type": "Polygon", "coordinates": [[[67.6436653, 39.7565967], [67.6389093, 39.7600401], [67.6401026, 39.7608899], [67.6382538, 39.7625805], [67.6370974, 39.7609038], [67.6368748, 39.7590864], [67.6367451, 39.7580268], [67.6372723, 39.7560289], [67.6367221, 39.7541631], [67.6362098, 39.749388], [67.6382153, 39.7452153], [67.636417, 39.7448458], [67.638363, 39.7391574], [67.6399859, 39.7344985], [67.6437093, 39.7347962], [67.6453626, 39.7354074], [67.6515955, 39.7384402], [67.6538466, 39.7391754], [67.656032, 39.7394067], [67.6553378, 39.7411333], [67.654765, 39.7432301], [67.655504, 39.7433287], [67.654667, 39.7456952], [67.653511, 39.746882], [67.6536107, 39.7497786], [67.6532957, 39.7505502], [67.6491569, 39.7505373], [67.6493718, 39.751749], [67.6490103, 39.7532154], [67.6466232, 39.7553285], [67.6436653, 39.7565967]]]}}, {"type": "Feature", "properties": {"name_uz": "Goliblar", "name_en": "Goliblar", "name_ru": "Голиблар", "osm_name": "G`oliblar", "osm_id": 246040641, "osm_type": "node", "place": "town", "admin_level": null, "source": "overpass-node", "bbox": [67.843658, 40.467229, 67.914738, 40.521283]}, "geometry": {"type": "Point", "coordinates": [67.879198, 40.4942563]}}, {"type": "Feature", "properties": {"name_uz": "Muruntov", "name_en": "Muruntau", "name_ru": "Мурунтау", "osm_name": "Muruntov", "osm_id": 1865904620, "osm_type": "node", "place": "town", "admin_level": null, "source": "overpass-node", "bbox": [64.565186, 41.502504, 64.637391, 41.556558]}, "geometry": {"type": "Point", "coordinates": [64.6012883, 41.5295313]}}, {"type": "Feature", "properties": {"name_uz": "Miraki", "name_en": "Miraki", "name_ru": "Мираки", "osm_name": "Miroqi", "osm_id": 471987738, "osm_type": "node", "place": "town", "admin_level": null, "source": "overpass-node", "bbox": [67.088811, 39.005785, 67.158397, 39.059839]}, "geometry": {"type": "Point", "coordinates": [67.123604, 39.0328116]}}, {"type": "Feature", "properties": {"name_uz": "Burchmullo", "name_en": "Burchmulla", "name_ru": "Бурчмулла", "osm_name": "Burchmullo", "osm_id": 96714742, "osm_type": "way", "place": "village", "admin_level": null, "source": "overpass", "bbox": [70.091052, 41.581792, 70.119496, 41.614322]}, "geometry": {"type": "Polygon", "coordinates": [[[70.0994474, 41.5963769], [70.0994749, 41.5964045], [70.0995105, 41.5964361], [70.0995266, 41.5964672], [70.0995313, 41.5964827], [70.0995266, 41.5965309], [70.0995158, 41.5965594], [70.0994984, 41.596586], [70.0994595, 41.5966226], [70.0994454, 41.5966422], [70.099432, 41.5966683], [70.0994253, 41.5967114], [70.0994347, 41.5967706], [70.0994468, 41.5968518], [70.0994495, 41.596926], [70.0994213, 41.5970133], [70.0993972, 41.5970664], [70.0993207, 41.5971988], [70.099251, 41.5973151], [70.0991692, 41.5975147], [70.0991088, 41.5975919], [70.0990981, 41.597622], [70.099082, 41.5976922], [70.099082, 41.5977925], [70.0990753, 41.5978748], [70.0990364, 41.5979841], [70.0989398, 41.5981054], [70.0987749, 41.598294], [70.0986139, 41.5985728], [70.0984557, 41.5988315], [70.0983149, 41.5989749], [70.0982371, 41.5990853], [70.0981861, 41.5992116], [70.0981218, 41.5993901], [70.0980708, 41.5996068], [70.0980279, 41.5998394], [70.0980198, 41.6000179], [70.0979635, 41.6001523], [70.0979045, 41.6002647], [70.0978509, 41.6003589], [70.0976256, 41.6005956], [70.0972849, 41.6009346], [70.097132, 41.6011191], [70.0969309, 41.6013437], [70.0967887, 41.6015122], [70.0967136, 41.6016085], [70.0966063, 41.6017469], [70.0964186, 41.6019595], [70.0962804, 41.602128], [70.0961798, 41.6022262], [70.0960779, 41.6023165], [70.0960162, 41.6023626], [70.0959277, 41.6024108], [70.0958607, 41.6024288], [70.0957265, 41.6024429], [70.0955924, 41.6024769], [70.0954691, 41.6025151], [70.0953725, 41.6025712], [70.095292, 41.6026294], [70.0951874, 41.6027417], [70.0950935, 41.602849], [70.0950547, 41.6029092], [70.0950386, 41.6029824], [70.0950359, 41.6030285], [70.0950439, 41.6031057], [70.0950694, 41.6031418], [70.0951378, 41.6031689], [70.0951995, 41.6032], [70.0952397, 41.6032251], [70.0952773, 41.6032762], [70.0953108, 41.6033213], [70.0953282, 41.6033604], [70.0953256, 41.6033915], [70.0953162, 41.6034216], [70.0952719, 41.6034367], [70.0952424, 41.6034357], [70.095174, 41.6034206], [70.0950345, 41.6033514], [70.0948803, 41.6032521], [70.0947744, 41.6031729], [70.0946684, 41.6031288], [70.094596, 41.6031037], [70.094533, 41.6030957], [70.0944297, 41.6030967], [70.0943157, 41.6031188], [70.0942285, 41.6031559], [70.0940703, 41.6032551], [70.0939603, 41.6033835], [70.0939187, 41.6034357], [70.0938088, 41.6035159], [70.0937095, 41.6035951], [70.0934373, 41.6037706], [70.093106, 41.6039651], [70.0927439, 41.6041557], [70.0924583, 41.6043893], [70.0923778, 41.6044686], [70.0923282, 41.6045157], [70.0922759, 41.6045498], [70.0921431, 41.6046089], [70.0919352, 41.6046591], [70.0918387, 41.6046882], [70.0917193, 41.6047213], [70.091608, 41.6047654], [70.091498, 41.6047975], [70.091431, 41.6048135], [70.0913894, 41.6048266], [70.0913545, 41.6048376], [70.0913157, 41.6048556], [70.091258, 41.6049118], [70.0912017, 41.6049609], [70.0911306, 41.6050612], [70.0910904, 41.6051134], [70.0910541, 41.6051916], [70.0910515, 41.6052547], [70.0910515, 41.6052949], [70.0910635, 41.6053139], [70.091085, 41.6053249], [70.0911359, 41.6053365], [70.0911742, 41.6053425], [70.0912204, 41.605343], [70.0913063, 41.605343], [70.09138, 41.605339], [70.0914994, 41.6052979], [70.0916523, 41.6052176], [70.0918521, 41.6051204], [70.092013, 41.6050452], [70.0921163, 41.604991], [70.0921834, 41.6049679], [70.0922249, 41.6049639], [70.0922786, 41.604972], [70.0923859, 41.6050101], [70.0926286, 41.6051745], [70.0932712, 41.6058958], [70.0933773, 41.6061015], [70.0933725, 41.6061568], [70.09318, 41.6065712], [70.0931664, 41.606658], [70.0935071, 41.6067977], [70.0933848, 41.6068989], [70.0933761, 41.6069788], [70.0938222, 41.6072832], [70.0944741, 41.6083314], [70.0946151, 41.608897], [70.0947583, 41.6090568], [70.0954662, 41.6092741], [70.095769, 41.6094375], [70.0960773, 41.6096062], [70.096971, 41.6099643], [70.097593, 41.6101736], [70.0981403, 41.6103468], [70.0984928, 41.6101459], [70.0995019, 41.6105068], [70.0995977, 41.6107281], [70.0997951, 41.6108105], [70.0998668, 41.6110208], [70.0999501, 41.6112799], [70.10008, 41.6114045], [70.1002863, 41.6119103], [70.1006728, 41.6123859], [70.1008986, 41.6124901], [70.1014426, 41.6126711], [70.101846, 41.6127586], [70.1021054, 41.6126919], [70.1025122, 41.6125429], [70.1030642, 41.6120901], [70.1030924, 41.6118309], [70.1030079, 41.6118109], [70.1029008, 41.6118527], [70.1027273, 41.6117992], [70.1021701, 41.6114963], [70.1028475, 41.611392], [70.103581, 41.6116709], [70.1035999, 41.6118203], [70.1032972, 41.6125977], [70.1030737, 41.6127876], [70.1027608, 41.6129836], [70.1030056, 41.613151], [70.1038603, 41.613139], [70.1039681, 41.613072], [70.1040325, 41.6126187], [70.104241, 41.6123054], [70.1044424, 41.6120709], [70.1048849, 41.6117071], [70.1056441, 41.6117563], [70.1060539, 41.6119334], [70.1062331, 41.6123364], [70.1066138, 41.6125733], [70.1074828, 41.6127457], [70.1084673, 41.612755], [70.1089708, 41.6130184], [70.1096087, 41.613346], [70.1098988, 41.6136994], [70.1103899, 41.6139643], [70.1107953, 41.6141284], [70.1110296, 41.6143223], [70.1111377, 41.614122], [70.1109099, 41.6136194], [70.1097111, 41.6127762], [70.1087135, 41.6123883], [70.1072219, 41.6117648], [70.1053008, 41.6113846], [70.1048514, 41.6112975], [70.1037147, 41.6112527], [70.1035434, 41.6111621], [70.1033802, 41.6108498], [70.1035434, 41.6102766], [70.1044327, 41.6088328], [70.1050887, 41.6084928], [70.1054022, 41.6080455], [70.1064764, 41.6075273], [70.1072312, 41.6069466], [70.1065272, 41.6066186], [70.106006, 41.6065133], [70.104016, 41.6076201], [70.1036079, 41.6076744], [70.1031368, 41.6082417], [70.1019236, 41.6077409], [70.1016676, 41.6079037], [70.100134, 41.6065153], [70.0999402, 41.6058999], [70.0999672, 41.6054193], [70.1001266, 41.6048097], [70.1007661, 41.6037839], [70.1028539, 41.6029114], [70.1028696, 41.601969], [70.1037931, 41.602116], [70.1038922, 41.6018252], [70.1042922, 41.601645], [70.1044279, 41.601447], [70.1047156, 41.6009355], [70.1046551, 41.6005548], [70.1051913, 41.5999523], [70.105293, 41.5997085], [70.1048957, 41.5994395], [70.1061378, 41.5975815], [70.1063948, 41.5956657], [70.1060531, 41.5954109], [70.1063387, 41.5938664], [70.1076587, 41.5939288], [70.1082515, 41.5938576], [70.1083624, 41.5932948], [70.1089449, 41.5921102], [70.1096066, 41.5907855], [70.1103889, 41.5898652], [70.1120428, 41.5885383], [70.1181342, 41.5865854], [70.1189887, 41.5865453], [70.1194962, 41.5862312], [70.1186901, 41.5855152], [70.1167353, 41.5853569], [70.1142363, 41.5817919], [70.1124181, 41.5827172], [70.1073243, 41.5874785], [70.1062811, 41.5878245], [70.104183, 41.5859597], [70.1020671, 41.58766], [70.1014991, 41.5894031], [70.1025362, 41.5903168], [70.1001526, 41.5916505], [70.1005064, 41.5921411], [70.1004392, 41.5923214], [70.1003708, 41.5924087], [70.1001911, 41.5925942], [70.0998545, 41.5929052], [70.0997324, 41.5930737], [70.0996734, 41.5932051], [70.0996225, 41.5933385], [70.0995487, 41.593522], [70.0995259, 41.5936263], [70.0994736, 41.5938941], [70.0994575, 41.5940586], [70.0994629, 41.5943234], [70.0994521, 41.594546], [70.0994682, 41.5948991], [70.0995058, 41.5950936], [70.099538, 41.5952651], [70.0995447, 41.5954778], [70.09955, 41.5956433], [70.0995393, 41.5957927], [70.099538, 41.5958418], [70.0995098, 41.595898], [70.0994943, 41.5959527], [70.0994913, 41.5959818], [70.0994562, 41.5960795], [70.099436, 41.5961909], [70.0994374, 41.5963067], [70.0994414, 41.5963453], [70.0994474, 41.5963769]]]}}, {"type": "Feature", "properties": {"name_uz": "Yangi Mirishkor", "name_en": "Yangi-Mirishkor", "name_ru": "Янги-Миришкор", "osm_name": "Yangi Mirishkor", "osm_id": 247157413, "osm_type": "node", "place": "town", "admin_level": null, "source": "overpass-node", "bbox": [65.236443, 38.823187, 65.305851, 38.877241]}, "geometry": {"type": "Point", "coordinates": [65.2711472, 38.8502137]}}, {"type": "Feature", "properties": {"name_uz": "Marjonbuloq", "name_en": "Mardzhanbulak", "name_ru": "Марджанбулак", "osm_name": "Marjonbuloq", "osm_id": 523260120, "osm_type": "way", "place": "town", "admin_level": null, "source": "overpass", "bbox": [67.413443, 39.928867, 67.441662, 39.945591]}, "geometry": {"type": "Polygon", "coordinates": [[[67.4134428, 39.9350374], [67.4143083, 39.9338958], [67.4153024, 39.9337785], [67.4165971, 39.932665], [67.4176615, 39.93164], [67.418609, 39.9305811], [67.4201774, 39.9288674], [67.4240455, 39.9305095], [67.4237967, 39.9307975], [67.4252736, 39.9308666], [67.4260354, 39.931171], [67.4267542, 39.9317469], [67.4269688, 39.9325285], [67.4284794, 39.9333633], [67.4283278, 39.9337595], [67.4322194, 39.9354081], [67.4320114, 39.9358768], [67.4340498, 39.9365595], [67.4340176, 39.9370367], [67.4364424, 39.9377441], [67.4385237, 39.9387148], [67.4368313, 39.9410379], [67.4402113, 39.9425729], [67.4416624, 39.9432381], [67.4408573, 39.9437861], [67.4388885, 39.9451268], [67.4388456, 39.9455915], [67.4364209, 39.9446538], [67.4368608, 39.9441521], [67.4357343, 39.9436586], [67.4351656, 39.9446456], [67.4346936, 39.9447608], [67.4318933, 39.9439218], [67.4315044, 39.9440576], [67.429685, 39.943385], [67.4300795, 39.9428954], [67.4263326, 39.9417229], [67.4248552, 39.941125], [67.4237823, 39.9402284], [67.4214093, 39.938769], [67.4174952, 39.9368968], [67.4134428, 39.9350374]]]}}, {"type": "Feature", "properties": {"name_uz": "Shorsuv", "name_en": "Shorsu", "name_ru": "Шорсу", "osm_name": "Sho'rsuv", "osm_id": 1885316772, "osm_type": "node", "place": "village", "admin_level": null, "source": "overpass-node", "bbox": [70.783368, 40.270443, 70.818797, 40.29747]}, "geometry": {"type": "Point", "coordinates": [70.8010823, 40.2839565]}}, {"type": "Feature", "properties": {"name_uz": "Navroz", "name_en": "Navruz", "name_ru": "Навруз", "osm_name": "Navro'z", "osm_id": 1979037163, "osm_type": "node", "place": "town", "admin_level": null, "source": "overpass-node", "bbox": [68.665466, 40.469242, 68.736548, 40.523296]}, "geometry": {"type": "Point", "coordinates": [68.7010069, 40.4962687]}}]}